intervento_id,codice_cliente,ore_intervento,data
INT-00001,CL-007,2.5,2025-01-02
INT-00002,CL-007,6.5,2025-01-02
INT-00003,CL-010,7.5,2025-01-02
INT-00004,CL-014,7.5,2025-01-02
INT-00005,CL-018,7,2025-01-02
INT-00006,CL-222,1,2025-01-02
INT-00007,CL-230,1.5,2025-01-02
INT-00008,CL-234,0.5,2025-01-02
INT-00009,CL-241,3,2025-01-02
INT-00010,CL-002,6,2025-01-03
INT-00011,CL-013,2.5,2025-01-03
INT-00012,CL-018,7,2025-01-03
INT-00013,CL-024,5,2025-01-03
INT-00014,CL-030,3.5,2025-01-03
INT-00015,CL-092,0.5,2025-01-03
INT-00016,CL-163,0.5,2025-01-03
INT-00017,CL-197,2.5,2025-01-03
INT-00018,CL-221,3,2025-01-03
INT-00019,CL-227,3,2025-01-03
INT-00020,CL-229,6.5,2025-01-03
INT-00021,CL-232,0.5,2025-01-03
INT-00022,CL-241,1.5,2025-01-03
INT-00023,CL-002,5.5,2025-01-07
INT-00024,CL-012,0.5,2025-01-07
INT-00025,CL-015,1,2025-01-07
INT-00026,CL-015,1,2025-01-07
INT-00027,CL-043,1.5,2025-01-07
INT-00028,CL-053,1,2025-01-07
INT-00029,CL-062,3,2025-01-07
INT-00030,CL-067,2,2025-01-07
INT-00031,CL-091,0.5,2025-01-07
INT-00032,CL-148,2.5,2025-01-07
INT-00033,CL-180,0.5,2025-01-07
INT-00034,CL-222,2.5,2025-01-07
INT-00035,CL-236,0.5,2025-01-07
INT-00036,CL-239,6.5,2025-01-07
INT-00037,CL-255,5.5,2025-01-07
INT-00038,CL-010,6,2025-01-08
INT-00039,CL-012,1,2025-01-08
INT-00040,CL-026,4.5,2025-01-08
INT-00041,CL-065,1.5,2025-01-08
INT-00042,CL-134,2,2025-01-08
INT-00043,CL-156,1,2025-01-08
INT-00044,CL-193,0.5,2025-01-08
INT-00045,CL-211,0.5,2025-01-08
INT-00046,CL-220,2,2025-01-08
INT-00047,CL-234,2,2025-01-08
INT-00048,CL-002,1.5,2025-01-09
INT-00049,CL-011,0.5,2025-01-09
INT-00050,CL-026,1,2025-01-09
INT-00051,CL-029,3.5,2025-01-09
INT-00052,CL-055,1,2025-01-09
INT-00053,CL-060,2.5,2025-01-09
INT-00054,CL-102,2.5,2025-01-09
INT-00055,CL-109,2,2025-01-09
INT-00056,CL-153,1,2025-01-09
INT-00057,CL-170,2.5,2025-01-09
INT-00058,CL-233,1,2025-01-09
INT-00059,CL-251,3,2025-01-09
INT-00060,CL-002,4,2025-01-10
INT-00061,CL-008,6,2025-01-10
INT-00062,CL-008,5,2025-01-10
INT-00063,CL-009,5,2025-01-10
INT-00064,CL-009,1,2025-01-10
INT-00065,CL-011,2,2025-01-10
INT-00066,CL-012,2,2025-01-10
INT-00067,CL-026,7,2025-01-10
INT-00068,CL-086,0.5,2025-01-10
INT-00069,CL-100,1,2025-01-10
INT-00070,CL-223,3,2025-01-10
INT-00071,CL-237,0.5,2025-01-10
INT-00072,CL-253,0.5,2025-01-10
INT-00073,CL-254,2.5,2025-01-10
INT-00074,CL-016,1.5,2025-01-13
INT-00075,CL-027,0.5,2025-01-13
INT-00076,CL-032,1.5,2025-01-13
INT-00077,CL-084,2.5,2025-01-13
INT-00078,CL-153,2.5,2025-01-13
INT-00079,CL-170,3,2025-01-13
INT-00080,CL-220,2,2025-01-13
INT-00081,CL-224,1.5,2025-01-13
INT-00082,CL-243,6.5,2025-01-13
INT-00083,CL-253,3.5,2025-01-13
INT-00084,CL-258,7,2025-01-13
INT-00085,CL-258,4,2025-01-13
INT-00086,CL-258,3,2025-01-13
INT-00087,CL-015,1.5,2025-01-14
INT-00088,CL-028,3,2025-01-14
INT-00089,CL-035,1,2025-01-14
INT-00090,CL-061,1.5,2025-01-14
INT-00091,CL-073,1,2025-01-14
INT-00092,CL-116,1,2025-01-14
INT-00093,CL-138,3,2025-01-14
INT-00094,CL-238,6.5,2025-01-14
INT-00095,CL-240,1.5,2025-01-14
INT-00096,CL-245,2.5,2025-01-14
INT-00097,CL-245,4,2025-01-14
INT-00098,CL-248,1.5,2025-01-14
INT-00099,CL-001,2,2025-01-15
INT-00100,CL-003,5,2025-01-15
INT-00101,CL-011,8,2025-01-15
INT-00102,CL-016,2.5,2025-01-15
INT-00103,CL-028,2.5,2025-01-15
INT-00104,CL-185,0.5,2025-01-15
INT-00105,CL-221,0.5,2025-01-15
INT-00106,CL-228,0.5,2025-01-15
INT-00107,CL-255,4.5,2025-01-15
INT-00108,CL-257,1.5,2025-01-15
INT-00109,CL-018,6,2025-01-16
INT-00110,CL-019,4.5,2025-01-16
INT-00111,CL-021,4,2025-01-16
INT-00112,CL-026,6,2025-01-16
INT-00113,CL-032,8,2025-01-16
INT-00114,CL-095,1.5,2025-01-16
INT-00115,CL-004,4.5,2025-01-17
INT-00116,CL-006,2,2025-01-17
INT-00117,CL-008,6.5,2025-01-17
INT-00118,CL-055,1,2025-01-17
INT-00119,CL-097,1.5,2025-01-17
INT-00120,CL-152,1,2025-01-17
INT-00121,CL-161,1.5,2025-01-17
INT-00122,CL-243,4.5,2025-01-17
INT-00123,CL-246,5,2025-01-17
INT-00124,CL-010,2.5,2025-01-20
INT-00125,CL-011,1,2025-01-20
INT-00126,CL-039,2,2025-01-20
INT-00127,CL-127,2.5,2025-01-20
INT-00128,CL-153,1,2025-01-20
INT-00129,CL-168,0.5,2025-01-20
INT-00130,CL-191,1,2025-01-20
INT-00131,CL-223,2,2025-01-20
INT-00132,CL-244,3.5,2025-01-20
INT-00133,CL-246,2.5,2025-01-20
INT-00134,CL-251,1,2025-01-20
INT-00135,CL-253,8,2025-01-20
INT-00136,CL-005,1,2025-01-21
INT-00137,CL-016,7.5,2025-01-21
INT-00138,CL-030,6.5,2025-01-21
INT-00139,CL-031,3,2025-01-21
INT-00140,CL-066,0.5,2025-01-21
INT-00141,CL-093,2.5,2025-01-21
INT-00142,CL-216,1.5,2025-01-21
INT-00143,CL-222,2.5,2025-01-21
INT-00144,CL-255,5.5,2025-01-21
INT-00145,CL-013,4.5,2025-01-22
INT-00146,CL-020,4.5,2025-01-22
INT-00147,CL-021,4,2025-01-22
INT-00148,CL-040,2.5,2025-01-22
INT-00149,CL-068,3,2025-01-22
INT-00150,CL-159,1.5,2025-01-22
INT-00151,CL-190,2.5,2025-01-22
INT-00152,CL-212,1.5,2025-01-22
INT-00153,CL-224,7.5,2025-01-22
INT-00154,CL-006,6,2025-01-23
INT-00155,CL-015,1,2025-01-23
INT-00156,CL-057,1.5,2025-01-23
INT-00157,CL-101,2.5,2025-01-23
INT-00158,CL-145,2.5,2025-01-23
INT-00159,CL-197,0.5,2025-01-23
INT-00160,CL-232,0.5,2025-01-23
INT-00161,CL-239,4,2025-01-23
INT-00162,CL-240,3,2025-01-23
INT-00163,CL-252,5.5,2025-01-23
INT-00164,CL-003,8,2025-01-24
INT-00165,CL-004,1,2025-01-24
INT-00166,CL-005,1,2025-01-24
INT-00167,CL-007,0.5,2025-01-24
INT-00168,CL-019,2.5,2025-01-24
INT-00169,CL-019,1,2025-01-24
INT-00170,CL-019,7,2025-01-24
INT-00171,CL-028,7.5,2025-01-24
INT-00172,CL-047,2,2025-01-24
INT-00173,CL-048,1,2025-01-24
INT-00174,CL-056,2,2025-01-24
INT-00175,CL-069,1,2025-01-24
INT-00176,CL-091,0.5,2025-01-24
INT-00177,CL-096,3,2025-01-24
INT-00178,CL-172,1,2025-01-24
INT-00179,CL-179,1.5,2025-01-24
INT-00180,CL-184,2.5,2025-01-24
INT-00181,CL-213,2,2025-01-24
INT-00182,CL-228,4.5,2025-01-24
INT-00183,CL-232,2,2025-01-24
INT-00184,CL-235,7.5,2025-01-24
INT-00185,CL-236,3,2025-01-24
INT-00186,CL-249,6.5,2025-01-24
INT-00187,CL-001,1,2025-01-27
INT-00188,CL-030,0.5,2025-01-27
INT-00189,CL-033,7,2025-01-27
INT-00190,CL-036,3,2025-01-27
INT-00191,CL-060,2.5,2025-01-27
INT-00192,CL-075,1.5,2025-01-27
INT-00193,CL-083,1,2025-01-27
INT-00194,CL-106,2,2025-01-27
INT-00195,CL-229,2,2025-01-27
INT-00196,CL-232,1.5,2025-01-27
INT-00197,CL-232,2.5,2025-01-27
INT-00198,CL-252,7,2025-01-27
INT-00199,CL-020,5,2025-01-28
INT-00200,CL-155,1,2025-01-28
INT-00201,CL-157,1,2025-01-28
INT-00202,CL-193,2,2025-01-28
INT-00203,CL-258,2,2025-01-28
INT-00204,CL-258,3,2025-01-28
INT-00205,CL-014,1.5,2025-01-29
INT-00206,CL-024,6,2025-01-29
INT-00207,CL-026,3.5,2025-01-29
INT-00208,CL-069,2,2025-01-29
INT-00209,CL-070,1.5,2025-01-29
INT-00210,CL-091,1.5,2025-01-29
INT-00211,CL-109,3,2025-01-29
INT-00212,CL-131,2,2025-01-29
INT-00213,CL-182,2,2025-01-29
INT-00214,CL-199,1.5,2025-01-29
INT-00215,CL-250,3,2025-01-29
INT-00216,CL-022,2,2025-01-30
INT-00217,CL-054,0.5,2025-01-30
INT-00218,CL-103,0.5,2025-01-30
INT-00219,CL-184,0.5,2025-01-30
INT-00220,CL-224,7,2025-01-30
INT-00221,CL-240,3,2025-01-30
INT-00222,CL-242,2.5,2025-01-30
INT-00223,CL-030,1,2025-01-31
INT-00224,CL-032,3.5,2025-01-31
INT-00225,CL-042,2.5,2025-01-31
INT-00226,CL-046,3,2025-01-31
INT-00227,CL-119,3,2025-01-31
INT-00228,CL-131,3,2025-01-31
INT-00229,CL-155,1.5,2025-01-31
INT-00230,CL-010,4.5,2025-02-03
INT-00231,CL-012,1,2025-02-03
INT-00232,CL-014,7.5,2025-02-03
INT-00233,CL-020,2,2025-02-03
INT-00234,CL-028,4.5,2025-02-03
INT-00235,CL-088,3,2025-02-03
INT-00236,CL-091,0.5,2025-02-03
INT-00237,CL-091,1,2025-02-03
INT-00238,CL-132,3,2025-02-03
INT-00239,CL-162,2.5,2025-02-03
INT-00240,CL-165,3,2025-02-03
INT-00241,CL-172,1.5,2025-02-03
INT-00242,CL-181,0.5,2025-02-03
INT-00243,CL-198,2.5,2025-02-03
INT-00244,CL-228,8,2025-02-03
INT-00245,CL-241,1,2025-02-03
INT-00246,CL-009,2,2025-02-04
INT-00247,CL-020,8,2025-02-04
INT-00248,CL-070,1.5,2025-02-04
INT-00249,CL-101,1.5,2025-02-04
INT-00250,CL-233,2.5,2025-02-04
INT-00251,CL-249,2,2025-02-04
INT-00252,CL-014,6,2025-02-05
INT-00253,CL-016,7,2025-02-05
INT-00254,CL-023,3,2025-02-05
INT-00255,CL-028,1.5,2025-02-05
INT-00256,CL-076,2.5,2025-02-05
INT-00257,CL-103,2,2025-02-05
INT-00258,CL-124,0.5,2025-02-05
INT-00259,CL-144,1,2025-02-05
INT-00260,CL-158,0.5,2025-02-05
INT-00261,CL-160,0.5,2025-02-05
INT-00262,CL-186,2.5,2025-02-05
INT-00263,CL-233,1,2025-02-05
INT-00264,CL-238,5,2025-02-05
INT-00265,CL-001,1,2025-02-06
INT-00266,CL-010,7.5,2025-02-06
INT-00267,CL-017,3,2025-02-06
INT-00268,CL-026,0.5,2025-02-06
INT-00269,CL-047,3,2025-02-06
INT-00270,CL-054,0.5,2025-02-06
INT-00271,CL-069,0.5,2025-02-06
INT-00272,CL-082,0.5,2025-02-06
INT-00273,CL-185,1.5,2025-02-06
INT-00274,CL-194,1.5,2025-02-06
INT-00275,CL-199,0.5,2025-02-06
INT-00276,CL-208,3,2025-02-06
INT-00277,CL-232,1,2025-02-06
INT-00278,CL-235,2,2025-02-06
INT-00279,CL-245,6.5,2025-02-06
INT-00280,CL-258,3.5,2025-02-06
INT-00281,CL-053,1.5,2025-02-07
INT-00282,CL-063,2.5,2025-02-07
INT-00283,CL-074,1,2025-02-07
INT-00284,CL-081,2,2025-02-07
INT-00285,CL-147,2.5,2025-02-07
INT-00286,CL-161,2,2025-02-07
INT-00287,CL-174,1,2025-02-07
INT-00288,CL-213,0.5,2025-02-07
INT-00289,CL-234,3,2025-02-07
INT-00290,CL-241,2,2025-02-07
INT-00291,CL-249,0.5,2025-02-07
INT-00292,CL-017,3.5,2025-02-10
INT-00293,CL-027,1.5,2025-02-10
INT-00294,CL-038,2.5,2025-02-10
INT-00295,CL-040,3,2025-02-10
INT-00296,CL-120,0.5,2025-02-10
INT-00297,CL-158,0.5,2025-02-10
INT-00298,CL-194,2,2025-02-10
INT-00299,CL-231,2,2025-02-10
INT-00300,CL-247,1.5,2025-02-10
INT-00301,CL-001,3,2025-02-11
INT-00302,CL-007,6,2025-02-11
INT-00303,CL-014,6.5,2025-02-11
INT-00304,CL-023,5,2025-02-11
INT-00305,CL-043,3,2025-02-11
INT-00306,CL-093,1,2025-02-11
INT-00307,CL-111,2,2025-02-11
INT-00308,CL-114,3,2025-02-11
INT-00309,CL-157,1.5,2025-02-11
INT-00310,CL-183,3,2025-02-11
INT-00311,CL-202,1,2025-02-11
INT-00312,CL-224,7.5,2025-02-11
INT-00313,CL-225,2,2025-02-11
INT-00314,CL-243,2.5,2025-02-11
INT-00315,CL-005,2,2025-02-12
INT-00316,CL-040,1,2025-02-12
INT-00317,CL-064,3,2025-02-12
INT-00318,CL-080,1.5,2025-02-12
INT-00319,CL-098,1.5,2025-02-12
INT-00320,CL-112,1.5,2025-02-12
INT-00321,CL-134,1,2025-02-12
INT-00322,CL-135,1,2025-02-12
INT-00323,CL-174,1,2025-02-12
INT-00324,CL-216,1.5,2025-02-12
INT-00325,CL-230,6,2025-02-12
INT-00326,CL-238,2.5,2025-02-12
INT-00327,CL-249,4,2025-02-12
INT-00328,CL-255,7.5,2025-02-12
INT-00329,CL-256,1,2025-02-12
INT-00330,CL-008,4,2025-02-13
INT-00331,CL-022,4.5,2025-02-13
INT-00332,CL-108,0.5,2025-02-13
INT-00333,CL-202,2,2025-02-13
INT-00334,CL-206,2.5,2025-02-13
INT-00335,CL-211,1.5,2025-02-13
INT-00336,CL-212,2.5,2025-02-13
INT-00337,CL-244,6,2025-02-13
INT-00338,CL-001,1,2025-02-14
INT-00339,CL-006,2.5,2025-02-14
INT-00340,CL-016,4,2025-02-14
INT-00341,CL-026,8,2025-02-14
INT-00342,CL-036,2,2025-02-14
INT-00343,CL-066,1.5,2025-02-14
INT-00344,CL-109,0.5,2025-02-14
INT-00345,CL-150,2.5,2025-02-14
INT-00346,CL-221,5.5,2025-02-14
INT-00347,CL-233,1,2025-02-14
INT-00348,CL-236,2.5,2025-02-14
INT-00349,CL-250,7.5,2025-02-14
INT-00350,CL-252,6,2025-02-14
INT-00351,CL-253,3.5,2025-02-14
INT-00352,CL-004,0.5,2025-02-17
INT-00353,CL-004,4,2025-02-17
INT-00354,CL-005,5.5,2025-02-17
INT-00355,CL-005,4.5,2025-02-17
INT-00356,CL-009,8,2025-02-17
INT-00357,CL-021,4.5,2025-02-17
INT-00358,CL-034,2,2025-02-17
INT-00359,CL-040,0.5,2025-02-17
INT-00360,CL-091,2.5,2025-02-17
INT-00361,CL-139,2.5,2025-02-17
INT-00362,CL-172,2.5,2025-02-17
INT-00363,CL-221,6,2025-02-17
INT-00364,CL-230,7.5,2025-02-17
INT-00365,CL-235,6.5,2025-02-17
INT-00366,CL-005,7,2025-02-18
INT-00367,CL-009,7,2025-02-18
INT-00368,CL-014,3.5,2025-02-18
INT-00369,CL-045,1,2025-02-18
INT-00370,CL-062,1.5,2025-02-18
INT-00371,CL-067,0.5,2025-02-18
INT-00372,CL-120,3,2025-02-18
INT-00373,CL-177,0.5,2025-02-18
INT-00374,CL-189,3,2025-02-18
INT-00375,CL-257,3,2025-02-18
INT-00376,CL-005,7.5,2025-02-19
INT-00377,CL-125,2,2025-02-19
INT-00378,CL-127,0.5,2025-02-19
INT-00379,CL-145,1,2025-02-19
INT-00380,CL-235,8,2025-02-19
INT-00381,CL-254,1,2025-02-19
INT-00382,CL-013,1,2025-02-20
INT-00383,CL-014,4.5,2025-02-20
INT-00384,CL-162,0.5,2025-02-20
INT-00385,CL-164,1,2025-02-20
INT-00386,CL-209,0.5,2025-02-20
INT-00387,CL-213,3,2025-02-20
INT-00388,CL-015,2,2025-02-21
INT-00389,CL-017,6,2025-02-21
INT-00390,CL-031,3,2025-02-21
INT-00391,CL-062,0.5,2025-02-21
INT-00392,CL-195,2,2025-02-21
INT-00393,CL-219,8,2025-02-21
INT-00394,CL-229,3.5,2025-02-21
INT-00395,CL-230,1,2025-02-21
INT-00396,CL-002,5.5,2025-02-24
INT-00397,CL-010,3,2025-02-24
INT-00398,CL-012,1.5,2025-02-24
INT-00399,CL-034,3.5,2025-02-24
INT-00400,CL-054,0.5,2025-02-24
INT-00401,CL-074,1.5,2025-02-24
INT-00402,CL-098,0.5,2025-02-24
INT-00403,CL-194,3,2025-02-24
INT-00404,CL-246,3.5,2025-02-24
INT-00405,CL-253,5.5,2025-02-24
INT-00406,CL-257,3,2025-02-24
INT-00407,CL-002,1.5,2025-02-25
INT-00408,CL-007,4.5,2025-02-25
INT-00409,CL-009,6.5,2025-02-25
INT-00410,CL-022,0.5,2025-02-25
INT-00411,CL-035,2,2025-02-25
INT-00412,CL-086,2,2025-02-25
INT-00413,CL-149,3,2025-02-25
INT-00414,CL-164,3,2025-02-25
INT-00415,CL-194,0.5,2025-02-25
INT-00416,CL-228,7,2025-02-25
INT-00417,CL-247,0.5,2025-02-25
INT-00418,CL-003,5.5,2025-02-26
INT-00419,CL-014,4,2025-02-26
INT-00420,CL-172,0.5,2025-02-26
INT-00421,CL-209,2,2025-02-26
INT-00422,CL-224,1,2025-02-26
INT-00423,CL-252,3.5,2025-02-26
INT-00424,CL-254,0.5,2025-02-26
INT-00425,CL-004,2.5,2025-02-27
INT-00426,CL-004,2.5,2025-02-27
INT-00427,CL-009,3.5,2025-02-27
INT-00428,CL-043,1,2025-02-27
INT-00429,CL-089,0.5,2025-02-27
INT-00430,CL-112,1.5,2025-02-27
INT-00431,CL-213,1,2025-02-27
INT-00432,CL-218,1.5,2025-02-27
INT-00433,CL-223,3,2025-02-27
INT-00434,CL-252,7.5,2025-02-27
INT-00435,CL-255,7,2025-02-27
INT-00436,CL-014,7.5,2025-02-28
INT-00437,CL-043,0.5,2025-02-28
INT-00438,CL-062,3,2025-02-28
INT-00439,CL-160,1,2025-02-28
INT-00440,CL-167,2,2025-02-28
INT-00441,CL-174,0.5,2025-02-28
INT-00442,CL-205,2,2025-02-28
INT-00443,CL-237,7,2025-02-28
INT-00444,CL-246,2.5,2025-02-28
INT-00445,CL-251,2,2025-02-28
INT-00446,CL-003,4.5,2025-03-03
INT-00447,CL-005,5.5,2025-03-03
INT-00448,CL-008,7.5,2025-03-03
INT-00449,CL-011,2.5,2025-03-03
INT-00450,CL-026,6,2025-03-03
INT-00451,CL-028,1,2025-03-03
INT-00452,CL-087,1,2025-03-03
INT-00453,CL-100,0.5,2025-03-03
INT-00454,CL-150,0.5,2025-03-03
INT-00455,CL-209,2.5,2025-03-03
INT-00456,CL-225,2.5,2025-03-03
INT-00457,CL-251,1,2025-03-03
INT-00458,CL-252,3,2025-03-03
INT-00459,CL-007,3,2025-03-04
INT-00460,CL-018,3.5,2025-03-04
INT-00461,CL-032,8,2025-03-04
INT-00462,CL-050,1,2025-03-04
INT-00463,CL-126,2,2025-03-04
INT-00464,CL-167,0.5,2025-03-04
INT-00465,CL-183,0.5,2025-03-04
INT-00466,CL-187,0.5,2025-03-04
INT-00467,CL-242,4.5,2025-03-04
INT-00468,CL-247,0.5,2025-03-04
INT-00469,CL-010,4.5,2025-03-05
INT-00470,CL-050,1.5,2025-03-05
INT-00471,CL-068,2.5,2025-03-05
INT-00472,CL-089,0.5,2025-03-05
INT-00473,CL-237,6,2025-03-05
INT-00474,CL-248,1.5,2025-03-05
INT-00475,CL-002,4,2025-03-06
INT-00476,CL-007,8,2025-03-06
INT-00477,CL-008,8,2025-03-06
INT-00478,CL-014,7,2025-03-06
INT-00479,CL-016,7,2025-03-06
INT-00480,CL-026,3,2025-03-06
INT-00481,CL-092,2,2025-03-06
INT-00482,CL-098,3,2025-03-06
INT-00483,CL-119,3,2025-03-06
INT-00484,CL-132,1.5,2025-03-06
INT-00485,CL-147,2.5,2025-03-06
INT-00486,CL-224,5,2025-03-06
INT-00487,CL-237,6,2025-03-06
INT-00488,CL-002,2,2025-03-07
INT-00489,CL-020,3.5,2025-03-07
INT-00490,CL-028,1,2025-03-07
INT-00491,CL-169,3,2025-03-07
INT-00492,CL-219,8,2025-03-07
INT-00493,CL-230,6.5,2025-03-07
INT-00494,CL-007,7,2025-03-10
INT-00495,CL-018,5.5,2025-03-10
INT-00496,CL-025,2,2025-03-10
INT-00497,CL-044,1,2025-03-10
INT-00498,CL-061,1,2025-03-10
INT-00499,CL-065,1.5,2025-03-10
INT-00500,CL-093,1,2025-03-10
INT-00501,CL-114,1.5,2025-03-10
INT-00502,CL-117,0.5,2025-03-10
INT-00503,CL-122,0.5,2025-03-10
INT-00504,CL-141,2,2025-03-10
INT-00505,CL-155,2.5,2025-03-10
INT-00506,CL-161,1,2025-03-10
INT-00507,CL-185,1,2025-03-10
INT-00508,CL-212,1,2025-03-10
INT-00509,CL-222,2.5,2025-03-10
INT-00510,CL-232,2.5,2025-03-10
INT-00511,CL-001,2.5,2025-03-11
INT-00512,CL-006,1.5,2025-03-11
INT-00513,CL-007,7,2025-03-11
INT-00514,CL-014,8,2025-03-11
INT-00515,CL-023,0.5,2025-03-11
INT-00516,CL-062,0.5,2025-03-11
INT-00517,CL-109,2.5,2025-03-11
INT-00518,CL-110,3,2025-03-11
INT-00519,CL-174,1,2025-03-11
INT-00520,CL-003,5.5,2025-03-12
INT-00521,CL-008,3.5,2025-03-12
INT-00522,CL-009,8,2025-03-12
INT-00523,CL-014,4.5,2025-03-12
INT-00524,CL-015,2,2025-03-12
INT-00525,CL-017,1,2025-03-12
INT-00526,CL-095,2.5,2025-03-12
INT-00527,CL-221,1,2025-03-12
INT-00528,CL-228,2.5,2025-03-12
INT-00529,CL-233,0.5,2025-03-12
INT-00530,CL-254,1,2025-03-12
INT-00531,CL-002,6.5,2025-03-13
INT-00532,CL-022,8,2025-03-13
INT-00533,CL-033,1.5,2025-03-13
INT-00534,CL-079,1.5,2025-03-13
INT-00535,CL-129,1.5,2025-03-13
INT-00536,CL-209,1.5,2025-03-13
INT-00537,CL-223,1.5,2025-03-13
INT-00538,CL-225,1,2025-03-13
INT-00539,CL-008,5.5,2025-03-14
INT-00540,CL-034,7.5,2025-03-14
INT-00541,CL-085,1.5,2025-03-14
INT-00542,CL-087,1.5,2025-03-14
INT-00543,CL-101,3,2025-03-14
INT-00544,CL-122,1.5,2025-03-14
INT-00545,CL-132,1,2025-03-14
INT-00546,CL-153,1.5,2025-03-14
INT-00547,CL-175,1.5,2025-03-14
INT-00548,CL-226,7,2025-03-14
INT-00549,CL-230,0.5,2025-03-14
INT-00550,CL-026,1.5,2025-03-17
INT-00551,CL-175,3,2025-03-17
INT-00552,CL-180,2.5,2025-03-17
INT-00553,CL-183,2,2025-03-17
INT-00554,CL-209,1,2025-03-17
INT-00555,CL-224,2,2025-03-17
INT-00556,CL-242,2.5,2025-03-17
INT-00557,CL-251,1.5,2025-03-17
INT-00558,CL-253,3.5,2025-03-17
INT-00559,CL-012,2.5,2025-03-18
INT-00560,CL-014,7,2025-03-18
INT-00561,CL-017,5,2025-03-18
INT-00562,CL-020,6.5,2025-03-18
INT-00563,CL-116,3,2025-03-18
INT-00564,CL-122,2,2025-03-18
INT-00565,CL-175,2,2025-03-18
INT-00566,CL-179,2,2025-03-18
INT-00567,CL-206,2,2025-03-18
INT-00568,CL-233,0.5,2025-03-18
INT-00569,CL-020,5.5,2025-03-19
INT-00570,CL-028,3.5,2025-03-19
INT-00571,CL-033,4.5,2025-03-19
INT-00572,CL-077,1,2025-03-19
INT-00573,CL-080,1.5,2025-03-19
INT-00574,CL-117,0.5,2025-03-19
INT-00575,CL-125,2.5,2025-03-19
INT-00576,CL-133,1.5,2025-03-19
INT-00577,CL-146,1.5,2025-03-19
INT-00578,CL-220,2.5,2025-03-19
INT-00579,CL-256,2,2025-03-19
INT-00580,CL-004,6,2025-03-20
INT-00581,CL-009,8,2025-03-20
INT-00582,CL-011,1,2025-03-20
INT-00583,CL-044,2.5,2025-03-20
INT-00584,CL-104,0.5,2025-03-20
INT-00585,CL-185,1,2025-03-20
INT-00586,CL-224,4.5,2025-03-20
INT-00587,CL-225,1.5,2025-03-20
INT-00588,CL-226,5,2025-03-20
INT-00589,CL-234,1,2025-03-20
INT-00590,CL-243,7,2025-03-20
INT-00591,CL-244,3.5,2025-03-20
INT-00592,CL-251,1.5,2025-03-20
INT-00593,CL-001,1,2025-03-21
INT-00594,CL-007,1,2025-03-21
INT-00595,CL-014,0.5,2025-03-21
INT-00596,CL-020,3.5,2025-03-21
INT-00597,CL-033,4,2025-03-21
INT-00598,CL-043,1,2025-03-21
INT-00599,CL-150,2,2025-03-21
INT-00600,CL-161,0.5,2025-03-21
INT-00601,CL-181,0.5,2025-03-21
INT-00602,CL-200,1.5,2025-03-21
INT-00603,CL-220,1,2025-03-21
INT-00604,CL-223,1.5,2025-03-21
INT-00605,CL-005,3,2025-03-24
INT-00606,CL-012,1.5,2025-03-24
INT-00607,CL-013,1,2025-03-24
INT-00608,CL-019,5.5,2025-03-24
INT-00609,CL-031,2.5,2025-03-24
INT-00610,CL-043,2,2025-03-24
INT-00611,CL-209,1.5,2025-03-24
INT-00612,CL-222,2.5,2025-03-24
INT-00613,CL-227,2.5,2025-03-24
INT-00614,CL-227,1,2025-03-24
INT-00615,CL-014,1,2025-03-25
INT-00616,CL-015,3,2025-03-25
INT-00617,CL-022,5.5,2025-03-25
INT-00618,CL-026,5.5,2025-03-25
INT-00619,CL-041,3,2025-03-25
INT-00620,CL-054,0.5,2025-03-25
INT-00621,CL-086,1.5,2025-03-25
INT-00622,CL-139,1.5,2025-03-25
INT-00623,CL-147,2.5,2025-03-25
INT-00624,CL-166,1.5,2025-03-25
INT-00625,CL-217,1.5,2025-03-25
INT-00626,CL-238,4,2025-03-25
INT-00627,CL-254,1.5,2025-03-25
INT-00628,CL-003,3.5,2025-03-26
INT-00629,CL-004,5,2025-03-26
INT-00630,CL-026,6.5,2025-03-26
INT-00631,CL-026,1.5,2025-03-26
INT-00632,CL-027,2,2025-03-26
INT-00633,CL-067,1,2025-03-26
INT-00634,CL-077,3,2025-03-26
INT-00635,CL-150,1,2025-03-26
INT-00636,CL-184,0.5,2025-03-26
INT-00637,CL-191,2,2025-03-26
INT-00638,CL-206,0.5,2025-03-26
INT-00639,CL-226,8,2025-03-26
INT-00640,CL-245,0.5,2025-03-26
INT-00641,CL-249,8,2025-03-26
INT-00642,CL-258,1.5,2025-03-26
INT-00643,CL-004,4.5,2025-03-27
INT-00644,CL-005,2,2025-03-27
INT-00645,CL-007,1.5,2025-03-27
INT-00646,CL-065,1,2025-03-27
INT-00647,CL-140,1.5,2025-03-27
INT-00648,CL-156,0.5,2025-03-27
INT-00649,CL-163,3,2025-03-27
INT-00650,CL-164,0.5,2025-03-27
INT-00651,CL-220,2.5,2025-03-27
INT-00652,CL-239,2.5,2025-03-27
INT-00653,CL-240,1.5,2025-03-27
INT-00654,CL-009,3.5,2025-03-28
INT-00655,CL-014,2.5,2025-03-28
INT-00656,CL-020,4,2025-03-28
INT-00657,CL-104,1.5,2025-03-28
INT-00658,CL-111,0.5,2025-03-28
INT-00659,CL-178,2,2025-03-28
INT-00660,CL-200,1.5,2025-03-28
INT-00661,CL-225,1,2025-03-28
INT-00662,CL-242,4,2025-03-28
INT-00663,CL-244,7.5,2025-03-28
INT-00664,CL-252,7.5,2025-03-28
INT-00665,CL-009,4,2025-03-31
INT-00666,CL-014,7.5,2025-03-31
INT-00667,CL-196,2.5,2025-03-31
INT-00668,CL-214,1.5,2025-03-31
INT-00669,CL-228,0.5,2025-03-31
INT-00670,CL-257,1.5,2025-03-31
INT-00671,CL-003,0.5,2025-04-01
INT-00672,CL-008,1.5,2025-04-01
INT-00673,CL-028,3,2025-04-01
INT-00674,CL-034,4,2025-04-01
INT-00675,CL-055,2,2025-04-01
INT-00676,CL-059,1.5,2025-04-01
INT-00677,CL-077,0.5,2025-04-01
INT-00678,CL-210,1,2025-04-01
INT-00679,CL-249,4,2025-04-01
INT-00680,CL-003,5.5,2025-04-02
INT-00681,CL-014,0.5,2025-04-02
INT-00682,CL-022,3.5,2025-04-02
INT-00683,CL-026,7.5,2025-04-02
INT-00684,CL-027,0.5,2025-04-02
INT-00685,CL-076,2,2025-04-02
INT-00686,CL-109,2.5,2025-04-02
INT-00687,CL-194,1,2025-04-02
INT-00688,CL-207,2,2025-04-02
INT-00689,CL-219,7,2025-04-02
INT-00690,CL-222,1.5,2025-04-02
INT-00691,CL-229,2.5,2025-04-02
INT-00692,CL-234,2.5,2025-04-02
INT-00693,CL-243,8,2025-04-02
INT-00694,CL-245,8,2025-04-02
INT-00695,CL-001,1,2025-04-03
INT-00696,CL-022,5.5,2025-04-03
INT-00697,CL-026,1.5,2025-04-03
INT-00698,CL-038,1,2025-04-03
INT-00699,CL-057,2.5,2025-04-03
INT-00700,CL-113,3,2025-04-03
INT-00701,CL-137,1,2025-04-03
INT-00702,CL-169,1,2025-04-03
INT-00703,CL-172,2,2025-04-03
INT-00704,CL-181,2,2025-04-03
INT-00705,CL-231,2,2025-04-03
INT-00706,CL-250,6,2025-04-03
INT-00707,CL-002,8,2025-04-04
INT-00708,CL-004,1.5,2025-04-04
INT-00709,CL-018,5.5,2025-04-04
INT-00710,CL-019,2.5,2025-04-04
INT-00711,CL-031,3.5,2025-04-04
INT-00712,CL-043,0.5,2025-04-04
INT-00713,CL-153,2,2025-04-04
INT-00714,CL-007,8,2025-04-07
INT-00715,CL-011,4.5,2025-04-07
INT-00716,CL-014,5.5,2025-04-07
INT-00717,CL-020,5,2025-04-07
INT-00718,CL-021,2.5,2025-04-07
INT-00719,CL-026,1.5,2025-04-07
INT-00720,CL-028,2.5,2025-04-07
INT-00721,CL-098,0.5,2025-04-07
INT-00722,CL-101,1,2025-04-07
INT-00723,CL-141,2,2025-04-07
INT-00724,CL-203,1.5,2025-04-07
INT-00725,CL-014,6.5,2025-04-08
INT-00726,CL-014,0.5,2025-04-08
INT-00727,CL-020,2.5,2025-04-08
INT-00728,CL-024,1,2025-04-08
INT-00729,CL-037,0.5,2025-04-08
INT-00730,CL-219,3,2025-04-08
INT-00731,CL-238,8,2025-04-08
INT-00732,CL-002,7,2025-04-09
INT-00733,CL-020,3.5,2025-04-09
INT-00734,CL-061,3,2025-04-09
INT-00735,CL-099,2.5,2025-04-09
INT-00736,CL-117,1.5,2025-04-09
INT-00737,CL-130,1.5,2025-04-09
INT-00738,CL-183,2.5,2025-04-09
INT-00739,CL-242,2,2025-04-09
INT-00740,CL-006,6,2025-04-10
INT-00741,CL-012,0.5,2025-04-10
INT-00742,CL-026,1.5,2025-04-10
INT-00743,CL-082,0.5,2025-04-10
INT-00744,CL-103,0.5,2025-04-10
INT-00745,CL-109,0.5,2025-04-10
INT-00746,CL-157,0.5,2025-04-10
INT-00747,CL-173,0.5,2025-04-10
INT-00748,CL-201,0.5,2025-04-10
INT-00749,CL-219,2.5,2025-04-10
INT-00750,CL-232,1,2025-04-10
INT-00751,CL-239,7,2025-04-10
INT-00752,CL-023,0.5,2025-04-11
INT-00753,CL-026,7.5,2025-04-11
INT-00754,CL-121,0.5,2025-04-11
INT-00755,CL-143,1,2025-04-11
INT-00756,CL-175,0.5,2025-04-11
INT-00757,CL-209,1,2025-04-11
INT-00758,CL-225,2,2025-04-11
INT-00759,CL-002,2.5,2025-04-14
INT-00760,CL-002,3.5,2025-04-14
INT-00761,CL-014,6,2025-04-14
INT-00762,CL-030,0.5,2025-04-14
INT-00763,CL-066,1.5,2025-04-14
INT-00764,CL-085,2,2025-04-14
INT-00765,CL-144,0.5,2025-04-14
INT-00766,CL-191,2.5,2025-04-14
INT-00767,CL-203,3,2025-04-14
INT-00768,CL-223,2,2025-04-14
INT-00769,CL-239,0.5,2025-04-14
INT-00770,CL-249,2.5,2025-04-14
INT-00771,CL-249,1.5,2025-04-14
INT-00772,CL-251,2.5,2025-04-14
INT-00773,CL-015,2,2025-04-15
INT-00774,CL-088,2.5,2025-04-15
INT-00775,CL-089,3,2025-04-15
INT-00776,CL-114,3,2025-04-15
INT-00777,CL-193,1.5,2025-04-15
INT-00778,CL-228,1,2025-04-15
INT-00779,CL-014,1.5,2025-04-16
INT-00780,CL-024,1.5,2025-04-16
INT-00781,CL-029,2,2025-04-16
INT-00782,CL-055,2.5,2025-04-16
INT-00783,CL-116,2.5,2025-04-16
INT-00784,CL-132,1.5,2025-04-16
INT-00785,CL-183,2,2025-04-16
INT-00786,CL-193,2.5,2025-04-16
INT-00787,CL-199,2,2025-04-16
INT-00788,CL-220,3,2025-04-16
INT-00789,CL-221,0.5,2025-04-16
INT-00790,CL-224,3.5,2025-04-16
INT-00791,CL-229,4.5,2025-04-16
INT-00792,CL-237,3.5,2025-04-16
INT-00793,CL-242,1,2025-04-16
INT-00794,CL-006,6.5,2025-04-17
INT-00795,CL-018,2.5,2025-04-17
INT-00796,CL-026,7.5,2025-04-17
INT-00797,CL-034,2,2025-04-17
INT-00798,CL-070,3,2025-04-17
INT-00799,CL-175,0.5,2025-04-17
INT-00800,CL-225,3,2025-04-17
INT-00801,CL-228,2.5,2025-04-17
INT-00802,CL-230,2.5,2025-04-17
INT-00803,CL-233,1.5,2025-04-17
INT-00804,CL-007,4.5,2025-04-18
INT-00805,CL-015,1,2025-04-18
INT-00806,CL-018,6.5,2025-04-18
INT-00807,CL-020,5.5,2025-04-18
INT-00808,CL-040,2,2025-04-18
INT-00809,CL-070,0.5,2025-04-18
INT-00810,CL-092,0.5,2025-04-18
INT-00811,CL-128,1.5,2025-04-18
INT-00812,CL-160,2.5,2025-04-18
INT-00813,CL-234,2.5,2025-04-18
INT-00814,CL-243,3.5,2025-04-18
INT-00815,CL-248,0.5,2025-04-18
INT-00816,CL-254,1.5,2025-04-18
INT-00817,CL-018,0.5,2025-04-22
INT-00818,CL-018,6.5,2025-04-22
INT-00819,CL-026,5,2025-04-22
INT-00820,CL-049,2.5,2025-04-22
INT-00821,CL-102,1.5,2025-04-22
INT-00822,CL-120,3,2025-04-22
INT-00823,CL-142,2,2025-04-22
INT-00824,CL-194,0.5,2025-04-22
INT-00825,CL-224,3,2025-04-22
INT-00826,CL-229,7,2025-04-22
INT-00827,CL-232,0.5,2025-04-22
INT-00828,CL-232,0.5,2025-04-22
INT-00829,CL-004,6.5,2025-04-23
INT-00830,CL-021,7,2025-04-23
INT-00831,CL-025,6,2025-04-23
INT-00832,CL-026,0.5,2025-04-23
INT-00833,CL-028,4,2025-04-23
INT-00834,CL-063,1.5,2025-04-23
INT-00835,CL-071,3,2025-04-23
INT-00836,CL-217,1.5,2025-04-23
INT-00837,CL-226,8,2025-04-23
INT-00838,CL-238,1,2025-04-23
INT-00839,CL-246,4.5,2025-04-23
INT-00840,CL-014,2.5,2025-04-24
INT-00841,CL-022,7.5,2025-04-24
INT-00842,CL-029,1,2025-04-24
INT-00843,CL-030,7,2025-04-24
INT-00844,CL-032,6.5,2025-04-24
INT-00845,CL-032,7.5,2025-04-24
INT-00846,CL-050,1,2025-04-24
INT-00847,CL-078,2.5,2025-04-24
INT-00848,CL-098,0.5,2025-04-24
INT-00849,CL-109,0.5,2025-04-24
INT-00850,CL-132,1.5,2025-04-24
INT-00851,CL-141,3,2025-04-24
INT-00852,CL-210,1,2025-04-24
INT-00853,CL-215,1.5,2025-04-24
INT-00854,CL-220,2.5,2025-04-24
INT-00855,CL-222,0.5,2025-04-24
INT-00856,CL-235,1,2025-04-24
INT-00857,CL-012,2,2025-04-28
INT-00858,CL-022,3.5,2025-04-28
INT-00859,CL-028,5.5,2025-04-28
INT-00860,CL-039,2,2025-04-28
INT-00861,CL-099,2,2025-04-28
INT-00862,CL-140,0.5,2025-04-28
INT-00863,CL-176,1.5,2025-04-28
INT-00864,CL-008,0.5,2025-04-29
INT-00865,CL-022,3,2025-04-29
INT-00866,CL-034,5.5,2025-04-29
INT-00867,CL-123,2,2025-04-29
INT-00868,CL-177,1.5,2025-04-29
INT-00869,CL-235,4,2025-04-29
INT-00870,CL-006,2,2025-04-30
INT-00871,CL-010,1,2025-04-30
INT-00872,CL-011,1.5,2025-04-30
INT-00873,CL-015,1.5,2025-04-30
INT-00874,CL-024,5.5,2025-04-30
INT-00875,CL-028,0.5,2025-04-30
INT-00876,CL-038,1,2025-04-30
INT-00877,CL-102,1,2025-04-30
INT-00878,CL-129,2.5,2025-04-30
INT-00879,CL-159,2,2025-04-30
INT-00880,CL-184,1,2025-04-30
INT-00881,CL-184,0.5,2025-04-30
INT-00882,CL-208,1,2025-04-30
INT-00883,CL-233,2,2025-04-30
INT-00884,CL-238,4.5,2025-04-30
INT-00885,CL-247,3,2025-04-30
INT-00886,CL-002,2,2025-05-02
INT-00887,CL-006,5,2025-05-02
INT-00888,CL-010,1.5,2025-05-02
INT-00889,CL-040,1,2025-05-02
INT-00890,CL-046,1,2025-05-02
INT-00891,CL-055,1,2025-05-02
INT-00892,CL-169,0.5,2025-05-02
INT-00893,CL-173,2.5,2025-05-02
INT-00894,CL-213,0.5,2025-05-02
INT-00895,CL-222,2.5,2025-05-02
INT-00896,CL-246,1.5,2025-05-02
INT-00897,CL-251,1,2025-05-02
INT-00898,CL-008,2.5,2025-05-05
INT-00899,CL-022,5,2025-05-05
INT-00900,CL-090,1,2025-05-05
INT-00901,CL-115,0.5,2025-05-05
INT-00902,CL-145,1,2025-05-05
INT-00903,CL-161,0.5,2025-05-05
INT-00904,CL-214,0.5,2025-05-05
INT-00905,CL-220,3,2025-05-05
INT-00906,CL-229,8,2025-05-05
INT-00907,CL-235,5.5,2025-05-05
INT-00908,CL-236,4,2025-05-05
INT-00909,CL-241,1.5,2025-05-05
INT-00910,CL-249,3,2025-05-05
INT-00911,CL-250,1,2025-05-05
INT-00912,CL-252,4.5,2025-05-05
INT-00913,CL-014,7.5,2025-05-06
INT-00914,CL-026,6.5,2025-05-06
INT-00915,CL-066,1.5,2025-05-06
INT-00916,CL-133,1.5,2025-05-06
INT-00917,CL-165,2,2025-05-06
INT-00918,CL-165,2,2025-05-06
INT-00919,CL-232,3,2025-05-06
INT-00920,CL-233,1.5,2025-05-06
INT-00921,CL-255,7.5,2025-05-06
INT-00922,CL-013,4,2025-05-07
INT-00923,CL-026,3,2025-05-07
INT-00924,CL-058,3,2025-05-07
INT-00925,CL-076,0.5,2025-05-07
INT-00926,CL-106,2.5,2025-05-07
INT-00927,CL-158,1,2025-05-07
INT-00928,CL-186,2.5,2025-05-07
INT-00929,CL-221,4,2025-05-07
INT-00930,CL-235,5,2025-05-07
INT-00931,CL-009,7,2025-05-08
INT-00932,CL-028,5,2025-05-08
INT-00933,CL-031,2,2025-05-08
INT-00934,CL-070,1.5,2025-05-08
INT-00935,CL-120,0.5,2025-05-08
INT-00936,CL-134,2.5,2025-05-08
INT-00937,CL-138,1,2025-05-08
INT-00938,CL-168,1.5,2025-05-08
INT-00939,CL-245,3,2025-05-08
INT-00940,CL-254,3,2025-05-08
INT-00941,CL-014,5.5,2025-05-09
INT-00942,CL-024,6,2025-05-09
INT-00943,CL-024,7.5,2025-05-09
INT-00944,CL-157,2.5,2025-05-09
INT-00945,CL-224,3.5,2025-05-09
INT-00946,CL-230,0.5,2025-05-09
INT-00947,CL-254,0.5,2025-05-09
INT-00948,CL-010,5,2025-05-12
INT-00949,CL-011,7,2025-05-12
INT-00950,CL-019,5,2025-05-12
INT-00951,CL-023,1,2025-05-12
INT-00952,CL-040,1,2025-05-12
INT-00953,CL-046,1,2025-05-12
INT-00954,CL-090,0.5,2025-05-12
INT-00955,CL-119,2.5,2025-05-12
INT-00956,CL-207,2.5,2025-05-12
INT-00957,CL-216,3,2025-05-12
INT-00958,CL-228,6,2025-05-12
INT-00959,CL-241,1.5,2025-05-12
INT-00960,CL-243,7.5,2025-05-12
INT-00961,CL-246,2,2025-05-12
INT-00962,CL-002,8,2025-05-13
INT-00963,CL-004,1,2025-05-13
INT-00964,CL-007,7,2025-05-13
INT-00965,CL-009,1,2025-05-13
INT-00966,CL-020,5.5,2025-05-13
INT-00967,CL-032,4.5,2025-05-13
INT-00968,CL-065,1.5,2025-05-13
INT-00969,CL-074,0.5,2025-05-13
INT-00970,CL-147,2,2025-05-13
INT-00971,CL-002,2.5,2025-05-14
INT-00972,CL-007,2,2025-05-14
INT-00973,CL-009,6.5,2025-05-14
INT-00974,CL-013,3.5,2025-05-14
INT-00975,CL-023,1.5,2025-05-14
INT-00976,CL-030,6.5,2025-05-14
INT-00977,CL-031,5,2025-05-14
INT-00978,CL-069,3,2025-05-14
INT-00979,CL-111,2,2025-05-14
INT-00980,CL-229,3.5,2025-05-14
INT-00981,CL-237,3,2025-05-14
INT-00982,CL-249,2.5,2025-05-14
INT-00983,CL-026,3,2025-05-15
INT-00984,CL-026,5,2025-05-15
INT-00985,CL-033,6.5,2025-05-15
INT-00986,CL-069,2.5,2025-05-15
INT-00987,CL-124,0.5,2025-05-15
INT-00988,CL-152,0.5,2025-05-15
INT-00989,CL-177,1,2025-05-15
INT-00990,CL-224,0.5,2025-05-15
INT-00991,CL-247,1.5,2025-05-15
INT-00992,CL-255,0.5,2025-05-15
INT-00993,CL-002,5,2025-05-16
INT-00994,CL-012,0.5,2025-05-16
INT-00995,CL-014,3,2025-05-16
INT-00996,CL-027,1,2025-05-16
INT-00997,CL-028,0.5,2025-05-16
INT-00998,CL-029,7.5,2025-05-16
INT-00999,CL-031,4.5,2025-05-16
INT-01000,CL-031,7,2025-05-16
INT-01001,CL-039,2,2025-05-16
INT-01002,CL-062,1.5,2025-05-16
INT-01003,CL-074,2.5,2025-05-16
INT-01004,CL-103,2,2025-05-16
INT-01005,CL-191,2,2025-05-16
INT-01006,CL-225,1,2025-05-16
INT-01007,CL-253,4,2025-05-16
INT-01008,CL-001,0.5,2025-05-19
INT-01009,CL-008,5.5,2025-05-19
INT-01010,CL-013,3,2025-05-19
INT-01011,CL-018,3.5,2025-05-19
INT-01012,CL-025,5.5,2025-05-19
INT-01013,CL-035,0.5,2025-05-19
INT-01014,CL-043,0.5,2025-05-19
INT-01015,CL-064,2.5,2025-05-19
INT-01016,CL-108,2.5,2025-05-19
INT-01017,CL-125,0.5,2025-05-19
INT-01018,CL-212,3,2025-05-19
INT-01019,CL-218,2.5,2025-05-19
INT-01020,CL-224,4,2025-05-19
INT-01021,CL-232,2,2025-05-19
INT-01022,CL-258,3.5,2025-05-19
INT-01023,CL-005,3,2025-05-20
INT-01024,CL-021,0.5,2025-05-20
INT-01025,CL-027,3,2025-05-20
INT-01026,CL-059,0.5,2025-05-20
INT-01027,CL-079,2.5,2025-05-20
INT-01028,CL-135,0.5,2025-05-20
INT-01029,CL-142,0.5,2025-05-20
INT-01030,CL-144,3,2025-05-20
INT-01031,CL-161,1.5,2025-05-20
INT-01032,CL-213,1,2025-05-20
INT-01033,CL-233,0.5,2025-05-20
INT-01034,CL-254,1,2025-05-20
INT-01035,CL-258,2.5,2025-05-20
INT-01036,CL-016,2.5,2025-05-21
INT-01037,CL-077,3,2025-05-21
INT-01038,CL-098,1,2025-05-21
INT-01039,CL-103,1,2025-05-21
INT-01040,CL-112,3,2025-05-21
INT-01041,CL-151,0.5,2025-05-21
INT-01042,CL-246,6.5,2025-05-21
INT-01043,CL-003,1,2025-05-22
INT-01044,CL-026,3,2025-05-22
INT-01045,CL-028,7,2025-05-22
INT-01046,CL-043,3,2025-05-22
INT-01047,CL-104,0.5,2025-05-22
INT-01048,CL-110,2.5,2025-05-22
INT-01049,CL-175,2.5,2025-05-22
INT-01050,CL-181,1,2025-05-22
INT-01051,CL-183,0.5,2025-05-22
INT-01052,CL-206,2,2025-05-22
INT-01053,CL-210,1,2025-05-22
INT-01054,CL-227,1.5,2025-05-22
INT-01055,CL-021,8,2025-05-23
INT-01056,CL-025,5.5,2025-05-23
INT-01057,CL-104,2,2025-05-23
INT-01058,CL-198,1.5,2025-05-23
INT-01059,CL-217,1,2025-05-23
INT-01060,CL-231,1,2025-05-23
INT-01061,CL-234,2.5,2025-05-23
INT-01062,CL-248,0.5,2025-05-23
INT-01063,CL-193,1,2025-05-26
INT-01064,CL-233,0.5,2025-05-26
INT-01065,CL-004,4,2025-05-27
INT-01066,CL-014,3.5,2025-05-27
INT-01067,CL-026,7,2025-05-27
INT-01068,CL-029,4.5,2025-05-27
INT-01069,CL-048,1,2025-05-27
INT-01070,CL-055,2.5,2025-05-27
INT-01071,CL-148,1,2025-05-27
INT-01072,CL-157,1.5,2025-05-27
INT-01073,CL-160,1,2025-05-27
INT-01074,CL-216,1.5,2025-05-27
INT-01075,CL-221,1,2025-05-27
INT-01076,CL-233,1.5,2025-05-27
INT-01077,CL-236,1,2025-05-27
INT-01078,CL-006,3,2025-05-28
INT-01079,CL-012,1.5,2025-05-28
INT-01080,CL-017,8,2025-05-28
INT-01081,CL-032,2.5,2025-05-28
INT-01082,CL-040,3,2025-05-28
INT-01083,CL-071,0.5,2025-05-28
INT-01084,CL-083,1,2025-05-28
INT-01085,CL-091,0.5,2025-05-28
INT-01086,CL-099,1,2025-05-28
INT-01087,CL-117,0.5,2025-05-28
INT-01088,CL-219,5,2025-05-28
INT-01089,CL-224,6.5,2025-05-28
INT-01090,CL-245,6,2025-05-28
INT-01091,CL-246,0.5,2025-05-28
INT-01092,CL-246,2.5,2025-05-28
INT-01093,CL-256,2,2025-05-28
INT-01094,CL-004,8,2025-05-29
INT-01095,CL-009,4,2025-05-29
INT-01096,CL-015,3,2025-05-29
INT-01097,CL-017,8,2025-05-29
INT-01098,CL-026,1.5,2025-05-29
INT-01099,CL-029,2,2025-05-29
INT-01100,CL-031,2.5,2025-05-29
INT-01101,CL-170,1.5,2025-05-29
INT-01102,CL-194,2,2025-05-29
INT-01103,CL-198,1.5,2025-05-29
INT-01104,CL-219,1.5,2025-05-29
INT-01105,CL-229,2,2025-05-29
INT-01106,CL-230,7,2025-05-29
INT-01107,CL-230,4.5,2025-05-29
INT-01108,CL-234,1,2025-05-29
INT-01109,CL-251,0.5,2025-05-29
INT-01110,CL-252,4.5,2025-05-29
INT-01111,CL-002,7.5,2025-05-30
INT-01112,CL-021,5,2025-05-30
INT-01113,CL-023,4,2025-05-30
INT-01114,CL-054,2.5,2025-05-30
INT-01115,CL-108,3,2025-05-30
INT-01116,CL-151,3,2025-05-30
INT-01117,CL-196,1.5,2025-05-30
INT-01118,CL-219,7.5,2025-05-30
INT-01119,CL-236,2,2025-05-30
INT-01120,CL-238,6.5,2025-05-30
INT-01121,CL-029,3,2025-06-03
INT-01122,CL-030,1.5,2025-06-03
INT-01123,CL-087,3,2025-06-03
INT-01124,CL-124,1.5,2025-06-03
INT-01125,CL-224,2,2025-06-03
INT-01126,CL-002,2,2025-06-04
INT-01127,CL-045,0.5,2025-06-04
INT-01128,CL-117,2,2025-06-04
INT-01129,CL-156,1.5,2025-06-04
INT-01130,CL-176,2.5,2025-06-04
INT-01131,CL-177,1.5,2025-06-04
INT-01132,CL-191,1,2025-06-04
INT-01133,CL-225,1.5,2025-06-04
INT-01134,CL-226,8,2025-06-04
INT-01135,CL-229,3,2025-06-04
INT-01136,CL-230,5,2025-06-04
INT-01137,CL-013,4.5,2025-06-05
INT-01138,CL-014,4,2025-06-05
INT-01139,CL-017,6,2025-06-05
INT-01140,CL-026,4,2025-06-05
INT-01141,CL-033,6.5,2025-06-05
INT-01142,CL-052,2.5,2025-06-05
INT-01143,CL-096,0.5,2025-06-05
INT-01144,CL-144,0.5,2025-06-05
INT-01145,CL-207,0.5,2025-06-05
INT-01146,CL-210,2,2025-06-05
INT-01147,CL-221,4,2025-06-05
INT-01148,CL-222,1,2025-06-05
INT-01149,CL-223,3,2025-06-05
INT-01150,CL-243,3,2025-06-05
INT-01151,CL-249,7,2025-06-05
INT-01152,CL-017,3,2025-06-06
INT-01153,CL-023,4.5,2025-06-06
INT-01154,CL-059,0.5,2025-06-06
INT-01155,CL-103,0.5,2025-06-06
INT-01156,CL-193,0.5,2025-06-06
INT-01157,CL-223,2,2025-06-06
INT-01158,CL-226,1,2025-06-06
INT-01159,CL-241,1,2025-06-06
INT-01160,CL-253,1,2025-06-06
INT-01161,CL-258,4.5,2025-06-06
INT-01162,CL-008,3.5,2025-06-09
INT-01163,CL-008,6.5,2025-06-09
INT-01164,CL-114,1,2025-06-09
INT-01165,CL-212,3,2025-06-09
INT-01166,CL-231,3,2025-06-09
INT-01167,CL-241,2,2025-06-09
INT-01168,CL-005,2.5,2025-06-10
INT-01169,CL-007,7,2025-06-10
INT-01170,CL-009,3.5,2025-06-10
INT-01171,CL-022,4.5,2025-06-10
INT-01172,CL-031,5.5,2025-06-10
INT-01173,CL-044,2,2025-06-10
INT-01174,CL-062,3,2025-06-10
INT-01175,CL-069,0.5,2025-06-10
INT-01176,CL-100,2,2025-06-10
INT-01177,CL-169,1,2025-06-10
INT-01178,CL-212,2.5,2025-06-10
INT-01179,CL-007,8,2025-06-11
INT-01180,CL-032,1,2025-06-11
INT-01181,CL-038,0.5,2025-06-11
INT-01182,CL-043,1.5,2025-06-11
INT-01183,CL-068,1,2025-06-11
INT-01184,CL-102,1,2025-06-11
INT-01185,CL-105,2.5,2025-06-11
INT-01186,CL-158,3,2025-06-11
INT-01187,CL-246,3,2025-06-11
INT-01188,CL-002,4.5,2025-06-12
INT-01189,CL-004,7,2025-06-12
INT-01190,CL-023,2.5,2025-06-12
INT-01191,CL-027,1,2025-06-12
INT-01192,CL-044,1,2025-06-12
INT-01193,CL-058,2,2025-06-12
INT-01194,CL-064,2.5,2025-06-12
INT-01195,CL-117,1.5,2025-06-12
INT-01196,CL-124,3,2025-06-12
INT-01197,CL-177,0.5,2025-06-12
INT-01198,CL-223,2.5,2025-06-12
INT-01199,CL-224,1.5,2025-06-12
INT-01200,CL-012,1,2025-06-13
INT-01201,CL-014,7.5,2025-06-13
INT-01202,CL-014,5.5,2025-06-13
INT-01203,CL-044,3,2025-06-13
INT-01204,CL-116,0.5,2025-06-13
INT-01205,CL-175,0.5,2025-06-13
INT-01206,CL-183,0.5,2025-06-13
INT-01207,CL-183,0.5,2025-06-13
INT-01208,CL-205,1,2025-06-13
INT-01209,CL-219,6.5,2025-06-13
INT-01210,CL-244,8,2025-06-13
INT-01211,CL-249,3.5,2025-06-13
INT-01212,CL-049,2.5,2025-06-16
INT-01213,CL-069,1,2025-06-16
INT-01214,CL-103,0.5,2025-06-16
INT-01215,CL-118,3,2025-06-16
INT-01216,CL-120,1,2025-06-16
INT-01217,CL-137,2.5,2025-06-16
INT-01218,CL-161,0.5,2025-06-16
INT-01219,CL-199,0.5,2025-06-16
INT-01220,CL-207,0.5,2025-06-16
INT-01221,CL-247,1.5,2025-06-16
INT-01222,CL-249,3,2025-06-16
INT-01223,CL-251,3,2025-06-16
INT-01224,CL-068,0.5,2025-06-17
INT-01225,CL-118,3,2025-06-17
INT-01226,CL-213,0.5,2025-06-17
INT-01227,CL-226,5.5,2025-06-17
INT-01228,CL-008,6.5,2025-06-18
INT-01229,CL-013,1,2025-06-18
INT-01230,CL-014,0.5,2025-06-18
INT-01231,CL-042,2,2025-06-18
INT-01232,CL-071,2,2025-06-18
INT-01233,CL-154,1,2025-06-18
INT-01234,CL-228,1,2025-06-18
INT-01235,CL-230,8,2025-06-18
INT-01236,CL-251,0.5,2025-06-18
INT-01237,CL-015,2.5,2025-06-19
INT-01238,CL-025,1,2025-06-19
INT-01239,CL-026,2,2025-06-19
INT-01240,CL-026,7.5,2025-06-19
INT-01241,CL-031,5.5,2025-06-19
INT-01242,CL-032,6.5,2025-06-19
INT-01243,CL-074,1.5,2025-06-19
INT-01244,CL-098,0.5,2025-06-19
INT-01245,CL-104,2,2025-06-19
INT-01246,CL-117,1,2025-06-19
INT-01247,CL-213,2.5,2025-06-19
INT-01248,CL-221,1,2025-06-19
INT-01249,CL-223,1.5,2025-06-19
INT-01250,CL-223,2.5,2025-06-19
INT-01251,CL-234,0.5,2025-06-19
INT-01252,CL-235,6.5,2025-06-19
INT-01253,CL-239,0.5,2025-06-19
INT-01254,CL-256,3,2025-06-19
INT-01255,CL-002,6.5,2025-06-20
INT-01256,CL-011,6,2025-06-20
INT-01257,CL-012,1.5,2025-06-20
INT-01258,CL-020,0.5,2025-06-20
INT-01259,CL-024,6,2025-06-20
INT-01260,CL-027,2,2025-06-20
INT-01261,CL-055,2,2025-06-20
INT-01262,CL-210,1.5,2025-06-20
INT-01263,CL-231,1.5,2025-06-20
INT-01264,CL-246,1,2025-06-20
INT-01265,CL-002,2,2025-06-23
INT-01266,CL-026,6,2025-06-23
INT-01267,CL-026,1.5,2025-06-23
INT-01268,CL-090,2,2025-06-23
INT-01269,CL-209,0.5,2025-06-23
INT-01270,CL-223,1,2025-06-23
INT-01271,CL-224,7,2025-06-23
INT-01272,CL-242,5.5,2025-06-23
INT-01273,CL-003,0.5,2025-06-24
INT-01274,CL-006,3.5,2025-06-24
INT-01275,CL-038,1,2025-06-24
INT-01276,CL-123,2.5,2025-06-24
INT-01277,CL-251,1.5,2025-06-24
INT-01278,CL-252,7,2025-06-24
INT-01279,CL-008,7,2025-06-25
INT-01280,CL-008,3.5,2025-06-25
INT-01281,CL-015,0.5,2025-06-25
INT-01282,CL-016,2.5,2025-06-25
INT-01283,CL-062,0.5,2025-06-25
INT-01284,CL-089,1,2025-06-25
INT-01285,CL-122,2,2025-06-25
INT-01286,CL-222,1,2025-06-25
INT-01287,CL-238,8,2025-06-25
INT-01288,CL-242,8,2025-06-25
INT-01289,CL-243,6,2025-06-25
INT-01290,CL-009,7.5,2025-06-26
INT-01291,CL-026,1.5,2025-06-26
INT-01292,CL-026,1,2025-06-26
INT-01293,CL-125,3,2025-06-26
INT-01294,CL-132,1,2025-06-26
INT-01295,CL-155,2,2025-06-26
INT-01296,CL-176,3,2025-06-26
INT-01297,CL-200,3,2025-06-26
INT-01298,CL-207,2.5,2025-06-26
INT-01299,CL-229,8,2025-06-26
INT-01300,CL-232,0.5,2025-06-26
INT-01301,CL-242,1,2025-06-26
INT-01302,CL-252,5,2025-06-26
INT-01303,CL-019,7,2025-06-27
INT-01304,CL-031,5,2025-06-27
INT-01305,CL-032,7.5,2025-06-27
INT-01306,CL-119,2,2025-06-27
INT-01307,CL-121,1.5,2025-06-27
INT-01308,CL-144,2,2025-06-27
INT-01309,CL-177,2,2025-06-27
INT-01310,CL-187,1,2025-06-27
INT-01311,CL-232,0.5,2025-06-27
INT-01312,CL-234,2.5,2025-06-27
INT-01313,CL-033,5,2025-06-30
INT-01314,CL-033,7.5,2025-06-30
INT-01315,CL-041,0.5,2025-06-30
INT-01316,CL-104,1,2025-06-30
INT-01317,CL-110,0.5,2025-06-30
INT-01318,CL-126,3,2025-06-30
INT-01319,CL-130,3,2025-06-30
INT-01320,CL-180,3,2025-06-30
INT-01321,CL-213,2.5,2025-06-30
INT-01322,CL-218,2,2025-06-30
INT-01323,CL-234,2,2025-06-30
INT-01324,CL-235,6.5,2025-06-30
INT-01325,CL-007,2.5,2025-07-01
INT-01326,CL-013,7,2025-07-01
INT-01327,CL-016,4,2025-07-01
INT-01328,CL-075,1,2025-07-01
INT-01329,CL-108,2.5,2025-07-01
INT-01330,CL-120,2,2025-07-01
INT-01331,CL-148,1,2025-07-01
INT-01332,CL-170,2,2025-07-01
INT-01333,CL-231,1,2025-07-01
INT-01334,CL-254,2,2025-07-01
INT-01335,CL-258,7,2025-07-01
INT-01336,CL-014,2.5,2025-07-02
INT-01337,CL-018,5,2025-07-02
INT-01338,CL-026,1.5,2025-07-02
INT-01339,CL-026,2,2025-07-02
INT-01340,CL-031,7.5,2025-07-02
INT-01341,CL-070,3,2025-07-02
INT-01342,CL-077,1.5,2025-07-02
INT-01343,CL-093,1,2025-07-02
INT-01344,CL-203,2.5,2025-07-02
INT-01345,CL-224,2.5,2025-07-02
INT-01346,CL-005,2.5,2025-07-03
INT-01347,CL-014,5,2025-07-03
INT-01348,CL-032,5.5,2025-07-03
INT-01349,CL-033,3,2025-07-03
INT-01350,CL-043,0.5,2025-07-03
INT-01351,CL-104,1.5,2025-07-03
INT-01352,CL-111,2,2025-07-03
INT-01353,CL-191,1.5,2025-07-03
INT-01354,CL-202,2,2025-07-03
INT-01355,CL-225,3,2025-07-03
INT-01356,CL-230,1.5,2025-07-03
INT-01357,CL-242,6,2025-07-03
INT-01358,CL-258,4,2025-07-03
INT-01359,CL-008,3.5,2025-07-04
INT-01360,CL-019,2,2025-07-04
INT-01361,CL-020,6.5,2025-07-04
INT-01362,CL-023,6.5,2025-07-04
INT-01363,CL-023,1,2025-07-04
INT-01364,CL-063,1,2025-07-04
INT-01365,CL-107,2,2025-07-04
INT-01366,CL-134,1.5,2025-07-04
INT-01367,CL-209,2.5,2025-07-04
INT-01368,CL-230,7,2025-07-04
INT-01369,CL-238,5.5,2025-07-04
INT-01370,CL-240,2,2025-07-04
INT-01371,CL-250,2,2025-07-04
INT-01372,CL-252,7,2025-07-04
INT-01373,CL-014,3,2025-07-07
INT-01374,CL-028,0.5,2025-07-07
INT-01375,CL-074,2,2025-07-07
INT-01376,CL-081,1,2025-07-07
INT-01377,CL-149,1,2025-07-07
INT-01378,CL-157,1.5,2025-07-07
INT-01379,CL-162,2.5,2025-07-07
INT-01380,CL-230,7,2025-07-07
INT-01381,CL-251,2,2025-07-07
INT-01382,CL-252,6.5,2025-07-07
INT-01383,CL-022,6.5,2025-07-08
INT-01384,CL-026,7,2025-07-08
INT-01385,CL-044,2.5,2025-07-08
INT-01386,CL-069,2.5,2025-07-08
INT-01387,CL-086,1.5,2025-07-08
INT-01388,CL-104,0.5,2025-07-08
INT-01389,CL-117,1.5,2025-07-08
INT-01390,CL-175,0.5,2025-07-08
INT-01391,CL-240,3,2025-07-08
INT-01392,CL-247,1,2025-07-08
INT-01393,CL-252,1,2025-07-08
INT-01394,CL-003,8,2025-07-09
INT-01395,CL-005,1,2025-07-09
INT-01396,CL-072,2.5,2025-07-09
INT-01397,CL-077,0.5,2025-07-09
INT-01398,CL-088,1,2025-07-09
INT-01399,CL-092,2,2025-07-09
INT-01400,CL-094,1.5,2025-07-09
INT-01401,CL-107,3,2025-07-09
INT-01402,CL-169,0.5,2025-07-09
INT-01403,CL-198,1.5,2025-07-09
INT-01404,CL-220,0.5,2025-07-09
INT-01405,CL-223,1.5,2025-07-09
INT-01406,CL-223,1,2025-07-09
INT-01407,CL-247,3,2025-07-09
INT-01408,CL-252,1,2025-07-09
INT-01409,CL-005,2,2025-07-10
INT-01410,CL-014,7.5,2025-07-10
INT-01411,CL-014,3,2025-07-10
INT-01412,CL-032,6.5,2025-07-10
INT-01413,CL-128,1,2025-07-10
INT-01414,CL-132,1,2025-07-10
INT-01415,CL-193,1,2025-07-10
INT-01416,CL-198,2.5,2025-07-10
INT-01417,CL-252,7,2025-07-10
INT-01418,CL-001,1.5,2025-07-11
INT-01419,CL-070,0.5,2025-07-11
INT-01420,CL-087,3,2025-07-11
INT-01421,CL-091,3,2025-07-11
INT-01422,CL-128,0.5,2025-07-11
INT-01423,CL-148,0.5,2025-07-11
INT-01424,CL-202,2.5,2025-07-11
INT-01425,CL-225,3,2025-07-11
INT-01426,CL-002,4,2025-07-14
INT-01427,CL-007,3,2025-07-14
INT-01428,CL-018,7,2025-07-14
INT-01429,CL-018,4,2025-07-14
INT-01430,CL-032,2.5,2025-07-14
INT-01431,CL-034,8,2025-07-14
INT-01432,CL-052,1.5,2025-07-14
INT-01433,CL-097,1.5,2025-07-14
INT-01434,CL-114,0.5,2025-07-14
INT-01435,CL-146,2.5,2025-07-14
INT-01436,CL-165,1.5,2025-07-14
INT-01437,CL-201,1.5,2025-07-14
INT-01438,CL-209,2,2025-07-14
INT-01439,CL-232,3,2025-07-14
INT-01440,CL-239,8,2025-07-14
INT-01441,CL-253,1.5,2025-07-14
INT-01442,CL-031,1,2025-07-15
INT-01443,CL-060,1,2025-07-15
INT-01444,CL-060,1,2025-07-15
INT-01445,CL-080,3,2025-07-15
INT-01446,CL-083,2,2025-07-15
INT-01447,CL-188,0.5,2025-07-15
INT-01448,CL-214,0.5,2025-07-15
INT-01449,CL-220,1.5,2025-07-15
INT-01450,CL-233,2.5,2025-07-15
INT-01451,CL-009,7,2025-07-16
INT-01452,CL-027,3,2025-07-16
INT-01453,CL-062,1,2025-07-16
INT-01454,CL-087,1,2025-07-16
INT-01455,CL-121,2,2025-07-16
INT-01456,CL-158,2.5,2025-07-16
INT-01457,CL-229,0.5,2025-07-16
INT-01458,CL-230,6.5,2025-07-16
INT-01459,CL-256,1.5,2025-07-16
INT-01460,CL-007,2.5,2025-07-17
INT-01461,CL-008,3.5,2025-07-17
INT-01462,CL-009,5,2025-07-17
INT-01463,CL-014,4,2025-07-17
INT-01464,CL-019,3,2025-07-17
INT-01465,CL-020,5.5,2025-07-17
INT-01466,CL-028,3,2025-07-17
INT-01467,CL-033,0.5,2025-07-17
INT-01468,CL-055,2,2025-07-17
INT-01469,CL-077,1,2025-07-17
INT-01470,CL-121,2,2025-07-17
INT-01471,CL-161,0.5,2025-07-17
INT-01472,CL-222,0.5,2025-07-17
INT-01473,CL-245,4.5,2025-07-17
INT-01474,CL-248,2.5,2025-07-17
INT-01475,CL-003,6,2025-07-18
INT-01476,CL-009,6.5,2025-07-18
INT-01477,CL-010,3.5,2025-07-18
INT-01478,CL-011,7.5,2025-07-18
INT-01479,CL-015,3,2025-07-18
INT-01480,CL-017,7,2025-07-18
INT-01481,CL-018,1,2025-07-18
INT-01482,CL-027,3,2025-07-18
INT-01483,CL-072,1.5,2025-07-18
INT-01484,CL-077,2.5,2025-07-18
INT-01485,CL-121,2,2025-07-18
INT-01486,CL-143,1.5,2025-07-18
INT-01487,CL-156,3,2025-07-18
INT-01488,CL-175,0.5,2025-07-18
INT-01489,CL-194,3,2025-07-18
INT-01490,CL-005,2,2025-07-21
INT-01491,CL-008,1.5,2025-07-21
INT-01492,CL-031,6,2025-07-21
INT-01493,CL-125,2.5,2025-07-21
INT-01494,CL-136,0.5,2025-07-21
INT-01495,CL-140,2,2025-07-21
INT-01496,CL-213,2,2025-07-21
INT-01497,CL-229,4.5,2025-07-21
INT-01498,CL-236,8,2025-07-21
INT-01499,CL-001,1.5,2025-07-22
INT-01500,CL-022,1,2025-07-22
INT-01501,CL-030,5.5,2025-07-22
INT-01502,CL-048,2,2025-07-22
INT-01503,CL-101,0.5,2025-07-22
INT-01504,CL-158,2.5,2025-07-22
INT-01505,CL-209,1,2025-07-22
INT-01506,CL-221,6.5,2025-07-22
INT-01507,CL-229,0.5,2025-07-22
INT-01508,CL-252,5,2025-07-22
INT-01509,CL-252,2,2025-07-22
INT-01510,CL-003,5,2025-07-23
INT-01511,CL-027,0.5,2025-07-23
INT-01512,CL-029,6,2025-07-23
INT-01513,CL-070,2,2025-07-23
INT-01514,CL-072,1,2025-07-23
INT-01515,CL-124,1,2025-07-23
INT-01516,CL-187,0.5,2025-07-23
INT-01517,CL-201,1,2025-07-23
INT-01518,CL-207,1.5,2025-07-23
INT-01519,CL-210,2.5,2025-07-23
INT-01520,CL-007,1.5,2025-07-24
INT-01521,CL-018,4,2025-07-24
INT-01522,CL-023,5.5,2025-07-24
INT-01523,CL-036,0.5,2025-07-24
INT-01524,CL-077,1.5,2025-07-24
INT-01525,CL-138,1.5,2025-07-24
INT-01526,CL-193,0.5,2025-07-24
INT-01527,CL-194,1,2025-07-24
INT-01528,CL-251,1.5,2025-07-24
INT-01529,CL-018,2,2025-07-25
INT-01530,CL-023,3.5,2025-07-25
INT-01531,CL-070,1,2025-07-25
INT-01532,CL-116,2.5,2025-07-25
INT-01533,CL-209,2,2025-07-25
INT-01534,CL-220,1,2025-07-25
INT-01535,CL-231,2,2025-07-25
INT-01536,CL-234,2,2025-07-25
INT-01537,CL-235,3.5,2025-07-25
INT-01538,CL-245,6,2025-07-25
INT-01539,CL-246,5.5,2025-07-25
INT-01540,CL-023,6.5,2025-07-28
INT-01541,CL-045,3,2025-07-28
INT-01542,CL-057,1.5,2025-07-28
INT-01543,CL-089,2,2025-07-28
INT-01544,CL-212,2,2025-07-28
INT-01545,CL-223,1,2025-07-28
INT-01546,CL-240,3,2025-07-28
INT-01547,CL-249,0.5,2025-07-28
INT-01548,CL-251,2,2025-07-28
INT-01549,CL-254,1.5,2025-07-28
INT-01550,CL-007,4,2025-07-29
INT-01551,CL-023,3.5,2025-07-29
INT-01552,CL-158,1,2025-07-29
INT-01553,CL-163,1.5,2025-07-29
INT-01554,CL-164,2.5,2025-07-29
INT-01555,CL-181,1,2025-07-29
INT-01556,CL-224,1,2025-07-29
INT-01557,CL-229,3.5,2025-07-29
INT-01558,CL-233,1.5,2025-07-29
INT-01559,CL-238,1,2025-07-29
INT-01560,CL-240,3,2025-07-29
INT-01561,CL-241,2.5,2025-07-29
INT-01562,CL-250,5.5,2025-07-29
INT-01563,CL-254,0.5,2025-07-29
INT-01564,CL-023,7.5,2025-07-30
INT-01565,CL-026,7,2025-07-30
INT-01566,CL-077,2,2025-07-30
INT-01567,CL-111,2.5,2025-07-30
INT-01568,CL-143,1,2025-07-30
INT-01569,CL-194,2,2025-07-30
INT-01570,CL-200,1,2025-07-30
INT-01571,CL-224,1.5,2025-07-30
INT-01572,CL-249,5.5,2025-07-30
INT-01573,CL-250,3,2025-07-30
INT-01574,CL-251,0.5,2025-07-30
INT-01575,CL-003,4,2025-07-31
INT-01576,CL-007,3,2025-07-31
INT-01577,CL-019,1.5,2025-07-31
INT-01578,CL-028,6,2025-07-31
INT-01579,CL-068,2.5,2025-07-31
INT-01580,CL-074,0.5,2025-07-31
INT-01581,CL-113,1.5,2025-07-31
INT-01582,CL-144,0.5,2025-07-31
INT-01583,CL-176,1,2025-07-31
INT-01584,CL-192,3,2025-07-31
INT-01585,CL-213,1.5,2025-07-31
INT-01586,CL-233,2.5,2025-07-31
INT-01587,CL-244,2.5,2025-07-31
INT-01588,CL-011,5,2025-08-01
INT-01589,CL-012,0.5,2025-08-01
INT-01590,CL-023,6.5,2025-08-01
INT-01591,CL-032,4,2025-08-01
INT-01592,CL-098,2,2025-08-01
INT-01593,CL-154,2.5,2025-08-01
INT-01594,CL-157,1,2025-08-01
INT-01595,CL-205,1,2025-08-01
INT-01596,CL-222,2.5,2025-08-01
INT-01597,CL-236,1.5,2025-08-01
INT-01598,CL-239,7,2025-08-01
INT-01599,CL-248,1.5,2025-08-01
INT-01600,CL-252,5,2025-08-01
INT-01601,CL-255,3.5,2025-08-01
INT-01602,CL-004,2.5,2025-08-04
INT-01603,CL-010,7,2025-08-04
INT-01604,CL-013,2.5,2025-08-04
INT-01605,CL-014,1,2025-08-04
INT-01606,CL-019,5,2025-08-04
INT-01607,CL-028,4.5,2025-08-04
INT-01608,CL-031,1.5,2025-08-04
INT-01609,CL-126,3,2025-08-04
INT-01610,CL-176,2,2025-08-04
INT-01611,CL-209,3,2025-08-04
INT-01612,CL-232,1.5,2025-08-04
INT-01613,CL-246,6,2025-08-04
INT-01614,CL-250,6.5,2025-08-04
INT-01615,CL-252,3.5,2025-08-04
INT-01616,CL-252,0.5,2025-08-04
INT-01617,CL-001,0.5,2025-08-05
INT-01618,CL-023,3.5,2025-08-05
INT-01619,CL-026,5,2025-08-05
INT-01620,CL-071,1,2025-08-05
INT-01621,CL-141,2,2025-08-05
INT-01622,CL-160,0.5,2025-08-05
INT-01623,CL-215,1.5,2025-08-05
INT-01624,CL-221,1.5,2025-08-05
INT-01625,CL-229,6,2025-08-05
INT-01626,CL-239,6,2025-08-05
INT-01627,CL-242,6.5,2025-08-05
INT-01628,CL-245,2,2025-08-05
INT-01629,CL-250,1.5,2025-08-05
INT-01630,CL-003,4.5,2025-08-06
INT-01631,CL-014,4,2025-08-06
INT-01632,CL-016,3.5,2025-08-06
INT-01633,CL-025,2,2025-08-06
INT-01634,CL-025,6.5,2025-08-06
INT-01635,CL-128,2,2025-08-06
INT-01636,CL-188,1.5,2025-08-06
INT-01637,CL-214,0.5,2025-08-06
INT-01638,CL-224,8,2025-08-06
INT-01639,CL-252,6.5,2025-08-06
INT-01640,CL-254,1,2025-08-06
INT-01641,CL-008,6,2025-08-07
INT-01642,CL-015,0.5,2025-08-07
INT-01643,CL-031,8,2025-08-07
INT-01644,CL-034,0.5,2025-08-07
INT-01645,CL-105,1.5,2025-08-07
INT-01646,CL-112,3,2025-08-07
INT-01647,CL-123,2,2025-08-07
INT-01648,CL-166,2.5,2025-08-07
INT-01649,CL-228,5,2025-08-07
INT-01650,CL-231,3,2025-08-07
INT-01651,CL-237,7.5,2025-08-07
INT-01652,CL-245,7.5,2025-08-07
INT-01653,CL-008,4.5,2025-08-08
INT-01654,CL-025,7.5,2025-08-08
INT-01655,CL-026,8,2025-08-08
INT-01656,CL-129,0.5,2025-08-08
INT-01657,CL-220,2,2025-08-08
INT-01658,CL-225,1,2025-08-08
INT-01659,CL-257,2,2025-08-08
INT-01660,CL-010,6,2025-08-11
INT-01661,CL-032,4.5,2025-08-11
INT-01662,CL-116,2.5,2025-08-11
INT-01663,CL-120,1,2025-08-11
INT-01664,CL-225,1.5,2025-08-11
INT-01665,CL-226,5,2025-08-11
INT-01666,CL-232,1.5,2025-08-11
INT-01667,CL-243,0.5,2025-08-11
INT-01668,CL-003,5.5,2025-08-12
INT-01669,CL-005,6.5,2025-08-12
INT-01670,CL-018,4.5,2025-08-12
INT-01671,CL-021,5,2025-08-12
INT-01672,CL-022,3,2025-08-12
INT-01673,CL-022,3,2025-08-12
INT-01674,CL-026,4.5,2025-08-12
INT-01675,CL-028,7,2025-08-12
INT-01676,CL-031,3.5,2025-08-12
INT-01677,CL-075,1.5,2025-08-12
INT-01678,CL-085,0.5,2025-08-12
INT-01679,CL-157,0.5,2025-08-12
INT-01680,CL-221,1.5,2025-08-12
INT-01681,CL-246,8,2025-08-12
INT-01682,CL-247,2.5,2025-08-12
INT-01683,CL-247,1.5,2025-08-12
INT-01684,CL-257,1,2025-08-12
INT-01685,CL-010,5.5,2025-08-13
INT-01686,CL-016,2,2025-08-13
INT-01687,CL-018,3,2025-08-13
INT-01688,CL-026,0.5,2025-08-13
INT-01689,CL-026,8,2025-08-13
INT-01690,CL-028,8,2025-08-13
INT-01691,CL-061,2,2025-08-13
INT-01692,CL-091,2,2025-08-13
INT-01693,CL-165,3,2025-08-13
INT-01694,CL-207,0.5,2025-08-13
INT-01695,CL-224,7.5,2025-08-13
INT-01696,CL-232,0.5,2025-08-13
INT-01697,CL-234,1.5,2025-08-13
INT-01698,CL-027,3,2025-08-14
INT-01699,CL-027,3,2025-08-14
INT-01700,CL-096,1,2025-08-14
INT-01701,CL-146,1.5,2025-08-14
INT-01702,CL-164,2,2025-08-14
INT-01703,CL-221,5.5,2025-08-14
INT-01704,CL-224,4.5,2025-08-14
INT-01705,CL-229,8,2025-08-14
INT-01706,CL-251,2.5,2025-08-14
INT-01707,CL-255,1.5,2025-08-14
INT-01708,CL-038,0.5,2025-08-18
INT-01709,CL-157,1,2025-08-18
INT-01710,CL-177,0.5,2025-08-18
INT-01711,CL-210,0.5,2025-08-18
INT-01712,CL-214,2,2025-08-18
INT-01713,CL-229,1,2025-08-18
INT-01714,CL-246,2.5,2025-08-18
INT-01715,CL-003,1,2025-08-19
INT-01716,CL-005,0.5,2025-08-19
INT-01717,CL-014,5,2025-08-19
INT-01718,CL-015,0.5,2025-08-19
INT-01719,CL-020,4.5,2025-08-19
INT-01720,CL-022,5,2025-08-19
INT-01721,CL-125,0.5,2025-08-19
INT-01722,CL-170,1.5,2025-08-19
INT-01723,CL-219,4.5,2025-08-19
INT-01724,CL-220,1.5,2025-08-19
INT-01725,CL-226,7,2025-08-19
INT-01726,CL-231,2,2025-08-19
INT-01727,CL-232,3,2025-08-19
INT-01728,CL-236,4.5,2025-08-19
INT-01729,CL-244,4.5,2025-08-19
INT-01730,CL-250,7,2025-08-19
INT-01731,CL-002,4,2025-08-20
INT-01732,CL-003,1,2025-08-20
INT-01733,CL-037,0.5,2025-08-20
INT-01734,CL-160,2.5,2025-08-20
INT-01735,CL-190,2.5,2025-08-20
INT-01736,CL-216,1,2025-08-20
INT-01737,CL-219,1,2025-08-20
INT-01738,CL-230,5,2025-08-20
INT-01739,CL-232,0.5,2025-08-20
INT-01740,CL-233,2,2025-08-20
INT-01741,CL-241,2,2025-08-20
INT-01742,CL-014,1.5,2025-08-21
INT-01743,CL-015,3,2025-08-21
INT-01744,CL-032,5.5,2025-08-21
INT-01745,CL-032,6,2025-08-21
INT-01746,CL-041,3,2025-08-21
INT-01747,CL-133,2.5,2025-08-21
INT-01748,CL-143,0.5,2025-08-21
INT-01749,CL-158,3,2025-08-21
INT-01750,CL-172,1,2025-08-21
INT-01751,CL-221,5.5,2025-08-21
INT-01752,CL-244,7,2025-08-21
INT-01753,CL-012,2.5,2025-08-22
INT-01754,CL-013,2.5,2025-08-22
INT-01755,CL-014,1.5,2025-08-22
INT-01756,CL-025,1,2025-08-22
INT-01757,CL-026,1,2025-08-22
INT-01758,CL-033,7,2025-08-22
INT-01759,CL-136,2.5,2025-08-22
INT-01760,CL-202,3,2025-08-22
INT-01761,CL-204,2.5,2025-08-22
INT-01762,CL-220,2,2025-08-22
INT-01763,CL-234,1,2025-08-22
INT-01764,CL-252,0.5,2025-08-22
INT-01765,CL-253,8,2025-08-22
INT-01766,CL-001,2.5,2025-08-25
INT-01767,CL-018,1.5,2025-08-25
INT-01768,CL-047,1,2025-08-25
INT-01769,CL-162,2.5,2025-08-25
INT-01770,CL-172,1,2025-08-25
INT-01771,CL-174,1.5,2025-08-25
INT-01772,CL-185,1,2025-08-25
INT-01773,CL-235,2.5,2025-08-25
INT-01774,CL-005,1.5,2025-08-26
INT-01775,CL-005,7,2025-08-26
INT-01776,CL-008,4,2025-08-26
INT-01777,CL-021,5.5,2025-08-26
INT-01778,CL-023,3.5,2025-08-26
INT-01779,CL-028,4.5,2025-08-26
INT-01780,CL-028,6,2025-08-26
INT-01781,CL-032,6.5,2025-08-26
INT-01782,CL-084,3,2025-08-26
INT-01783,CL-125,0.5,2025-08-26
INT-01784,CL-160,2,2025-08-26
INT-01785,CL-179,0.5,2025-08-26
INT-01786,CL-183,2.5,2025-08-26
INT-01787,CL-225,2.5,2025-08-26
INT-01788,CL-231,1,2025-08-26
INT-01789,CL-258,6.5,2025-08-26
INT-01790,CL-001,3,2025-08-27
INT-01791,CL-004,4.5,2025-08-27
INT-01792,CL-056,1.5,2025-08-27
INT-01793,CL-076,0.5,2025-08-27
INT-01794,CL-154,2.5,2025-08-27
INT-01795,CL-159,3,2025-08-27
INT-01796,CL-241,2,2025-08-27
INT-01797,CL-256,3,2025-08-27
INT-01798,CL-033,4.5,2025-08-28
INT-01799,CL-116,2.5,2025-08-28
INT-01800,CL-125,1.5,2025-08-28
INT-01801,CL-140,2.5,2025-08-28
INT-01802,CL-188,2.5,2025-08-28
INT-01803,CL-192,2.5,2025-08-28
INT-01804,CL-202,3,2025-08-28
INT-01805,CL-002,6.5,2025-08-29
INT-01806,CL-013,3,2025-08-29
INT-01807,CL-028,1,2025-08-29
INT-01808,CL-040,2.5,2025-08-29
INT-01809,CL-101,0.5,2025-08-29
INT-01810,CL-135,2,2025-08-29
INT-01811,CL-139,2,2025-08-29
INT-01812,CL-180,2.5,2025-08-29
INT-01813,CL-220,0.5,2025-08-29
INT-01814,CL-228,1.5,2025-08-29
INT-01815,CL-235,3,2025-08-29
INT-01816,CL-236,7.5,2025-08-29
INT-01817,CL-242,0.5,2025-08-29
INT-01818,CL-005,6.5,2025-09-01
INT-01819,CL-021,6.5,2025-09-01
INT-01820,CL-027,3,2025-09-01
INT-01821,CL-031,2,2025-09-01
INT-01822,CL-031,2,2025-09-01
INT-01823,CL-087,1,2025-09-01
INT-01824,CL-099,0.5,2025-09-01
INT-01825,CL-113,0.5,2025-09-01
INT-01826,CL-144,0.5,2025-09-01
INT-01827,CL-169,1,2025-09-01
INT-01828,CL-174,1.5,2025-09-01
INT-01829,CL-213,0.5,2025-09-01
INT-01830,CL-225,0.5,2025-09-01
INT-01831,CL-246,8,2025-09-01
INT-01832,CL-256,1,2025-09-01
INT-01833,CL-006,4.5,2025-09-02
INT-01834,CL-018,2,2025-09-02
INT-01835,CL-024,5,2025-09-02
INT-01836,CL-027,2,2025-09-02
INT-01837,CL-031,1,2025-09-02
INT-01838,CL-104,2,2025-09-02
INT-01839,CL-137,2.5,2025-09-02
INT-01840,CL-216,2.5,2025-09-02
INT-01841,CL-224,7,2025-09-02
INT-01842,CL-225,2.5,2025-09-02
INT-01843,CL-258,3.5,2025-09-02
INT-01844,CL-010,3.5,2025-09-03
INT-01845,CL-024,6,2025-09-03
INT-01846,CL-025,7,2025-09-03
INT-01847,CL-032,4,2025-09-03
INT-01848,CL-071,2.5,2025-09-03
INT-01849,CL-092,0.5,2025-09-03
INT-01850,CL-181,2.5,2025-09-03
INT-01851,CL-232,1.5,2025-09-03
INT-01852,CL-239,4.5,2025-09-03
INT-01853,CL-251,3,2025-09-03
INT-01854,CL-258,1,2025-09-03
INT-01855,CL-004,2.5,2025-09-04
INT-01856,CL-026,5,2025-09-04
INT-01857,CL-040,0.5,2025-09-04
INT-01858,CL-114,1,2025-09-04
INT-01859,CL-178,1.5,2025-09-04
INT-01860,CL-211,1,2025-09-04
INT-01861,CL-232,0.5,2025-09-04
INT-01862,CL-246,0.5,2025-09-04
INT-01863,CL-011,5.5,2025-09-05
INT-01864,CL-026,3,2025-09-05
INT-01865,CL-200,0.5,2025-09-05
INT-01866,CL-223,1,2025-09-05
INT-01867,CL-249,6,2025-09-05
INT-01868,CL-257,2,2025-09-05
INT-01869,CL-001,2,2025-09-08
INT-01870,CL-014,5.5,2025-09-08
INT-01871,CL-017,5.5,2025-09-08
INT-01872,CL-019,1,2025-09-08
INT-01873,CL-023,2.5,2025-09-08
INT-01874,CL-026,5,2025-09-08
INT-01875,CL-030,8,2025-09-08
INT-01876,CL-030,4,2025-09-08
INT-01877,CL-034,7.5,2025-09-08
INT-01878,CL-036,1.5,2025-09-08
INT-01879,CL-041,3,2025-09-08
INT-01880,CL-043,1.5,2025-09-08
INT-01881,CL-103,2.5,2025-09-08
INT-01882,CL-130,0.5,2025-09-08
INT-01883,CL-254,3,2025-09-08
INT-01884,CL-258,5.5,2025-09-08
INT-01885,CL-005,6,2025-09-09
INT-01886,CL-026,4,2025-09-09
INT-01887,CL-030,6,2025-09-09
INT-01888,CL-032,0.5,2025-09-09
INT-01889,CL-081,0.5,2025-09-09
INT-01890,CL-127,3,2025-09-09
INT-01891,CL-160,1,2025-09-09
INT-01892,CL-178,1.5,2025-09-09
INT-01893,CL-180,0.5,2025-09-09
INT-01894,CL-223,0.5,2025-09-09
INT-01895,CL-231,3,2025-09-09
INT-01896,CL-234,2,2025-09-09
INT-01897,CL-242,1,2025-09-09
INT-01898,CL-001,0.5,2025-09-10
INT-01899,CL-002,5,2025-09-10
INT-01900,CL-006,0.5,2025-09-10
INT-01901,CL-027,1.5,2025-09-10
INT-01902,CL-097,1,2025-09-10
INT-01903,CL-109,1,2025-09-10
INT-01904,CL-180,0.5,2025-09-10
INT-01905,CL-219,0.5,2025-09-10
INT-01906,CL-229,1,2025-09-10
INT-01907,CL-235,1,2025-09-10
INT-01908,CL-237,2.5,2025-09-10
INT-01909,CL-252,2,2025-09-10
INT-01910,CL-045,2,2025-09-11
INT-01911,CL-073,1.5,2025-09-11
INT-01912,CL-082,1,2025-09-11
INT-01913,CL-084,3,2025-09-11
INT-01914,CL-123,0.5,2025-09-11
INT-01915,CL-136,1,2025-09-11
INT-01916,CL-168,3,2025-09-11
INT-01917,CL-200,3,2025-09-11
INT-01918,CL-204,0.5,2025-09-11
INT-01919,CL-205,1,2025-09-11
INT-01920,CL-256,2,2025-09-11
INT-01921,CL-022,0.5,2025-09-12
INT-01922,CL-032,7.5,2025-09-12
INT-01923,CL-068,1,2025-09-12
INT-01924,CL-109,0.5,2025-09-12
INT-01925,CL-221,1,2025-09-12
INT-01926,CL-237,5,2025-09-12
INT-01927,CL-006,2,2025-09-15
INT-01928,CL-010,7.5,2025-09-15
INT-01929,CL-015,0.5,2025-09-15
INT-01930,CL-026,0.5,2025-09-15
INT-01931,CL-027,2.5,2025-09-15
INT-01932,CL-043,1,2025-09-15
INT-01933,CL-173,1,2025-09-15
INT-01934,CL-228,1,2025-09-15
INT-01935,CL-243,8,2025-09-15
INT-01936,CL-003,5.5,2025-09-16
INT-01937,CL-003,4,2025-09-16
INT-01938,CL-027,1,2025-09-16
INT-01939,CL-154,0.5,2025-09-16
INT-01940,CL-183,1,2025-09-16
INT-01941,CL-228,8,2025-09-16
INT-01942,CL-252,0.5,2025-09-16
INT-01943,CL-015,2,2025-09-17
INT-01944,CL-023,5,2025-09-17
INT-01945,CL-026,3,2025-09-17
INT-01946,CL-159,2.5,2025-09-17
INT-01947,CL-184,1,2025-09-17
INT-01948,CL-199,1,2025-09-17
INT-01949,CL-202,0.5,2025-09-17
INT-01950,CL-205,2.5,2025-09-17
INT-01951,CL-206,0.5,2025-09-17
INT-01952,CL-220,3,2025-09-17
INT-01953,CL-253,7.5,2025-09-17
INT-01954,CL-011,4.5,2025-09-18
INT-01955,CL-014,6,2025-09-18
INT-01956,CL-033,4.5,2025-09-18
INT-01957,CL-104,1,2025-09-18
INT-01958,CL-131,0.5,2025-09-18
INT-01959,CL-131,0.5,2025-09-18
INT-01960,CL-147,1.5,2025-09-18
INT-01961,CL-191,1.5,2025-09-18
INT-01962,CL-209,1.5,2025-09-18
INT-01963,CL-222,2,2025-09-18
INT-01964,CL-223,1,2025-09-18
INT-01965,CL-237,4,2025-09-18
INT-01966,CL-240,2,2025-09-18
INT-01967,CL-245,2.5,2025-09-18
INT-01968,CL-007,1.5,2025-09-19
INT-01969,CL-020,1,2025-09-19
INT-01970,CL-028,4.5,2025-09-19
INT-01971,CL-117,2,2025-09-19
INT-01972,CL-190,3,2025-09-19
INT-01973,CL-230,5.5,2025-09-19
INT-01974,CL-233,0.5,2025-09-19
INT-01975,CL-256,1,2025-09-19
INT-01976,CL-005,4,2025-09-22
INT-01977,CL-011,0.5,2025-09-22
INT-01978,CL-020,5.5,2025-09-22
INT-01979,CL-042,2.5,2025-09-22
INT-01980,CL-060,2,2025-09-22
INT-01981,CL-177,1,2025-09-22
INT-01982,CL-223,1,2025-09-22
INT-01983,CL-227,2,2025-09-22
INT-01984,CL-243,5,2025-09-22
INT-01985,CL-254,1,2025-09-22
INT-01986,CL-006,2,2025-09-23
INT-01987,CL-028,8,2025-09-23
INT-01988,CL-043,1.5,2025-09-23
INT-01989,CL-043,1,2025-09-23
INT-01990,CL-046,3,2025-09-23
INT-01991,CL-046,2,2025-09-23
INT-01992,CL-152,2.5,2025-09-23
INT-01993,CL-161,0.5,2025-09-23
INT-01994,CL-187,2,2025-09-23
INT-01995,CL-213,1,2025-09-23
INT-01996,CL-252,5.5,2025-09-23
INT-01997,CL-252,8,2025-09-23
INT-01998,CL-014,4.5,2025-09-24
INT-01999,CL-029,3,2025-09-24
INT-02000,CL-033,7.5,2025-09-24
INT-02001,CL-055,1.5,2025-09-24
INT-02002,CL-060,2,2025-09-24
INT-02003,CL-198,1.5,2025-09-24
INT-02004,CL-205,1,2025-09-24
INT-02005,CL-224,2.5,2025-09-24
INT-02006,CL-229,4,2025-09-24
INT-02007,CL-240,1,2025-09-24
INT-02008,CL-006,8,2025-09-25
INT-02009,CL-014,8,2025-09-25
INT-02010,CL-136,2.5,2025-09-25
INT-02011,CL-136,2.5,2025-09-25
INT-02012,CL-182,3,2025-09-25
INT-02013,CL-210,0.5,2025-09-25
INT-02014,CL-240,2.5,2025-09-25
INT-02015,CL-257,1,2025-09-25
INT-02016,CL-001,2.5,2025-09-26
INT-02017,CL-014,4,2025-09-26
INT-02018,CL-015,2,2025-09-26
INT-02019,CL-020,6.5,2025-09-26
INT-02020,CL-174,3,2025-09-26
INT-02021,CL-194,2.5,2025-09-26
INT-02022,CL-214,1.5,2025-09-26
INT-02023,CL-220,1,2025-09-26
INT-02024,CL-225,1,2025-09-26
INT-02025,CL-230,6.5,2025-09-26
INT-02026,CL-235,0.5,2025-09-26
INT-02027,CL-251,1,2025-09-26
INT-02028,CL-008,1,2025-09-29
INT-02029,CL-020,3,2025-09-29
INT-02030,CL-067,2,2025-09-29
INT-02031,CL-077,1.5,2025-09-29
INT-02032,CL-081,1,2025-09-29
INT-02033,CL-094,2.5,2025-09-29
INT-02034,CL-109,0.5,2025-09-29
INT-02035,CL-142,2,2025-09-29
INT-02036,CL-190,2,2025-09-29
INT-02037,CL-195,2.5,2025-09-29
INT-02038,CL-201,1,2025-09-29
INT-02039,CL-225,3,2025-09-29
INT-02040,CL-001,2.5,2025-09-30
INT-02041,CL-015,1,2025-09-30
INT-02042,CL-029,8,2025-09-30
INT-02043,CL-033,8,2025-09-30
INT-02044,CL-054,3,2025-09-30
INT-02045,CL-057,1.5,2025-09-30
INT-02046,CL-072,2.5,2025-09-30
INT-02047,CL-074,1,2025-09-30
INT-02048,CL-090,1.5,2025-09-30
INT-02049,CL-092,0.5,2025-09-30
INT-02050,CL-103,2,2025-09-30
INT-02051,CL-119,2.5,2025-09-30
INT-02052,CL-135,2.5,2025-09-30
INT-02053,CL-170,1,2025-09-30
INT-02054,CL-175,0.5,2025-09-30
INT-02055,CL-220,0.5,2025-09-30
INT-02056,CL-222,0.5,2025-09-30
INT-02057,CL-249,3.5,2025-09-30
INT-02058,CL-254,2.5,2025-09-30
INT-02059,CL-013,1.5,2025-10-01
INT-02060,CL-043,1,2025-10-01
INT-02061,CL-131,3,2025-10-01
INT-02062,CL-236,3,2025-10-01
INT-02063,CL-239,1,2025-10-01
INT-02064,CL-248,1,2025-10-01
INT-02065,CL-017,2.5,2025-10-02
INT-02066,CL-023,1.5,2025-10-02
INT-02067,CL-114,1,2025-10-02
INT-02068,CL-123,2,2025-10-02
INT-02069,CL-232,0.5,2025-10-02
INT-02070,CL-236,3.5,2025-10-02
INT-02071,CL-237,7,2025-10-02
INT-02072,CL-239,3.5,2025-10-02
INT-02073,CL-006,7.5,2025-10-03
INT-02074,CL-008,7,2025-10-03
INT-02075,CL-013,2.5,2025-10-03
INT-02076,CL-028,4.5,2025-10-03
INT-02077,CL-099,2.5,2025-10-03
INT-02078,CL-109,1.5,2025-10-03
INT-02079,CL-172,0.5,2025-10-03
INT-02080,CL-178,1,2025-10-03
INT-02081,CL-219,0.5,2025-10-03
INT-02082,CL-220,0.5,2025-10-03
INT-02083,CL-225,1,2025-10-03
INT-02084,CL-227,2.5,2025-10-03
INT-02085,CL-240,2,2025-10-03
INT-02086,CL-253,1,2025-10-03
INT-02087,CL-026,2,2025-10-06
INT-02088,CL-029,3,2025-10-06
INT-02089,CL-043,2.5,2025-10-06
INT-02090,CL-078,2.5,2025-10-06
INT-02091,CL-122,1,2025-10-06
INT-02092,CL-133,3,2025-10-06
INT-02093,CL-165,2.5,2025-10-06
INT-02094,CL-174,3,2025-10-06
INT-02095,CL-208,3,2025-10-06
INT-02096,CL-210,1,2025-10-06
INT-02097,CL-217,3,2025-10-06
INT-02098,CL-218,3,2025-10-06
INT-02099,CL-253,3,2025-10-06
INT-02100,CL-002,2,2025-10-07
INT-02101,CL-014,0.5,2025-10-07
INT-02102,CL-018,3.5,2025-10-07
INT-02103,CL-021,6,2025-10-07
INT-02104,CL-057,1,2025-10-07
INT-02105,CL-070,0.5,2025-10-07
INT-02106,CL-093,1,2025-10-07
INT-02107,CL-099,1,2025-10-07
INT-02108,CL-221,1,2025-10-07
INT-02109,CL-237,3,2025-10-07
INT-02110,CL-001,2,2025-10-08
INT-02111,CL-028,3.5,2025-10-08
INT-02112,CL-082,2.5,2025-10-08
INT-02113,CL-125,1,2025-10-08
INT-02114,CL-194,1,2025-10-08
INT-02115,CL-199,2,2025-10-08
INT-02116,CL-220,1.5,2025-10-08
INT-02117,CL-227,2.5,2025-10-08
INT-02118,CL-006,7,2025-10-09
INT-02119,CL-032,2.5,2025-10-09
INT-02120,CL-050,1,2025-10-09
INT-02121,CL-063,1,2025-10-09
INT-02122,CL-074,0.5,2025-10-09
INT-02123,CL-130,1,2025-10-09
INT-02124,CL-162,1.5,2025-10-09
INT-02125,CL-198,0.5,2025-10-09
INT-02126,CL-200,0.5,2025-10-09
INT-02127,CL-223,0.5,2025-10-09
INT-02128,CL-225,2,2025-10-09
INT-02129,CL-008,7,2025-10-10
INT-02130,CL-014,7,2025-10-10
INT-02131,CL-015,2.5,2025-10-10
INT-02132,CL-015,2.5,2025-10-10
INT-02133,CL-026,4.5,2025-10-10
INT-02134,CL-031,6.5,2025-10-10
INT-02135,CL-043,0.5,2025-10-10
INT-02136,CL-114,3,2025-10-10
INT-02137,CL-123,1,2025-10-10
INT-02138,CL-135,3,2025-10-10
INT-02139,CL-143,1,2025-10-10
INT-02140,CL-154,0.5,2025-10-10
INT-02141,CL-235,5,2025-10-10
INT-02142,CL-247,1.5,2025-10-10
INT-02143,CL-001,2,2025-10-13
INT-02144,CL-008,3.5,2025-10-13
INT-02145,CL-043,3,2025-10-13
INT-02146,CL-046,0.5,2025-10-13
INT-02147,CL-141,0.5,2025-10-13
INT-02148,CL-244,4,2025-10-13
INT-02149,CL-252,7.5,2025-10-13
INT-02150,CL-254,3,2025-10-13
INT-02151,CL-014,2,2025-10-14
INT-02152,CL-015,0.5,2025-10-14
INT-02153,CL-018,7.5,2025-10-14
INT-02154,CL-024,3.5,2025-10-14
INT-02155,CL-098,1.5,2025-10-14
INT-02156,CL-107,3,2025-10-14
INT-02157,CL-144,2,2025-10-14
INT-02158,CL-146,2.5,2025-10-14
INT-02159,CL-161,0.5,2025-10-14
INT-02160,CL-212,2.5,2025-10-14
INT-02161,CL-219,6.5,2025-10-14
INT-02162,CL-001,2.5,2025-10-15
INT-02163,CL-010,4,2025-10-15
INT-02164,CL-018,6,2025-10-15
INT-02165,CL-019,4.5,2025-10-15
INT-02166,CL-023,8,2025-10-15
INT-02167,CL-112,0.5,2025-10-15
INT-02168,CL-152,1,2025-10-15
INT-02169,CL-254,1.5,2025-10-15
INT-02170,CL-012,0.5,2025-10-16
INT-02171,CL-032,7.5,2025-10-16
INT-02172,CL-049,1,2025-10-16
INT-02173,CL-070,1,2025-10-16
INT-02174,CL-077,1.5,2025-10-16
INT-02175,CL-079,2.5,2025-10-16
INT-02176,CL-112,2.5,2025-10-16
INT-02177,CL-115,2.5,2025-10-16
INT-02178,CL-001,1,2025-10-17
INT-02179,CL-006,0.5,2025-10-17
INT-02180,CL-068,1.5,2025-10-17
INT-02181,CL-073,1.5,2025-10-17
INT-02182,CL-107,1,2025-10-17
INT-02183,CL-151,0.5,2025-10-17
INT-02184,CL-191,2.5,2025-10-17
INT-02185,CL-230,2,2025-10-17
INT-02186,CL-237,1.5,2025-10-17
INT-02187,CL-243,5,2025-10-17
INT-02188,CL-250,2.5,2025-10-17
INT-02189,CL-002,5,2025-10-20
INT-02190,CL-010,1.5,2025-10-20
INT-02191,CL-020,7.5,2025-10-20
INT-02192,CL-028,3,2025-10-20
INT-02193,CL-031,3,2025-10-20
INT-02194,CL-062,1.5,2025-10-20
INT-02195,CL-076,1.5,2025-10-20
INT-02196,CL-096,0.5,2025-10-20
INT-02197,CL-234,1,2025-10-20
INT-02198,CL-027,1.5,2025-10-21
INT-02199,CL-029,7,2025-10-21
INT-02200,CL-057,1.5,2025-10-21
INT-02201,CL-070,3,2025-10-21
INT-02202,CL-081,2,2025-10-21
INT-02203,CL-171,2.5,2025-10-21
INT-02204,CL-002,8,2025-10-22
INT-02205,CL-004,5,2025-10-22
INT-02206,CL-014,4,2025-10-22
INT-02207,CL-024,5,2025-10-22
INT-02208,CL-026,4.5,2025-10-22
INT-02209,CL-059,0.5,2025-10-22
INT-02210,CL-074,2,2025-10-22
INT-02211,CL-103,2.5,2025-10-22
INT-02212,CL-210,1,2025-10-22
INT-02213,CL-232,2.5,2025-10-22
INT-02214,CL-233,1,2025-10-22
INT-02215,CL-251,1.5,2025-10-22
INT-02216,CL-005,1.5,2025-10-23
INT-02217,CL-011,7.5,2025-10-23
INT-02218,CL-012,3,2025-10-23
INT-02219,CL-012,2.5,2025-10-23
INT-02220,CL-082,1,2025-10-23
INT-02221,CL-138,0.5,2025-10-23
INT-02222,CL-160,1.5,2025-10-23
INT-02223,CL-177,2,2025-10-23
INT-02224,CL-224,4.5,2025-10-23
INT-02225,CL-228,3,2025-10-23
INT-02226,CL-252,5.5,2025-10-23
INT-02227,CL-031,3.5,2025-10-24
INT-02228,CL-035,2.5,2025-10-24
INT-02229,CL-094,2,2025-10-24
INT-02230,CL-102,2.5,2025-10-24
INT-02231,CL-176,2.5,2025-10-24
INT-02232,CL-206,2,2025-10-24
INT-02233,CL-252,2,2025-10-24
INT-02234,CL-005,5.5,2025-10-27
INT-02235,CL-017,0.5,2025-10-27
INT-02236,CL-024,4,2025-10-27
INT-02237,CL-031,1,2025-10-27
INT-02238,CL-147,1,2025-10-27
INT-02239,CL-158,1,2025-10-27
INT-02240,CL-257,0.5,2025-10-27
INT-02241,CL-019,7.5,2025-10-28
INT-02242,CL-023,1.5,2025-10-28
INT-02243,CL-023,4.5,2025-10-28
INT-02244,CL-023,1,2025-10-28
INT-02245,CL-034,6,2025-10-28
INT-02246,CL-056,1,2025-10-28
INT-02247,CL-075,2,2025-10-28
INT-02248,CL-143,2.5,2025-10-28
INT-02249,CL-145,1.5,2025-10-28
INT-02250,CL-205,2.5,2025-10-28
INT-02251,CL-219,7.5,2025-10-28
INT-02252,CL-241,2,2025-10-28
INT-02253,CL-246,2.5,2025-10-28
INT-02254,CL-018,8,2025-10-29
INT-02255,CL-034,6,2025-10-29
INT-02256,CL-048,1,2025-10-29
INT-02257,CL-069,3,2025-10-29
INT-02258,CL-174,1,2025-10-29
INT-02259,CL-212,3,2025-10-29
INT-02260,CL-220,1,2025-10-29
INT-02261,CL-226,4.5,2025-10-29
INT-02262,CL-236,5,2025-10-29
INT-02263,CL-250,4.5,2025-10-29
INT-02264,CL-001,1,2025-10-30
INT-02265,CL-010,0.5,2025-10-30
INT-02266,CL-011,2.5,2025-10-30
INT-02267,CL-023,7,2025-10-30
INT-02268,CL-025,6,2025-10-30
INT-02269,CL-028,1.5,2025-10-30
INT-02270,CL-082,1,2025-10-30
INT-02271,CL-087,2.5,2025-10-30
INT-02272,CL-092,2,2025-10-30
INT-02273,CL-093,0.5,2025-10-30
INT-02274,CL-102,1.5,2025-10-30
INT-02275,CL-144,2,2025-10-30
INT-02276,CL-213,1.5,2025-10-30
INT-02277,CL-233,2.5,2025-10-30
INT-02278,CL-242,5.5,2025-10-30
INT-02279,CL-244,2.5,2025-10-30
INT-02280,CL-251,3,2025-10-30
INT-02281,CL-252,1.5,2025-10-30
INT-02282,CL-258,3,2025-10-30
INT-02283,CL-001,2.5,2025-10-31
INT-02284,CL-009,6.5,2025-10-31
INT-02285,CL-014,3,2025-10-31
INT-02286,CL-019,1.5,2025-10-31
INT-02287,CL-026,0.5,2025-10-31
INT-02288,CL-028,6,2025-10-31
INT-02289,CL-164,2,2025-10-31
INT-02290,CL-241,1,2025-10-31
INT-02291,CL-006,6.5,2025-11-03
INT-02292,CL-007,5.5,2025-11-03
INT-02293,CL-007,4.5,2025-11-03
INT-02294,CL-032,4.5,2025-11-03
INT-02295,CL-081,1,2025-11-03
INT-02296,CL-117,2,2025-11-03
INT-02297,CL-164,3,2025-11-03
INT-02298,CL-169,3,2025-11-03
INT-02299,CL-245,2.5,2025-11-03
INT-02300,CL-245,5.5,2025-11-03
INT-02301,CL-012,3,2025-11-04
INT-02302,CL-104,0.5,2025-11-04
INT-02303,CL-185,1,2025-11-04
INT-02304,CL-206,2,2025-11-04
INT-02305,CL-218,0.5,2025-11-04
INT-02306,CL-232,3,2025-11-04
INT-02307,CL-246,3,2025-11-04
INT-02308,CL-257,1.5,2025-11-04
INT-02309,CL-016,5,2025-11-05
INT-02310,CL-018,2.5,2025-11-05
INT-02311,CL-020,4,2025-11-05
INT-02312,CL-020,8,2025-11-05
INT-02313,CL-028,1.5,2025-11-05
INT-02314,CL-171,2.5,2025-11-05
INT-02315,CL-219,0.5,2025-11-05
INT-02316,CL-250,2.5,2025-11-05
INT-02317,CL-252,1.5,2025-11-05
INT-02318,CL-256,0.5,2025-11-05
INT-02319,CL-012,0.5,2025-11-06
INT-02320,CL-016,2.5,2025-11-06
INT-02321,CL-018,1.5,2025-11-06
INT-02322,CL-025,6.5,2025-11-06
INT-02323,CL-031,5.5,2025-11-06
INT-02324,CL-061,2,2025-11-06
INT-02325,CL-108,2,2025-11-06
INT-02326,CL-129,2.5,2025-11-06
INT-02327,CL-159,0.5,2025-11-06
INT-02328,CL-174,1.5,2025-11-06
INT-02329,CL-231,2.5,2025-11-06
INT-02330,CL-233,1.5,2025-11-06
INT-02331,CL-235,3.5,2025-11-06
INT-02332,CL-242,6.5,2025-11-06
INT-02333,CL-001,1,2025-11-07
INT-02334,CL-020,3.5,2025-11-07
INT-02335,CL-027,1,2025-11-07
INT-02336,CL-055,2,2025-11-07
INT-02337,CL-077,0.5,2025-11-07
INT-02338,CL-086,0.5,2025-11-07
INT-02339,CL-108,3,2025-11-07
INT-02340,CL-153,1,2025-11-07
INT-02341,CL-176,2,2025-11-07
INT-02342,CL-214,2.5,2025-11-07
INT-02343,CL-224,4.5,2025-11-07
INT-02344,CL-230,6.5,2025-11-07
INT-02345,CL-248,2.5,2025-11-07
INT-02346,CL-001,1,2025-11-10
INT-02347,CL-008,0.5,2025-11-10
INT-02348,CL-011,5,2025-11-10
INT-02349,CL-040,0.5,2025-11-10
INT-02350,CL-072,3,2025-11-10
INT-02351,CL-109,2,2025-11-10
INT-02352,CL-234,3,2025-11-10
INT-02353,CL-240,0.5,2025-11-10
INT-02354,CL-252,2.5,2025-11-10
INT-02355,CL-254,3,2025-11-10
INT-02356,CL-257,1,2025-11-10
INT-02357,CL-031,6.5,2025-11-11
INT-02358,CL-054,2.5,2025-11-11
INT-02359,CL-088,1.5,2025-11-11
INT-02360,CL-104,0.5,2025-11-11
INT-02361,CL-224,3,2025-11-11
INT-02362,CL-224,5.5,2025-11-11
INT-02363,CL-233,1,2025-11-11
INT-02364,CL-242,7,2025-11-11
INT-02365,CL-244,7.5,2025-11-11
INT-02366,CL-256,0.5,2025-11-11
INT-02367,CL-257,1.5,2025-11-11
INT-02368,CL-002,4,2025-11-12
INT-02369,CL-016,1.5,2025-11-12
INT-02370,CL-018,1.5,2025-11-12
INT-02371,CL-021,5,2025-11-12
INT-02372,CL-024,3.5,2025-11-12
INT-02373,CL-026,1,2025-11-12
INT-02374,CL-031,3.5,2025-11-12
INT-02375,CL-128,3,2025-11-12
INT-02376,CL-136,3,2025-11-12
INT-02377,CL-160,1,2025-11-12
INT-02378,CL-248,0.5,2025-11-12
INT-02379,CL-257,1.5,2025-11-12
INT-02380,CL-018,7.5,2025-11-13
INT-02381,CL-020,4.5,2025-11-13
INT-02382,CL-026,0.5,2025-11-13
INT-02383,CL-028,4.5,2025-11-13
INT-02384,CL-031,2,2025-11-13
INT-02385,CL-055,1,2025-11-13
INT-02386,CL-100,0.5,2025-11-13
INT-02387,CL-120,1.5,2025-11-13
INT-02388,CL-177,1.5,2025-11-13
INT-02389,CL-177,0.5,2025-11-13
INT-02390,CL-203,1,2025-11-13
INT-02391,CL-224,4.5,2025-11-13
INT-02392,CL-239,6,2025-11-13
INT-02393,CL-243,5.5,2025-11-13
INT-02394,CL-001,3,2025-11-14
INT-02395,CL-005,6,2025-11-14
INT-02396,CL-026,6,2025-11-14
INT-02397,CL-059,3,2025-11-14
INT-02398,CL-144,3,2025-11-14
INT-02399,CL-187,3,2025-11-14
INT-02400,CL-192,1.5,2025-11-14
INT-02401,CL-198,0.5,2025-11-14
INT-02402,CL-209,1,2025-11-14
INT-02403,CL-231,1.5,2025-11-14
INT-02404,CL-231,2,2025-11-14
INT-02405,CL-236,5.5,2025-11-14
INT-02406,CL-245,2,2025-11-14
INT-02407,CL-245,6,2025-11-14
INT-02408,CL-251,1.5,2025-11-14
INT-02409,CL-252,3,2025-11-14
INT-02410,CL-253,5,2025-11-14
INT-02411,CL-258,3,2025-11-14
INT-02412,CL-011,3,2025-11-17
INT-02413,CL-018,3.5,2025-11-17
INT-02414,CL-018,8,2025-11-17
INT-02415,CL-024,0.5,2025-11-17
INT-02416,CL-027,1.5,2025-11-17
INT-02417,CL-032,4,2025-11-17
INT-02418,CL-113,0.5,2025-11-17
INT-02419,CL-114,2.5,2025-11-17
INT-02420,CL-132,0.5,2025-11-17
INT-02421,CL-154,1,2025-11-17
INT-02422,CL-160,1.5,2025-11-17
INT-02423,CL-181,2.5,2025-11-17
INT-02424,CL-228,6.5,2025-11-17
INT-02425,CL-248,2,2025-11-17
INT-02426,CL-253,5,2025-11-17
INT-02427,CL-005,1.5,2025-11-18
INT-02428,CL-005,1.5,2025-11-18
INT-02429,CL-008,3.5,2025-11-18
INT-02430,CL-026,7,2025-11-18
INT-02431,CL-028,6.5,2025-11-18
INT-02432,CL-232,1.5,2025-11-18
INT-02433,CL-003,4,2025-11-19
INT-02434,CL-041,1.5,2025-11-19
INT-02435,CL-109,1,2025-11-19
INT-02436,CL-195,2,2025-11-19
INT-02437,CL-236,3,2025-11-19
INT-02438,CL-237,8,2025-11-19
INT-02439,CL-246,5,2025-11-19
INT-02440,CL-012,3,2025-11-20
INT-02441,CL-125,3,2025-11-20
INT-02442,CL-177,2.5,2025-11-20
INT-02443,CL-184,3,2025-11-20
INT-02444,CL-211,1.5,2025-11-20
INT-02445,CL-229,0.5,2025-11-20
INT-02446,CL-234,0.5,2025-11-20
INT-02447,CL-252,7.5,2025-11-20
INT-02448,CL-256,0.5,2025-11-20
INT-02449,CL-257,2,2025-11-20
INT-02450,CL-004,3,2025-11-21
INT-02451,CL-005,7,2025-11-21
INT-02452,CL-007,1,2025-11-21
INT-02453,CL-012,1.5,2025-11-21
INT-02454,CL-013,3,2025-11-21
INT-02455,CL-019,3,2025-11-21
INT-02456,CL-056,0.5,2025-11-21
INT-02457,CL-162,1,2025-11-21
INT-02458,CL-168,0.5,2025-11-21
INT-02459,CL-197,2,2025-11-21
INT-02460,CL-205,2,2025-11-21
INT-02461,CL-241,1,2025-11-21
INT-02462,CL-241,1,2025-11-21
INT-02463,CL-248,2,2025-11-21
INT-02464,CL-252,2.5,2025-11-21
INT-02465,CL-003,6,2025-11-24
INT-02466,CL-003,0.5,2025-11-24
INT-02467,CL-012,1,2025-11-24
INT-02468,CL-014,2.5,2025-11-24
INT-02469,CL-146,2,2025-11-24
INT-02470,CL-238,0.5,2025-11-24
INT-02471,CL-250,3.5,2025-11-24
INT-02472,CL-001,0.5,2025-11-25
INT-02473,CL-007,2,2025-11-25
INT-02474,CL-017,5,2025-11-25
INT-02475,CL-028,5.5,2025-11-25
INT-02476,CL-031,2.5,2025-11-25
INT-02477,CL-180,1.5,2025-11-25
INT-02478,CL-218,2,2025-11-25
INT-02479,CL-225,2,2025-11-25
INT-02480,CL-229,1.5,2025-11-25
INT-02481,CL-236,6,2025-11-25
INT-02482,CL-010,7,2025-11-26
INT-02483,CL-026,7,2025-11-26
INT-02484,CL-170,0.5,2025-11-26
INT-02485,CL-202,1,2025-11-26
INT-02486,CL-225,1,2025-11-26
INT-02487,CL-254,1,2025-11-26
INT-02488,CL-006,5,2025-11-27
INT-02489,CL-014,0.5,2025-11-27
INT-02490,CL-018,6.5,2025-11-27
INT-02491,CL-018,8,2025-11-27
INT-02492,CL-026,6.5,2025-11-27
INT-02493,CL-036,0.5,2025-11-27
INT-02494,CL-038,1.5,2025-11-27
INT-02495,CL-053,1.5,2025-11-27
INT-02496,CL-072,0.5,2025-11-27
INT-02497,CL-113,1,2025-11-27
INT-02498,CL-160,2.5,2025-11-27
INT-02499,CL-200,3,2025-11-27
INT-02500,CL-205,2.5,2025-11-27
INT-02501,CL-231,1.5,2025-11-27
INT-02502,CL-243,1,2025-11-27
INT-02503,CL-251,3,2025-11-27
INT-02504,CL-252,0.5,2025-11-27
INT-02505,CL-252,2,2025-11-27
INT-02506,CL-012,0.5,2025-11-28
INT-02507,CL-045,0.5,2025-11-28
INT-02508,CL-141,0.5,2025-11-28
INT-02509,CL-225,1.5,2025-11-28
INT-02510,CL-246,4,2025-11-28
INT-02511,CL-014,7.5,2025-12-01
INT-02512,CL-026,8,2025-12-01
INT-02513,CL-028,5.5,2025-12-01
INT-02514,CL-066,0.5,2025-12-01
INT-02515,CL-112,3,2025-12-01
INT-02516,CL-162,0.5,2025-12-01
INT-02517,CL-244,2.5,2025-12-01
INT-02518,CL-252,2.5,2025-12-01
INT-02519,CL-001,1,2025-12-02
INT-02520,CL-003,3.5,2025-12-02
INT-02521,CL-007,4,2025-12-02
INT-02522,CL-023,1,2025-12-02
INT-02523,CL-024,3.5,2025-12-02
INT-02524,CL-026,4.5,2025-12-02
INT-02525,CL-027,1,2025-12-02
INT-02526,CL-027,1,2025-12-02
INT-02527,CL-065,2.5,2025-12-02
INT-02528,CL-067,2.5,2025-12-02
INT-02529,CL-168,3,2025-12-02
INT-02530,CL-194,3,2025-12-02
INT-02531,CL-194,3,2025-12-02
INT-02532,CL-254,3,2025-12-02
INT-02533,CL-009,1,2025-12-03
INT-02534,CL-023,6.5,2025-12-03
INT-02535,CL-034,1,2025-12-03
INT-02536,CL-050,3,2025-12-03
INT-02537,CL-057,1.5,2025-12-03
INT-02538,CL-159,2.5,2025-12-03
INT-02539,CL-236,4,2025-12-03
INT-02540,CL-008,2,2025-12-04
INT-02541,CL-016,3,2025-12-04
INT-02542,CL-020,5,2025-12-04
INT-02543,CL-068,1,2025-12-04
INT-02544,CL-082,1.5,2025-12-04
INT-02545,CL-199,1,2025-12-04
INT-02546,CL-223,3,2025-12-04
INT-02547,CL-229,2,2025-12-04
INT-02548,CL-002,4,2025-12-05
INT-02549,CL-008,1.5,2025-12-05
INT-02550,CL-014,4,2025-12-05
INT-02551,CL-020,6,2025-12-05
INT-02552,CL-051,2,2025-12-05
INT-02553,CL-084,1.5,2025-12-05
INT-02554,CL-120,1.5,2025-12-05
INT-02555,CL-140,1.5,2025-12-05
INT-02556,CL-147,3,2025-12-05
INT-02557,CL-229,5.5,2025-12-05
INT-02558,CL-229,0.5,2025-12-05
INT-02559,CL-232,0.5,2025-12-05
INT-02560,CL-252,2,2025-12-05
INT-02561,CL-007,0.5,2025-12-09
INT-02562,CL-024,5.5,2025-12-09
INT-02563,CL-036,2.5,2025-12-09
INT-02564,CL-040,0.5,2025-12-09
INT-02565,CL-052,3,2025-12-09
INT-02566,CL-054,3,2025-12-09
INT-02567,CL-062,0.5,2025-12-09
INT-02568,CL-077,2,2025-12-09
INT-02569,CL-089,1,2025-12-09
INT-02570,CL-106,2.5,2025-12-09
INT-02571,CL-110,2,2025-12-09
INT-02572,CL-160,0.5,2025-12-09
INT-02573,CL-190,0.5,2025-12-09
INT-02574,CL-211,1.5,2025-12-09
INT-02575,CL-230,3,2025-12-09
INT-02576,CL-233,2.5,2025-12-09
INT-02577,CL-235,1.5,2025-12-09
INT-02578,CL-003,5,2025-12-10
INT-02579,CL-033,4,2025-12-10
INT-02580,CL-104,3,2025-12-10
INT-02581,CL-104,0.5,2025-12-10
INT-02582,CL-125,2.5,2025-12-10
INT-02583,CL-168,0.5,2025-12-10
INT-02584,CL-174,1.5,2025-12-10
INT-02585,CL-187,2,2025-12-10
INT-02586,CL-190,0.5,2025-12-10
INT-02587,CL-206,1,2025-12-10
INT-02588,CL-229,3.5,2025-12-10
INT-02589,CL-249,5.5,2025-12-10
INT-02590,CL-028,6.5,2025-12-11
INT-02591,CL-061,1,2025-12-11
INT-02592,CL-061,1.5,2025-12-11
INT-02593,CL-106,2,2025-12-11
INT-02594,CL-199,0.5,2025-12-11
INT-02595,CL-228,2,2025-12-11
INT-02596,CL-254,1.5,2025-12-11
INT-02597,CL-255,5.5,2025-12-11
INT-02598,CL-015,2,2025-12-12
INT-02599,CL-017,1.5,2025-12-12
INT-02600,CL-019,1,2025-12-12
INT-02601,CL-028,6,2025-12-12
INT-02602,CL-031,5.5,2025-12-12
INT-02603,CL-050,0.5,2025-12-12
INT-02604,CL-070,1,2025-12-12
INT-02605,CL-115,2,2025-12-12
INT-02606,CL-124,0.5,2025-12-12
INT-02607,CL-133,0.5,2025-12-12
INT-02608,CL-134,1,2025-12-12
INT-02609,CL-176,0.5,2025-12-12
INT-02610,CL-195,0.5,2025-12-12
INT-02611,CL-236,3.5,2025-12-12
INT-02612,CL-243,4.5,2025-12-12
INT-02613,CL-020,8,2025-12-15
INT-02614,CL-066,3,2025-12-15
INT-02615,CL-215,1,2025-12-15
INT-02616,CL-251,1,2025-12-15
INT-02617,CL-257,1,2025-12-15
INT-02618,CL-012,0.5,2025-12-16
INT-02619,CL-021,3,2025-12-16
INT-02620,CL-034,5.5,2025-12-16
INT-02621,CL-108,3,2025-12-16
INT-02622,CL-177,1,2025-12-16
INT-02623,CL-254,2,2025-12-16
INT-02624,CL-255,6.5,2025-12-16
INT-02625,CL-006,6.5,2025-12-17
INT-02626,CL-007,3.5,2025-12-17
INT-02627,CL-008,6,2025-12-17
INT-02628,CL-008,2,2025-12-17
INT-02629,CL-108,1.5,2025-12-17
INT-02630,CL-224,1,2025-12-17
INT-02631,CL-229,4,2025-12-17
INT-02632,CL-251,1.5,2025-12-17
INT-02633,CL-004,4,2025-12-18
INT-02634,CL-005,1.5,2025-12-18
INT-02635,CL-013,3,2025-12-18
INT-02636,CL-014,6.5,2025-12-18
INT-02637,CL-025,7.5,2025-12-18
INT-02638,CL-026,7,2025-12-18
INT-02639,CL-030,7,2025-12-18
INT-02640,CL-030,0.5,2025-12-18
INT-02641,CL-032,2.5,2025-12-18
INT-02642,CL-043,3,2025-12-18
INT-02643,CL-046,2.5,2025-12-18
INT-02644,CL-052,2,2025-12-18
INT-02645,CL-054,3,2025-12-18
INT-02646,CL-066,2.5,2025-12-18
INT-02647,CL-079,0.5,2025-12-18
INT-02648,CL-092,2,2025-12-18
INT-02649,CL-113,1,2025-12-18
INT-02650,CL-205,1.5,2025-12-18
INT-02651,CL-209,1.5,2025-12-18
INT-02652,CL-220,3,2025-12-18
INT-02653,CL-228,7.5,2025-12-18
INT-02654,CL-005,6,2025-12-19
INT-02655,CL-006,5,2025-12-19
INT-02656,CL-028,6,2025-12-19
INT-02657,CL-092,1,2025-12-19
INT-02658,CL-169,2,2025-12-19
INT-02659,CL-206,2.5,2025-12-19
INT-02660,CL-233,0.5,2025-12-19
INT-02661,CL-237,6,2025-12-19
INT-02662,CL-006,1,2025-12-22
INT-02663,CL-009,7,2025-12-22
INT-02664,CL-017,6.5,2025-12-22
INT-02665,CL-023,7.5,2025-12-22
INT-02666,CL-031,5.5,2025-12-22
INT-02667,CL-033,5.5,2025-12-22
INT-02668,CL-039,3,2025-12-22
INT-02669,CL-062,1,2025-12-22
INT-02670,CL-089,2.5,2025-12-22
INT-02671,CL-167,0.5,2025-12-22
INT-02672,CL-172,1,2025-12-22
INT-02673,CL-174,2.5,2025-12-22
INT-02674,CL-184,2,2025-12-22
INT-02675,CL-223,1,2025-12-22
INT-02676,CL-229,4,2025-12-22
INT-02677,CL-237,0.5,2025-12-22
INT-02678,CL-241,1,2025-12-22
INT-02679,CL-005,7.5,2025-12-23
INT-02680,CL-005,6,2025-12-23
INT-02681,CL-019,7,2025-12-23
INT-02682,CL-020,4,2025-12-23
INT-02683,CL-062,1.5,2025-12-23
INT-02684,CL-089,0.5,2025-12-23
INT-02685,CL-103,1,2025-12-23
INT-02686,CL-114,0.5,2025-12-23
INT-02687,CL-152,1,2025-12-23
INT-02688,CL-247,2,2025-12-23
INT-02689,CL-013,6,2025-12-24
INT-02690,CL-026,6,2025-12-24
INT-02691,CL-026,7,2025-12-24
INT-02692,CL-030,8,2025-12-24
INT-02693,CL-031,6.5,2025-12-24
INT-02694,CL-088,2,2025-12-24
INT-02695,CL-188,1.5,2025-12-24
INT-02696,CL-204,3,2025-12-24
INT-02697,CL-221,4,2025-12-24
INT-02698,CL-222,2,2025-12-24
INT-02699,CL-226,7,2025-12-24
INT-02700,CL-235,4.5,2025-12-24
INT-02701,CL-026,7.5,2025-12-29
INT-02702,CL-055,0.5,2025-12-29
INT-02703,CL-082,1,2025-12-29
INT-02704,CL-099,2.5,2025-12-29
INT-02705,CL-116,1.5,2025-12-29
INT-02706,CL-142,1.5,2025-12-29
INT-02707,CL-143,0.5,2025-12-29
INT-02708,CL-193,0.5,2025-12-29
INT-02709,CL-232,2,2025-12-29
INT-02710,CL-232,0.5,2025-12-29
INT-02711,CL-235,2.5,2025-12-29
INT-02712,CL-248,1.5,2025-12-29
INT-02713,CL-021,3.5,2025-12-30
INT-02714,CL-028,1,2025-12-30
INT-02715,CL-037,3,2025-12-30
INT-02716,CL-081,2.5,2025-12-30
INT-02717,CL-113,0.5,2025-12-30
INT-02718,CL-142,1,2025-12-30
INT-02719,CL-218,1.5,2025-12-30
INT-02720,CL-248,1.5,2025-12-30
INT-02721,CL-018,5,2025-12-31
INT-02722,CL-025,1,2025-12-31
INT-02723,CL-029,5.5,2025-12-31
INT-02724,CL-031,2,2025-12-31
INT-02725,CL-088,2,2025-12-31
INT-02726,CL-125,0.5,2025-12-31
INT-02727,CL-242,7,2025-12-31
INT-02728,CL-245,2,2025-12-31
INT-02729,CL-253,0.5,2025-12-31
