mese,centro,importo
1,CC10,10233.33
1,CC20,19038.96
1,CC30,14279.22
1,CC40,11899.35
1,CC50,3649.14
2,CC10,10376.25
2,CC20,19250.68
2,CC30,14438.01
2,CC40,12031.67
2,CC50,3689.72
3,CC10,10000.00
3,CC20,20337.66
3,CC30,15253.24
3,CC40,12711.03
3,CC50,3898.07
4,CC10,9725.00
4,CC20,20172.07
4,CC30,15129.05
4,CC40,12607.54
4,CC50,3866.34
5,CC10,9950.00
5,CC20,20201.29
5,CC30,15150.97
5,CC40,12625.81
5,CC50,3871.93
6,CC10,10150.00
6,CC20,20201.29
6,CC30,15150.97
6,CC40,12625.81
6,CC50,3871.93
7,CC10,10200.00
7,CC20,20298.70
7,CC30,15224.02
7,CC40,12686.68
7,CC50,3890.60
8,CC10,9300.00
8,CC20,19324.67
8,CC30,14493.50
8,CC40,12077.92
8,CC50,3703.91
9,CC10,10225.00
9,CC20,20133.11
9,CC30,15099.83
9,CC40,12583.19
9,CC50,3858.87
10,CC10,10400.00
10,CC20,20142.85
10,CC30,15107.14
10,CC40,12589.28
10,CC50,3860.73
11,CC10,10150.00
11,CC20,20279.22
11,CC30,15209.41
11,CC40,12674.51
11,CC50,3886.86
12,CC10,9290.42
12,CC20,20619.50
12,CC30,15464.64
12,CC40,12887.21
12,CC50,3951.90
