mese,linea,quantita,prezzo_netto,costo_variabile_unitario,ore_macchina_per_unita
1,A,691.111111,180,117,1.5
1,B,820,118,76,0.5
1,C,200,289,238,3.0
2,A,700,180,117,1.5
2,B,844.500000,118,76,0.5
2,C,201,289,238,3.0
3,A,600,180,117,1.5
3,B,1000,118,76,0.5
3,C,200,289,238,3.0
4,A,640,180,117,1.5
4,B,950,118,76,0.5
4,C,170,289,238,3.0
5,A,660,180,117,1.5
5,B,980,118,76,0.5
5,C,170,289,238,3.0
6,A,690,180,117,1.5
6,B,1000,118,76,0.5
6,C,165,289,238,3.0
7,A,700,180,117,1.5
7,B,1020,118,76,0.5
7,C,160,289,238,3.0
8,A,620,180,117,1.5
8,B,900,118,76,0.5
8,C,160,289,238,3.0
9,A,690,180,117,1.5
9,B,1000,118,76,0.5
9,C,170,289,238,3.0
10,A,700,180,117,1.5
10,B,1010,118,76,0.5
10,C,175,289,238,3.0
11,A,680,180,117,1.5
11,B,1000,118,76,0.5
11,C,170,289,238,3.0
12,A,628.888889,180,117,1.5
12,B,875.500000,118,76,0.5
12,C,159,289,238,3.0
