mese,linea,quantita,ricavi_netti,costi_variabili
1,A,680,122400,79560
1,B,850,98600,64600
1,C,200,57800,47600
2,A,688,123840,80496
2,B,859,99330,65284
2,C,200,57800,47600
3,A,600,108000,70200
3,B,1100,125400,83600
3,C,170,49130,40460
4,A,700,126000,81900
4,B,960,109430,72960
4,C,164,47396,39032
5,A,700,126000,81900
5,B,960,109440,72960
5,C,164,47396,39032
6,A,700,126000,81900
6,B,960,109430,72960
6,C,164,47396,39032
7,A,700,126000,81900
7,B,960,109440,72960
7,C,164,47396,39032
8,A,700,126000,81900
8,B,960,109430,72960
8,C,164,47396,39032
9,A,700,126000,81900
9,B,957,109076,72732
9,C,166,47974,39508
