mese,centro,consuntivo,budget
1,attivita commerciali e logistiche,45370.55,45217.53
1,costi indiretti di produzione,10267.96,10233.33
1,amministrazione,3661.49,3649.14
1,capacita esterna,8260,8306.67
2,attivita commerciali e logistiche,45744.58,45720.36
2,costi indiretti di produzione,10381.75,10376.25
2,amministrazione,3691.67,3689.72
2,capacita esterna,8722,9107
3,attivita commerciali e logistiche,49045.93,48301.93
3,costi indiretti di produzione,9880,10000
3,amministrazione,3958.07,3898.07
3,capacita esterna,5516,7000
4,attivita commerciali e logistiche,47410,47908.66
4,costi indiretti di produzione,9992,9725
4,amministrazione,3800,3866.34
4,capacita esterna,7616,5460
5,attivita commerciali e logistiche,47080,47978.07
5,costi indiretti di produzione,10082,9950
5,amministrazione,3800,3871.93
5,capacita esterna,7616,6720
6,attivita commerciali e logistiche,47780,47978.07
6,costi indiretti di produzione,9992,10150
6,amministrazione,4000,3871.93
6,capacita esterna,7616,7840
7,attivita commerciali e logistiche,46490,48209.40
7,costi indiretti di produzione,10082,10200
7,amministrazione,3800,3890.60
7,capacita esterna,7616,8120
8,attivita commerciali e logistiche,45760,45896.09
8,costi indiretti di produzione,9992,9300
8,amministrazione,3800,3703.91
8,capacita esterna,7616,3080
9,attivita commerciali e logistiche,48060,47816.13
9,costi indiretti di produzione,10082,10225
9,amministrazione,3800,3858.87
9,capacita esterna,7742,8260
10,attivita commerciali e logistiche,,47839.27
10,costi indiretti di produzione,,10400
10,amministrazione,,3860.73
10,capacita esterna,,9240
11,attivita commerciali e logistiche,,48163.14
11,costi indiretti di produzione,,10150
11,amministrazione,,3886.86
11,capacita esterna,,7840
12,attivita commerciali e logistiche,,48971.35
12,costi indiretti di produzione,,9290.42
12,amministrazione,,3951.90
12,capacita esterna,,3026.33
