ordine_id,mese,linea,quantita,prezzo,costo
ORD-0001,10,A,220,180,117
ORD-0002,10,A,180,180,117
ORD-0003,10,A,200,180,117
ORD-0004,10,B,400,114,76
ORD-0005,10,B,350,114,76
ORD-0006,10,B,350,114,76
ORD-0007,10,C,80,289,238
ORD-0008,10,C,70,289,238
ORD-0009,11,A,250,180,117
ORD-0010,11,A,200,180,117
ORD-0011,11,A,150,180,117
ORD-0012,11,B,300,114,76
ORD-0013,11,B,400,114,76
ORD-0014,11,B,300,114,76
ORD-0015,11,C,60,289,238
ORD-0016,11,C,70,289,238
ORD-0017,12,A,180,180,117
ORD-0018,12,A,170,180,117
ORD-0019,12,A,150,180,117
ORD-0020,12,B,350,114,76
ORD-0021,12,B,350,114,76
ORD-0022,12,B,300,114,76
ORD-0023,12,C,70,289,238
ORD-0024,12,C,50,289,238
