id_riga,data_documento,numero_documento,codice_cliente,canale,codice_prodotto,quantita,prezzo_listino,sconto_percentuale,importo_netto_riga
R25-003345,2025-10-01,FT-2025-01873,CL-251,distributori,A,6,200.00,18.98,972.30
R25-003346,2025-10-01,FT-2025-01911,CL-014,diretto,A,6,200.00,2.26,1172.88
R25-003347,2025-10-01,FT-2025-01947,CL-034,diretto,A,4,200.00,0.97,792.28
R25-003348,2025-10-01,FT-2025-01949,CL-227,distributori,B,9,120.00,1.78,1060.74
R25-003349,2025-10-01,FT-2025-01949,CL-227,distributori,A,4,200.00,19.31,645.56
R25-003350,2025-10-01,FT-2025-01980,CL-256,distributori,B,8,120.00,3.58,925.68
R25-003351,2025-10-01,FT-2025-01984,CL-027,diretto,C,4,305.00,6.35,1142.52
R25-003352,2025-10-01,FT-2025-01984,CL-027,diretto,A,3,200.00,6.27,562.38
R25-003353,2025-10-01,FT-2025-01984,CL-027,diretto,B,5,120.00,9.18,544.95
R25-003354,2025-10-01,FT-2025-02002,CL-019,diretto,A,2,200.00,0.70,397.22
R25-003355,2025-10-01,FT-2025-02008,CL-043,diretto,B,1,120.00,8.91,109.31
R25-003356,2025-10-01,FT-2025-02008,CL-043,diretto,A,3,200.00,0.49,597.06
R25-003357,2025-10-01,FT-2025-02042,CL-031,diretto,A,4,200.00,4.05,767.60
R25-003358,2025-10-02,FT-2025-01872,CL-233,distributori,B,1,120.00,8.28,110.06
R25-003359,2025-10-02,FT-2025-01872,CL-233,distributori,B,21,120.00,8.66,2301.81
R25-003360,2025-10-02,FT-2025-01872,CL-233,distributori,A,12,200.00,19.32,1936.44
R25-003361,2025-10-02,FT-2025-01918,CL-159,diretto,A,2,200.00,0.68,397.28
R25-003362,2025-10-02,FT-2025-01967,CL-238,distributori,A,5,200.00,19.04,809.65
R25-003363,2025-10-02,FT-2025-02011,CL-206,diretto,A,1,200.00,1.81,196.38
R25-003364,2025-10-02,FT-2025-02033,CL-018,diretto,A,1,200.00,4.44,191.12
R25-003365,2025-10-02,FT-2025-02045,CL-107,diretto,A,2,200.00,3.86,384.58
R25-003366,2025-10-02,FT-2025-02045,CL-107,diretto,B,1,120.00,0.00,120.00
R25-003367,2025-10-03,FT-2025-01867,CL-209,diretto,A,2,200.00,0.37,398.52
R25-003368,2025-10-03,FT-2025-01867,CL-209,diretto,A,1,200.00,1.37,197.27
R25-003369,2025-10-03,FT-2025-01892,CL-237,distributori,A,8,200.00,19.03,1295.60
R25-003370,2025-10-03,FT-2025-01892,CL-237,distributori,B,7,120.00,2.07,822.64
R25-003371,2025-10-03,FT-2025-01893,CL-239,distributori,B,18,120.00,9.64,1951.74
R25-003372,2025-10-03,FT-2025-01903,CL-011,diretto,C,1,305.00,0.66,303.00
R25-003373,2025-10-03,FT-2025-01903,CL-011,diretto,A,1,200.00,1.99,196.03
R25-003374,2025-10-03,FT-2025-01912,CL-224,distributori,B,8,120.00,3.63,925.20
R25-003375,2025-10-03,FT-2025-01912,CL-224,distributori,B,7,120.00,3.49,810.67
R25-003376,2025-10-03,FT-2025-01916,CL-028,diretto,A,2,200.00,0.21,399.18
R25-003377,2025-10-03,FT-2025-01916,CL-028,diretto,A,1,200.00,0.79,198.42
R25-003378,2025-10-03,FT-2025-01936,CL-026,diretto,A,2,200.00,4.82,380.72
R25-003379,2025-10-03,FT-2025-02032,CL-245,distributori,B,9,120.00,8.14,992.07
R25-003380,2025-10-03,FT-2025-02065,CL-125,diretto,A,3,200.00,0.00,600.00
R25-003381,2025-10-03,FT-2025-02065,CL-125,diretto,B,2,120.00,1.65,236.04
R25-003382,2025-10-03,FT-2025-02067,CL-014,diretto,A,9,200.00,3.55,1736.10
R25-003383,2025-10-03,FT-2025-02067,CL-014,diretto,B,10,120.00,0.69,1191.70
R25-003384,2025-10-06,FT-2025-01933,CL-250,distributori,B,9,120.00,3.49,1042.29
R25-003385,2025-10-06,FT-2025-01933,CL-250,distributori,A,10,200.00,19.32,1613.70
R25-003386,2025-10-06,FT-2025-01933,CL-250,distributori,B,11,120.00,2.96,1280.95
R25-003387,2025-10-06,FT-2025-01958,CL-187,diretto,B,1,120.00,0.00,120.00
R25-003388,2025-10-06,FT-2025-01986,CL-151,diretto,B,3,120.00,0.55,358.02
R25-003389,2025-10-06,FT-2025-02019,CL-009,diretto,A,2,200.00,3.85,384.62
R25-003390,2025-10-06,FT-2025-02019,CL-009,diretto,A,3,200.00,3.74,577.56
R25-003391,2025-10-06,FT-2025-02019,CL-009,diretto,A,1,200.00,3.75,192.50
R25-003392,2025-10-06,FT-2025-02035,CL-099,diretto,B,2,120.00,9.01,218.38
R25-003393,2025-10-06,FT-2025-02035,CL-099,diretto,A,2,200.00,0.43,398.30
R25-003394,2025-10-06,FT-2025-02035,CL-099,diretto,A,1,200.00,1.56,196.89
R25-003395,2025-10-06,FT-2025-02051,CL-217,diretto,A,2,200.00,3.60,385.62
R25-003396,2025-10-06,FT-2025-02051,CL-217,diretto,B,2,120.00,0.00,240.00
R25-003397,2025-10-06,FT-2025-02060,CL-033,diretto,A,2,200.00,0.51,397.96
R25-003398,2025-10-06,FT-2025-02060,CL-033,diretto,B,2,120.00,1.11,237.34
R25-003399,2025-10-06,FT-2025-02061,CL-258,distributori,A,9,200.00,29.75,1264.50
R25-003400,2025-10-07,FT-2025-01915,CL-242,distributori,B,10,120.00,9.21,1089.50
R25-003401,2025-10-07,FT-2025-01915,CL-242,distributori,B,11,120.00,9.28,1197.57
R25-003402,2025-10-07,FT-2025-01937,CL-027,diretto,A,4,200.00,4.88,760.96
R25-003403,2025-10-07,FT-2025-01937,CL-027,diretto,A,3,200.00,5.23,568.62
R25-003404,2025-10-07,FT-2025-01937,CL-027,diretto,A,6,200.00,5.97,1128.42
R25-003405,2025-10-07,FT-2025-01960,CL-226,distributori,A,10,200.00,22.61,1547.90
R25-003406,2025-10-07,FT-2025-01960,CL-226,distributori,B,16,120.00,8.07,1765.12
R25-003407,2025-10-07,FT-2025-01963,CL-225,distributori,A,13,200.00,18.78,2111.85
R25-003408,2025-10-07,FT-2025-01963,CL-225,distributori,B,10,120.00,3.18,1161.80
R25-003409,2025-10-07,FT-2025-01963,CL-225,distributori,B,12,120.00,2.13,1409.28
R25-003410,2025-10-07,FT-2025-01966,CL-013,diretto,A,2,200.00,4.30,382.82
R25-003411,2025-10-07,FT-2025-01966,CL-013,diretto,A,2,200.00,3.13,387.48
R25-003412,2025-10-07,FT-2025-02038,CL-252,distributori,B,6,120.00,1.56,708.78
R25-003413,2025-10-07,FT-2025-02038,CL-252,distributori,B,5,120.00,2.28,586.30
R25-003414,2025-10-08,FT-2025-01886,CL-171,diretto,A,1,200.00,0.00,200.00
R25-003415,2025-10-08,FT-2025-01894,CL-020,diretto,A,2,200.00,0.82,396.72
R25-003416,2025-10-08,FT-2025-01894,CL-020,diretto,A,4,200.00,0.95,792.44
R25-003417,2025-10-08,FT-2025-01905,CL-243,distributori,A,8,200.00,19.29,1291.44
R25-003418,2025-10-08,FT-2025-01905,CL-243,distributori,C,8,305.00,3.21,2361.68
R25-003419,2025-10-08,FT-2025-01992,CL-236,distributori,A,8,200.00,18.06,1311.12
R25-003420,2025-10-08,FT-2025-01992,CL-236,distributori,C,11,305.00,4.15,3215.74
R25-003421,2025-10-08,FT-2025-02017,CL-223,distributori,B,4,120.00,2.88,466.16
R25-003422,2025-10-08,FT-2025-02017,CL-223,distributori,C,6,305.00,4.88,1740.78
R25-003423,2025-10-08,FT-2025-02017,CL-223,distributori,B,8,120.00,4.30,918.72
R25-003424,2025-10-08,FT-2025-02037,CL-017,diretto,A,3,200.00,2.42,585.51
R25-003425,2025-10-08,FT-2025-02037,CL-017,diretto,A,2,200.00,2.96,388.16
R25-003426,2025-10-09,FT-2025-01906,CL-002,diretto,B,4,120.00,3.26,464.36
R25-003427,2025-10-09,FT-2025-01906,CL-002,diretto,B,2,120.00,2.73,233.46
R25-003428,2025-10-09,FT-2025-01906,CL-002,diretto,A,2,200.00,0.00,400.00
R25-003429,2025-10-09,FT-2025-01907,CL-222,distributori,C,2,305.00,10.27,547.38
R25-003430,2025-10-09,FT-2025-01907,CL-222,distributori,B,14,120.00,7.17,1559.60
R25-003431,2025-10-09,FT-2025-01942,CL-014,diretto,A,4,200.00,2.14,782.92
R25-003432,2025-10-09,FT-2025-01985,CL-008,diretto,A,4,200.00,7.98,736.16
R25-003433,2025-10-09,FT-2025-02046,CL-253,distributori,B,11,120.00,2.12,1292.06
R25-003434,2025-10-10,FT-2025-01877,CL-240,distributori,C,10,305.00,4.20,2921.80
R25-003435,2025-10-10,FT-2025-01877,CL-240,distributori,B,9,120.00,2.34,1054.71
R25-003436,2025-10-10,FT-2025-01880,CL-012,diretto,A,1,200.00,1.88,196.25
R25-003437,2025-10-10,FT-2025-01900,CL-003,diretto,A,3,200.00,4.94,570.36
R25-003438,2025-10-10,FT-2025-01900,CL-003,diretto,A,1,200.00,3.35,193.30
R25-003439,2025-10-10,FT-2025-01917,CL-183,diretto,A,2,200.00,1.07,395.74
R25-003440,2025-10-10,FT-2025-01917,CL-183,diretto,A,1,200.00,0.08,199.84
R25-003441,2025-10-10,FT-2025-01922,CL-128,diretto,B,1,120.00,8.33,110.00
R25-003442,2025-10-10,FT-2025-01922,CL-128,diretto,A,3,200.00,0.24,598.59
R25-003443,2025-10-10,FT-2025-01930,CL-131,diretto,B,1,120.00,3.36,115.97
R25-003444,2025-10-10,FT-2025-01930,CL-131,diretto,A,2,200.00,0.00,400.00
R25-003445,2025-10-10,FT-2025-01945,CL-224,distributori,B,13,120.00,2.49,1521.13
R25-003446,2025-10-10,FT-2025-01945,CL-224,distributori,A,10,200.00,22.68,1546.40
R25-003447,2025-10-10,FT-2025-01945,CL-224,distributori,B,5,120.00,1.73,589.60
R25-003448,2025-10-10,FT-2025-01988,CL-037,diretto,B,1,120.00,0.00,120.00
R25-003449,2025-10-10,FT-2025-01988,CL-037,diretto,A,2,200.00,0.00,400.00
R25-003450,2025-10-10,FT-2025-01991,CL-077,diretto,A,3,200.00,2.34,585.96
R25-003451,2025-10-10,FT-2025-01991,CL-077,diretto,A,2,200.00,0.22,399.12
R25-003452,2025-10-10,FT-2025-01991,CL-077,diretto,B,1,120.00,9.10,109.08
R25-003453,2025-10-10,FT-2025-01993,CL-257,distributori,B,6,120.00,2.14,704.58
R25-003454,2025-10-10,FT-2025-02020,CL-229,distributori,B,10,120.00,7.33,1112.00
R25-003455,2025-10-10,FT-2025-02020,CL-229,distributori,C,6,305.00,7.95,1684.56
R25-003456,2025-10-10,FT-2025-02020,CL-229,distributori,A,10,200.00,19.35,1613.10
R25-003457,2025-10-10,FT-2025-02023,CL-244,distributori,B,6,120.00,8.68,657.54
R25-003458,2025-10-10,FT-2025-02023,CL-244,distributori,B,10,120.00,10.09,1078.90
R25-003459,2025-10-10,FT-2025-02031,CL-049,diretto,A,3,200.00,1.57,590.61
R25-003460,2025-10-10,FT-2025-02031,CL-049,diretto,B,1,120.00,0.00,120.00
R25-003461,2025-10-10,FT-2025-02036,CL-027,diretto,B,6,120.00,10.06,647.58
R25-003462,2025-10-10,FT-2025-02036,CL-027,diretto,A,1,200.00,5.12,189.76
R25-003463,2025-10-10,FT-2025-02058,CL-234,distributori,B,7,120.00,8.70,766.92
R25-003464,2025-10-13,FT-2025-01899,CL-014,diretto,A,9,200.00,2.72,1751.13
R25-003465,2025-10-13,FT-2025-01899,CL-014,diretto,B,5,120.00,2.43,585.40
R25-003466,2025-10-13,FT-2025-01899,CL-014,diretto,B,4,120.00,1.78,471.44
R25-003467,2025-10-13,FT-2025-01913,CL-249,distributori,B,10,120.00,2.98,1164.30
R25-003468,2025-10-13,FT-2025-01913,CL-249,distributori,A,5,200.00,19.95,800.50
R25-003469,2025-10-13,FT-2025-01927,CL-246,distributori,A,8,200.00,21.33,1258.72
R25-003470,2025-10-13,FT-2025-01927,CL-246,distributori,B,11,120.00,7.78,1217.37
R25-003471,2025-10-13,FT-2025-01927,CL-246,distributori,B,14,120.00,8.28,1540.98
R25-003472,2025-10-13,FT-2025-01971,CL-235,distributori,C,6,305.00,5.19,1734.96
R25-003473,2025-10-13,FT-2025-01976,CL-024,diretto,B,2,120.00,0.49,238.82
R25-003474,2025-10-13,FT-2025-01976,CL-024,diretto,A,2,200.00,0.58,397.68
R25-003475,2025-10-13,FT-2025-01987,CL-063,diretto,A,1,200.00,3.38,193.25
R25-003476,2025-10-13,FT-2025-02007,CL-093,diretto,A,2,200.00,2.82,388.72
R25-003477,2025-10-13,FT-2025-02007,CL-093,diretto,A,1,200.00,3.23,193.54
R25-003478,2025-10-13,FT-2025-02014,CL-221,distributori,B,11,120.00,2.17,1291.40
R25-003479,2025-10-13,FT-2025-02014,CL-221,distributori,A,3,200.00,19.41,483.57
R25-003480,2025-10-14,FT-2025-01876,CL-032,diretto,A,2,200.00,5.09,379.64
R25-003481,2025-10-14,FT-2025-01876,CL-032,diretto,A,2,200.00,5.03,379.90
R25-003482,2025-10-14,FT-2025-01898,CL-027,diretto,A,8,200.00,6.14,1501.84
R25-003483,2025-10-14,FT-2025-01898,CL-027,diretto,B,4,120.00,9.48,434.52
R25-003484,2025-10-14,FT-2025-01928,CL-215,diretto,A,1,200.00,0.00,200.00
R25-003485,2025-10-14,FT-2025-01928,CL-215,diretto,A,1,200.00,0.50,199.00
R25-003486,2025-10-14,FT-2025-01970,CL-230,distributori,B,19,120.00,1.63,2242.95
R25-003487,2025-10-14,FT-2025-01970,CL-230,distributori,C,4,305.00,11.48,1080.00
R25-003488,2025-10-14,FT-2025-01979,CL-089,diretto,A,2,200.00,0.00,400.00
R25-003489,2025-10-14,FT-2025-02021,CL-252,distributori,B,8,120.00,1.47,945.92
R25-003490,2025-10-15,FT-2025-01871,CL-005,diretto,A,3,200.00,4.18,574.95
R25-003491,2025-10-15,FT-2025-01871,CL-005,diretto,A,1,200.00,3.31,193.38
R25-003492,2025-10-15,FT-2025-01923,CL-238,distributori,C,2,305.00,3.94,585.98
R25-003493,2025-10-15,FT-2025-01934,CL-007,diretto,A,2,200.00,7.56,369.76
R25-003494,2025-10-15,FT-2025-01934,CL-007,diretto,A,2,200.00,9.02,363.92
R25-003495,2025-10-15,FT-2025-01950,CL-118,diretto,B,1,120.00,0.00,120.00
R25-003496,2025-10-15,FT-2025-01950,CL-118,diretto,A,1,200.00,1.38,197.25
R25-003497,2025-10-15,FT-2025-01952,CL-219,distributori,B,16,120.00,1.15,1897.92
R25-003498,2025-10-15,FT-2025-01952,CL-219,distributori,A,5,200.00,19.83,801.70
R25-003499,2025-10-15,FT-2025-01969,CL-029,diretto,A,2,200.00,0.20,399.22
R25-003500,2025-10-15,FT-2025-01969,CL-029,diretto,B,2,120.00,0.75,238.20
R25-003501,2025-10-15,FT-2025-01978,CL-027,diretto,A,9,200.00,5.06,1709.01
R25-003502,2025-10-15,FT-2025-01978,CL-027,diretto,A,4,200.00,6.09,751.32
R25-003503,2025-10-15,FT-2025-01978,CL-027,diretto,B,6,120.00,9.73,649.92
R25-003504,2025-10-15,FT-2025-01994,CL-130,diretto,A,1,200.00,3.88,192.25
R25-003505,2025-10-15,FT-2025-02010,CL-046,diretto,A,2,200.00,0.00,400.00
R25-003506,2025-10-15,FT-2025-02010,CL-046,diretto,B,1,120.00,9.01,109.19
R25-003507,2025-10-15,FT-2025-02010,CL-046,diretto,A,1,200.00,0.00,200.00
R25-003508,2025-10-15,FT-2025-02025,CL-228,distributori,B,7,120.00,1.55,826.98
R25-003509,2025-10-15,FT-2025-02025,CL-228,distributori,C,8,305.00,5.06,2316.56
R25-003510,2025-10-15,FT-2025-02025,CL-228,distributori,B,9,120.00,3.55,1041.66
R25-003511,2025-10-15,FT-2025-02049,CL-014,diretto,A,3,200.00,3.25,580.53
R25-003512,2025-10-15,FT-2025-02049,CL-014,diretto,C,8,305.00,3.25,2360.72
R25-003513,2025-10-15,FT-2025-02062,CL-026,diretto,A,1,200.00,3.58,192.84
R25-003514,2025-10-15,FT-2025-02062,CL-026,diretto,A,3,200.00,4.99,570.06
R25-003515,2025-10-15,FT-2025-02062,CL-026,diretto,A,5,200.00,4.60,954.05
R25-003516,2025-10-16,FT-2025-01878,CL-254,distributori,B,13,120.00,8.06,1434.29
R25-003517,2025-10-16,FT-2025-01878,CL-254,distributori,A,3,200.00,19.75,481.53
R25-003518,2025-10-16,FT-2025-01881,CL-047,diretto,A,1,200.00,4.08,191.85
R25-003519,2025-10-16,FT-2025-01884,CL-126,diretto,A,1,200.00,2.15,195.70
R25-003520,2025-10-16,FT-2025-01884,CL-126,diretto,A,3,200.00,1.99,588.06
R25-003521,2025-10-16,FT-2025-01885,CL-144,diretto,B,1,120.00,8.33,110.00
R25-003522,2025-10-16,FT-2025-01885,CL-144,diretto,A,3,200.00,0.68,595.92
R25-003523,2025-10-16,FT-2025-01888,CL-106,diretto,A,2,200.00,0.00,400.00
R25-003524,2025-10-16,FT-2025-01929,CL-242,distributori,B,11,120.00,10.23,1185.03
R25-003525,2025-10-16,FT-2025-01929,CL-242,distributori,B,9,120.00,8.38,989.46
R25-003526,2025-10-16,FT-2025-01929,CL-242,distributori,A,9,200.00,19.36,1451.61
R25-003527,2025-10-16,FT-2025-01941,CL-023,diretto,B,3,120.00,2.10,352.44
R25-003528,2025-10-16,FT-2025-01941,CL-023,diretto,A,3,200.00,1.09,593.46
R25-003529,2025-10-16,FT-2025-01941,CL-023,diretto,B,1,120.00,1.48,118.23
R25-003530,2025-10-16,FT-2025-01975,CL-198,diretto,A,2,200.00,0.84,396.66
R25-003531,2025-10-16,FT-2025-01975,CL-198,diretto,A,2,200.00,0.00,400.00
R25-003532,2025-10-16,FT-2025-01975,CL-198,diretto,B,1,120.00,9.39,108.73
R25-003533,2025-10-16,FT-2025-01997,CL-176,diretto,A,3,200.00,0.00,600.00
R25-003534,2025-10-16,FT-2025-01997,CL-176,diretto,B,1,120.00,3.00,116.40
R25-003535,2025-10-16,FT-2025-01999,CL-014,diretto,B,3,120.00,0.75,357.30
R25-003536,2025-10-16,FT-2025-01999,CL-014,diretto,A,8,200.00,3.59,1542.64
R25-003537,2025-10-16,FT-2025-02012,CL-004,diretto,B,3,120.00,0.88,356.82
R25-003538,2025-10-16,FT-2025-02012,CL-004,diretto,A,2,200.00,0.02,399.92
R25-003539,2025-10-17,FT-2025-01882,CL-027,diretto,A,6,200.00,6.10,1126.80
R25-003540,2025-10-17,FT-2025-01882,CL-027,diretto,B,6,120.00,9.51,651.54
R25-003541,2025-10-17,FT-2025-01882,CL-027,diretto,A,2,200.00,5.48,378.08
R25-003542,2025-10-17,FT-2025-01973,CL-224,distributori,A,12,200.00,22.89,1850.64
R25-003543,2025-10-17,FT-2025-01996,CL-218,diretto,B,1,120.00,8.18,110.19
R25-003544,2025-10-17,FT-2025-01996,CL-218,diretto,A,2,200.00,0.73,397.10
R25-003545,2025-10-17,FT-2025-02004,CL-180,diretto,A,2,200.00,0.00,400.00
R25-003546,2025-10-17,FT-2025-02029,CL-252,distributori,C,7,305.00,3.94,2050.93
R25-003547,2025-10-17,FT-2025-02029,CL-252,distributori,C,4,305.00,4.63,1163.52
R25-003548,2025-10-20,FT-2025-01869,CL-207,diretto,A,2,200.00,1.57,393.72
R25-003549,2025-10-20,FT-2025-01889,CL-243,distributori,B,10,120.00,1.82,1178.20
R25-003550,2025-10-20,FT-2025-01889,CL-243,distributori,A,5,200.00,18.66,813.45
R25-003551,2025-10-20,FT-2025-01901,CL-117,diretto,A,1,200.00,0.00,200.00
R25-003552,2025-10-20,FT-2025-01901,CL-117,diretto,A,2,200.00,0.00,400.00
R25-003553,2025-10-20,FT-2025-01901,CL-117,diretto,B,1,120.00,1.17,118.60
R25-003554,2025-10-20,FT-2025-01924,CL-069,diretto,A,2,200.00,3.71,385.18
R25-003555,2025-10-20,FT-2025-01935,CL-006,diretto,A,2,200.00,4.92,380.32
R25-003556,2025-10-20,FT-2025-01935,CL-006,diretto,A,2,200.00,3.85,384.62
R25-003557,2025-10-20,FT-2025-01935,CL-006,diretto,A,1,200.00,3.21,193.59
R25-003558,2025-10-20,FT-2025-01981,CL-018,diretto,A,3,200.00,3.89,576.69
R25-003559,2025-10-20,FT-2025-01995,CL-245,distributori,B,4,120.00,8.53,439.08
R25-003560,2025-10-20,FT-2025-01995,CL-245,distributori,A,9,200.00,19.56,1447.92
R25-003561,2025-10-20,FT-2025-02016,CL-142,diretto,A,2,200.00,2.12,391.54
R25-003562,2025-10-20,FT-2025-02016,CL-142,diretto,A,1,200.00,2.13,195.74
R25-003563,2025-10-20,FT-2025-02016,CL-142,diretto,A,2,200.00,1.09,395.66
R25-003564,2025-10-20,FT-2025-02034,CL-025,diretto,A,1,200.00,0.00,200.00
R25-003565,2025-10-20,FT-2025-02040,CL-220,distributori,B,6,120.00,8.46,659.10
R25-003566,2025-10-20,FT-2025-02043,CL-010,diretto,B,3,120.00,0.00,360.00
R25-003567,2025-10-20,FT-2025-02043,CL-010,diretto,A,2,200.00,1.09,395.66
R25-003568,2025-10-20,FT-2025-02043,CL-010,diretto,A,2,200.00,2.08,391.68
R25-003569,2025-10-21,FT-2025-01909,CL-008,diretto,C,1,305.00,4.37,291.67
R25-003570,2025-10-21,FT-2025-01943,CL-041,diretto,A,2,200.00,0.00,400.00
R25-003571,2025-10-21,FT-2025-01953,CL-232,distributori,A,5,200.00,20.98,790.25
R25-003572,2025-10-21,FT-2025-01953,CL-232,distributori,B,13,120.00,3.68,1502.67
R25-003573,2025-10-21,FT-2025-01972,CL-236,distributori,B,15,120.00,1.80,1767.60
R25-003574,2025-10-21,FT-2025-02001,CL-021,diretto,A,2,200.00,2.71,389.18
R25-003575,2025-10-21,FT-2025-02001,CL-021,diretto,A,3,200.00,2.14,587.19
R25-003576,2025-10-21,FT-2025-02009,CL-027,diretto,A,5,200.00,6.04,939.60
R25-003577,2025-10-21,FT-2025-02013,CL-241,distributori,A,5,200.00,18.89,811.15
R25-003578,2025-10-21,FT-2025-02013,CL-241,distributori,B,9,120.00,2.61,1051.83
R25-003579,2025-10-21,FT-2025-02039,CL-014,diretto,A,5,200.00,1.92,980.80
R25-003580,2025-10-21,FT-2025-02039,CL-014,diretto,B,13,120.00,2.99,1513.33
R25-003581,2025-10-21,FT-2025-02039,CL-014,diretto,B,3,120.00,1.14,355.89
R25-003582,2025-10-21,FT-2025-02044,CL-194,diretto,A,3,200.00,0.71,595.77
R25-003583,2025-10-21,FT-2025-02047,CL-237,distributori,B,9,120.00,2.78,1049.94
R25-003584,2025-10-21,FT-2025-02047,CL-237,distributori,C,5,305.00,3.99,1464.20
R25-003585,2025-10-21,FT-2025-02050,CL-226,distributori,B,5,120.00,7.30,556.20
R25-003586,2025-10-21,FT-2025-02057,CL-016,diretto,B,1,120.00,9.12,109.06
R25-003587,2025-10-21,FT-2025-02059,CL-229,distributori,B,7,120.00,6.72,783.58
R25-003588,2025-10-21,FT-2025-02059,CL-229,distributori,A,6,200.00,18.92,973.02
R25-003589,2025-10-22,FT-2025-01870,CL-230,distributori,A,10,200.00,24.36,1512.80
R25-003590,2025-10-22,FT-2025-01938,CL-078,diretto,A,1,200.00,1.09,197.83
R25-003591,2025-10-22,FT-2025-01938,CL-078,diretto,B,1,120.00,0.00,120.00
R25-003592,2025-10-22,FT-2025-01938,CL-078,diretto,A,1,200.00,0.75,198.51
R25-003593,2025-10-22,FT-2025-01959,CL-002,diretto,A,3,200.00,0.00,600.00
R25-003594,2025-10-22,FT-2025-01959,CL-002,diretto,A,2,200.00,1.16,395.38
R25-003595,2025-10-22,FT-2025-01989,CL-250,distributori,C,8,305.00,4.65,2326.48
R25-003596,2025-10-22,FT-2025-01989,CL-250,distributori,A,1,200.00,19.41,161.19
R25-003597,2025-10-23,FT-2025-01887,CL-031,diretto,A,1,200.00,4.02,191.97
R25-003598,2025-10-23,FT-2025-01887,CL-031,diretto,A,2,200.00,3.40,386.40
R25-003599,2025-10-23,FT-2025-01896,CL-244,distributori,A,7,200.00,19.05,1133.37
R25-003600,2025-10-23,FT-2025-01896,CL-244,distributori,B,19,120.00,9.13,2071.76
R25-003601,2025-10-23,FT-2025-01896,CL-244,distributori,C,4,305.00,3.03,1183.08
R25-003602,2025-10-23,FT-2025-01908,CL-253,distributori,A,4,200.00,19.48,644.20
R25-003603,2025-10-23,FT-2025-01925,CL-239,distributori,B,7,120.00,7.82,774.34
R25-003604,2025-10-23,FT-2025-01925,CL-239,distributori,C,3,305.00,3.39,883.98
R25-003605,2025-10-23,FT-2025-01925,CL-239,distributori,A,6,200.00,18.95,972.60
R25-003606,2025-10-23,FT-2025-01951,CL-251,distributori,B,27,120.00,8.52,2964.06
R25-003607,2025-10-23,FT-2025-01951,CL-251,distributori,C,6,305.00,3.94,1757.82
R25-003608,2025-10-23,FT-2025-01956,CL-090,diretto,A,1,200.00,0.96,198.09
R25-003609,2025-10-23,FT-2025-01965,CL-246,distributori,C,4,305.00,6.13,1145.16
R25-003610,2025-10-23,FT-2025-01965,CL-246,distributori,B,13,120.00,8.40,1428.96
R25-003611,2025-10-23,FT-2025-02006,CL-252,distributori,A,9,200.00,18.49,1467.18
R25-003612,2025-10-23,FT-2025-02018,CL-149,diretto,B,1,120.00,0.00,120.00
R25-003613,2025-10-23,FT-2025-02026,CL-020,diretto,A,3,200.00,0.30,598.20
R25-003614,2025-10-23,FT-2025-02026,CL-020,diretto,A,1,200.00,0.94,198.12
R25-003615,2025-10-23,FT-2025-02026,CL-020,diretto,A,3,200.00,1.63,590.22
R25-003616,2025-10-24,FT-2025-01875,CL-026,diretto,A,3,200.00,4.80,571.23
R25-003617,2025-10-24,FT-2025-01875,CL-026,diretto,A,2,200.00,4.10,383.62
R25-003618,2025-10-24,FT-2025-01883,CL-248,distributori,B,10,120.00,1.93,1176.80
R25-003619,2025-10-24,FT-2025-01883,CL-248,distributori,A,4,200.00,18.86,649.16
R25-003620,2025-10-24,FT-2025-01891,CL-009,diretto,A,1,200.00,4.76,190.49
R25-003621,2025-10-24,FT-2025-01891,CL-009,diretto,A,3,200.00,3.77,577.41
R25-003622,2025-10-24,FT-2025-01897,CL-014,diretto,B,6,120.00,1.76,707.34
R25-003623,2025-10-24,FT-2025-01932,CL-235,distributori,A,6,200.00,18.76,974.88
R25-003624,2025-10-24,FT-2025-01932,CL-235,distributori,B,13,120.00,3.00,1513.20
R25-003625,2025-10-24,FT-2025-01932,CL-235,distributori,B,7,120.00,3.73,808.71
R25-003626,2025-10-24,FT-2025-01955,CL-255,distributori,B,8,120.00,3.18,929.44
R25-003627,2025-10-24,FT-2025-01955,CL-255,distributori,A,4,200.00,19.39,644.92
R25-003628,2025-10-24,FT-2025-01990,CL-022,diretto,B,2,120.00,1.43,236.56
R25-003629,2025-10-24,FT-2025-01990,CL-022,diretto,B,2,120.00,0.15,239.64
R25-003630,2025-10-24,FT-2025-01990,CL-022,diretto,A,3,200.00,1.10,593.43
R25-003631,2025-10-24,FT-2025-02024,CL-027,diretto,A,7,200.00,5.22,1326.92
R25-003632,2025-10-24,FT-2025-02028,CL-179,diretto,B,3,120.00,0.00,360.00
R25-003633,2025-10-24,FT-2025-02055,CL-019,diretto,A,2,200.00,2.03,391.88
R25-003634,2025-10-27,FT-2025-01902,CL-157,diretto,A,2,200.00,0.00,400.00
R25-003635,2025-10-27,FT-2025-01902,CL-157,diretto,B,1,120.00,8.05,110.34
R25-003636,2025-10-27,FT-2025-01920,CL-028,diretto,A,1,200.00,0.14,199.72
R25-003637,2025-10-27,FT-2025-01920,CL-028,diretto,A,4,200.00,2.14,782.92
R25-003638,2025-10-27,FT-2025-01931,CL-258,distributori,B,16,120.00,1.76,1886.24
R25-003639,2025-10-27,FT-2025-01931,CL-258,distributori,C,3,305.00,4.31,875.52
R25-003640,2025-10-27,FT-2025-01931,CL-258,distributori,B,8,120.00,1.21,948.40
R25-003641,2025-10-27,FT-2025-01954,CL-030,diretto,A,2,200.00,2.84,388.66
R25-003642,2025-10-27,FT-2025-02030,CL-233,distributori,C,5,305.00,4.98,1449.00
R25-003643,2025-10-27,FT-2025-02030,CL-233,distributori,B,13,120.00,7.75,1439.10
R25-003644,2025-10-27,FT-2025-02052,CL-203,diretto,A,2,200.00,0.00,400.00
R25-003645,2025-10-28,FT-2025-01921,CL-015,diretto,A,1,200.00,1.40,197.21
R25-003646,2025-10-28,FT-2025-01921,CL-015,diretto,B,3,120.00,1.46,354.75
R25-003647,2025-10-28,FT-2025-01921,CL-015,diretto,A,2,200.00,0.16,399.38
R25-003648,2025-10-28,FT-2025-01948,CL-219,distributori,C,5,305.00,5.70,1438.05
R25-003649,2025-10-28,FT-2025-01957,CL-034,diretto,B,2,120.00,2.73,233.44
R25-003650,2025-10-28,FT-2025-01957,CL-034,diretto,B,2,120.00,2.22,234.68
R25-003651,2025-10-28,FT-2025-01968,CL-249,distributori,C,5,305.00,6.68,1423.10
R25-003652,2025-10-28,FT-2025-01968,CL-249,distributori,B,9,120.00,2.94,1048.23
R25-003653,2025-10-28,FT-2025-01983,CL-040,diretto,B,1,120.00,6.08,112.70
R25-003654,2025-10-28,FT-2025-01983,CL-040,diretto,A,2,200.00,0.00,400.00
R25-003655,2025-10-28,FT-2025-02000,CL-242,distributori,C,4,305.00,4.47,1165.48
R25-003656,2025-10-28,FT-2025-02005,CL-027,diretto,A,12,200.00,6.91,2234.16
R25-003657,2025-10-28,FT-2025-02005,CL-027,diretto,B,6,120.00,10.48,644.52
R25-003658,2025-10-28,FT-2025-02066,CL-224,distributori,C,9,305.00,10.96,2444.13
R25-003659,2025-10-28,FT-2025-02066,CL-224,distributori,A,6,200.00,23.99,912.12
R25-003660,2025-10-28,FT-2025-02068,CL-014,diretto,C,2,305.00,3.39,589.34
R25-003661,2025-10-29,FT-2025-01961,CL-247,distributori,B,7,120.00,5.44,794.29
R25-003662,2025-10-29,FT-2025-01962,CL-007,diretto,A,3,200.00,7.24,556.59
R25-003663,2025-10-29,FT-2025-01962,CL-007,diretto,B,1,120.00,1.21,118.55
R25-003664,2025-10-29,FT-2025-01962,CL-007,diretto,A,5,200.00,9.16,908.45
R25-003665,2025-10-29,FT-2025-01977,CL-252,distributori,B,15,120.00,3.26,1741.35
R25-003666,2025-10-29,FT-2025-01982,CL-096,diretto,A,1,200.00,7.92,184.16
R25-003667,2025-10-29,FT-2025-01982,CL-096,diretto,B,2,120.00,0.00,240.00
R25-003668,2025-10-29,FT-2025-02022,CL-011,diretto,B,2,120.00,1.65,236.04
R25-003669,2025-10-29,FT-2025-02022,CL-011,diretto,A,3,200.00,1.65,590.10
R25-003670,2025-10-29,FT-2025-02022,CL-011,diretto,B,2,120.00,1.02,237.56
R25-003671,2025-10-29,FT-2025-02027,CL-032,diretto,A,3,200.00,4.01,575.97
R25-003672,2025-10-29,FT-2025-02027,CL-032,diretto,A,1,200.00,4.99,190.03
R25-003673,2025-10-29,FT-2025-02027,CL-032,diretto,A,2,200.00,3.76,384.98
R25-003674,2025-10-29,FT-2025-02054,CL-243,distributori,B,4,120.00,2.80,466.56
R25-003675,2025-10-29,FT-2025-02054,CL-243,distributori,B,11,120.00,1.59,1298.99
R25-003676,2025-10-29,FT-2025-02064,CL-238,distributori,B,22,120.00,10.13,2372.48
R25-003677,2025-10-30,FT-2025-01874,CL-027,diretto,A,11,200.00,5.54,2078.23
R25-003678,2025-10-30,FT-2025-01874,CL-027,diretto,B,10,120.00,9.11,1090.70
R25-003679,2025-10-30,FT-2025-01874,CL-027,diretto,B,6,120.00,10.53,644.22
R25-003680,2025-10-30,FT-2025-01879,CL-027,diretto,A,9,200.00,5.86,1694.61
R25-003681,2025-10-30,FT-2025-01890,CL-196,diretto,A,1,200.00,8.82,182.37
R25-003682,2025-10-30,FT-2025-01890,CL-196,diretto,B,1,120.00,0.00,120.00
R25-003683,2025-10-30,FT-2025-01890,CL-196,diretto,B,1,120.00,0.00,120.00
R25-003684,2025-10-30,FT-2025-01895,CL-001,diretto,A,1,200.00,3.09,193.83
R25-003685,2025-10-30,FT-2025-01895,CL-001,diretto,A,2,200.00,2.79,388.84
R25-003686,2025-10-30,FT-2025-01910,CL-014,diretto,B,10,120.00,1.13,1186.40
R25-003687,2025-10-30,FT-2025-01914,CL-223,distributori,A,11,200.00,26.41,1618.98
R25-003688,2025-10-30,FT-2025-01914,CL-223,distributori,B,14,120.00,2.61,1636.18
R25-003689,2025-10-30,FT-2025-01919,CL-010,diretto,B,2,120.00,0.18,239.58
R25-003690,2025-10-30,FT-2025-01919,CL-010,diretto,A,2,200.00,1.21,395.18
R25-003691,2025-10-30,FT-2025-01919,CL-010,diretto,B,2,120.00,0.00,240.00
R25-003692,2025-10-30,FT-2025-01939,CL-008,diretto,B,3,120.00,0.30,358.92
R25-003693,2025-10-30,FT-2025-01939,CL-008,diretto,A,3,200.00,7.77,553.41
R25-003694,2025-10-30,FT-2025-01940,CL-225,distributori,C,14,305.00,4.97,4057.90
R25-003695,2025-10-30,FT-2025-01944,CL-044,diretto,B,1,120.00,8.45,109.86
R25-003696,2025-10-30,FT-2025-01944,CL-044,diretto,A,3,200.00,1.01,593.94
R25-003697,2025-10-30,FT-2025-01964,CL-230,distributori,B,7,120.00,2.56,818.51
R25-003698,2025-10-30,FT-2025-01974,CL-095,diretto,A,1,200.00,4.31,191.39
R25-003699,2025-10-30,FT-2025-01974,CL-095,diretto,A,1,200.00,4.01,191.99
R25-003700,2025-10-30,FT-2025-01974,CL-095,diretto,B,1,120.00,0.00,120.00
R25-003701,2025-10-30,FT-2025-01998,CL-228,distributori,B,8,120.00,2.59,935.12
R25-003702,2025-10-30,FT-2025-01998,CL-228,distributori,B,4,120.00,2.40,468.48
R25-003703,2025-10-30,FT-2025-01998,CL-228,distributori,A,8,200.00,18.65,1301.60
R25-003704,2025-10-30,FT-2025-02015,CL-115,diretto,B,1,120.00,0.00,120.00
R25-003705,2025-10-30,FT-2025-02041,CL-051,diretto,A,1,200.00,5.22,189.57
R25-003706,2025-10-30,FT-2025-02041,CL-051,diretto,A,1,200.00,6.29,187.43
R25-003707,2025-10-30,FT-2025-02053,CL-226,distributori,C,5,305.00,4.63,1454.45
R25-003708,2025-10-30,FT-2025-02053,CL-226,distributori,B,9,120.00,7.78,996.03
R25-003709,2025-10-30,FT-2025-02053,CL-226,distributori,B,16,120.00,7.82,1769.92
R25-003710,2025-10-31,FT-2025-01868,CL-160,diretto,B,2,120.00,2.53,233.94
R25-003711,2025-10-31,FT-2025-01868,CL-160,diretto,A,2,200.00,0.00,400.00
R25-003712,2025-10-31,FT-2025-01868,CL-160,diretto,A,1,200.00,0.00,200.00
R25-003713,2025-10-31,FT-2025-01904,CL-193,diretto,A,1,200.00,0.23,199.54
R25-003714,2025-10-31,FT-2025-01904,CL-193,diretto,A,4,200.00,0.59,795.32
R25-003715,2025-10-31,FT-2025-01926,CL-245,distributori,B,10,120.00,9.68,1083.90
R25-003716,2025-10-31,FT-2025-01926,CL-245,distributori,C,5,305.00,3.99,1464.20
R25-003717,2025-10-31,FT-2025-01926,CL-245,distributori,B,19,120.00,8.44,2087.53
R25-003718,2025-10-31,FT-2025-01946,CL-229,distributori,B,12,120.00,5.83,1356.12
R25-003719,2025-10-31,FT-2025-01946,CL-229,distributori,B,12,120.00,6.27,1349.76
R25-003720,2025-10-31,FT-2025-02003,CL-014,diretto,A,4,200.00,1.97,784.28
R25-003721,2025-10-31,FT-2025-02048,CL-123,diretto,A,1,200.00,1.18,197.64
R25-003722,2025-10-31,FT-2025-02048,CL-123,diretto,A,1,200.00,1.31,197.38
R25-003723,2025-10-31,FT-2025-02056,CL-252,distributori,A,8,200.00,18.72,1300.48
R25-003724,2025-10-31,FT-2025-02063,CL-224,distributori,B,10,120.00,1.33,1184.10
R25-003725,2025-10-31,FT-2025-02063,CL-224,distributori,B,10,120.00,3.58,1157.10
R25-003726,2025-10-31,FT-2025-02063,CL-224,distributori,B,14,120.00,3.38,1623.16
R25-003727,2025-11-03,FT-2025-02079,CL-113,diretto,A,1,200.00,0.20,199.61
R25-003728,2025-11-03,FT-2025-02079,CL-113,diretto,A,2,200.00,1.17,395.34
R25-003729,2025-11-03,FT-2025-02086,CL-234,distributori,C,3,305.00,2.62,891.00
R25-003730,2025-11-03,FT-2025-02086,CL-234,distributori,A,11,200.00,18.71,1788.38
R25-003731,2025-11-03,FT-2025-02094,CL-023,diretto,B,3,120.00,1.98,352.89
R25-003732,2025-11-03,FT-2025-02094,CL-023,diretto,A,2,200.00,0.65,397.42
R25-003733,2025-11-03,FT-2025-02094,CL-023,diretto,B,2,120.00,0.22,239.48
R25-003734,2025-11-03,FT-2025-02125,CL-003,diretto,A,1,200.00,4.27,191.46
R25-003735,2025-11-03,FT-2025-02125,CL-003,diretto,A,1,200.00,4.37,191.27
R25-003736,2025-11-03,FT-2025-02125,CL-003,diretto,A,3,200.00,4.86,570.87
R25-003737,2025-11-03,FT-2025-02142,CL-002,diretto,A,5,200.00,1.06,989.40
R25-003738,2025-11-03,FT-2025-02142,CL-002,diretto,B,3,120.00,3.79,346.35
R25-003739,2025-11-03,FT-2025-02142,CL-002,diretto,B,1,120.00,3.75,115.50
R25-003740,2025-11-03,FT-2025-02151,CL-235,distributori,C,8,305.00,6.91,2271.36
R25-003741,2025-11-03,FT-2025-02179,CL-027,diretto,A,9,200.00,6.75,1678.50
R25-003742,2025-11-03,FT-2025-02179,CL-027,diretto,A,2,200.00,6.79,372.84
R25-003743,2025-11-03,FT-2025-02179,CL-027,diretto,A,7,200.00,7.02,1301.79
R25-003744,2025-11-03,FT-2025-02190,CL-221,distributori,C,5,305.00,6.76,1421.85
R25-003745,2025-11-03,FT-2025-02190,CL-221,distributori,B,11,120.00,2.76,1283.59
R25-003746,2025-11-03,FT-2025-02199,CL-024,diretto,B,4,120.00,0.50,477.60
R25-003747,2025-11-03,FT-2025-02199,CL-024,diretto,B,1,120.00,0.58,119.31
R25-003748,2025-11-03,FT-2025-02242,CL-005,diretto,B,1,120.00,0.42,119.50
R25-003749,2025-11-03,FT-2025-02242,CL-005,diretto,A,4,200.00,3.54,771.72
R25-003750,2025-11-03,FT-2025-02242,CL-005,diretto,A,1,200.00,3.65,192.71
R25-003751,2025-11-03,FT-2025-02250,CL-246,distributori,A,7,200.00,21.67,1096.69
R25-003752,2025-11-04,FT-2025-02121,CL-014,diretto,C,5,305.00,4.79,1452.00
R25-003753,2025-11-04,FT-2025-02170,CL-239,distributori,A,6,200.00,19.84,961.98
R25-003754,2025-11-04,FT-2025-02189,CL-136,diretto,B,3,120.00,0.81,357.09
R25-003755,2025-11-04,FT-2025-02224,CL-240,distributori,B,1,120.00,3.02,116.38
R25-003756,2025-11-04,FT-2025-02224,CL-240,distributori,A,1,200.00,19.08,161.84
R25-003757,2025-11-04,FT-2025-02224,CL-240,distributori,A,13,200.00,19.23,2100.15
R25-003758,2025-11-04,FT-2025-02247,CL-258,distributori,B,15,120.00,1.84,1766.85
R25-003759,2025-11-04,FT-2025-02247,CL-258,distributori,B,8,120.00,2.42,936.80
R25-003760,2025-11-04,FT-2025-02247,CL-258,distributori,B,6,120.00,3.04,698.10
R25-003761,2025-11-05,FT-2025-02069,CL-029,diretto,B,2,120.00,1.32,236.84
R25-003762,2025-11-05,FT-2025-02069,CL-029,diretto,A,2,200.00,0.88,396.48
R25-003763,2025-11-05,FT-2025-02089,CL-231,distributori,B,7,120.00,1.46,827.75
R25-003764,2025-11-05,FT-2025-02118,CL-084,diretto,A,4,200.00,0.52,795.88
R25-003765,2025-11-05,FT-2025-02118,CL-084,diretto,A,1,200.00,0.47,199.06
R25-003766,2025-11-05,FT-2025-02131,CL-191,diretto,A,3,200.00,0.00,600.00
R25-003767,2025-11-05,FT-2025-02131,CL-191,diretto,B,2,120.00,3.83,230.80
R25-003768,2025-11-05,FT-2025-02136,CL-026,diretto,A,2,200.00,4.70,381.22
R25-003769,2025-11-05,FT-2025-02136,CL-026,diretto,A,2,200.00,4.71,381.18
R25-003770,2025-11-05,FT-2025-02153,CL-102,diretto,A,2,200.00,0.00,400.00
R25-003771,2025-11-05,FT-2025-02154,CL-253,distributori,B,11,120.00,1.85,1295.58
R25-003772,2025-11-05,FT-2025-02165,CL-018,diretto,A,2,200.00,3.83,384.70
R25-003773,2025-11-05,FT-2025-02182,CL-114,diretto,B,1,120.00,0.00,120.00
R25-003774,2025-11-05,FT-2025-02182,CL-114,diretto,A,2,200.00,2.26,390.96
R25-003775,2025-11-05,FT-2025-02219,CL-033,diretto,B,4,120.00,0.96,475.40
R25-003776,2025-11-05,FT-2025-02219,CL-033,diretto,A,2,200.00,1.46,394.18
R25-003777,2025-11-05,FT-2025-02239,CL-017,diretto,A,3,200.00,4.21,574.74
R25-003778,2025-11-05,FT-2025-02239,CL-017,diretto,A,2,200.00,4.25,383.00
R25-003779,2025-11-05,FT-2025-02240,CL-237,distributori,B,12,120.00,2.20,1408.32
R25-003780,2025-11-05,FT-2025-02249,CL-020,diretto,A,1,200.00,1.46,197.08
R25-003781,2025-11-06,FT-2025-02071,CL-244,distributori,B,8,120.00,9.98,864.16
R25-003782,2025-11-06,FT-2025-02075,CL-224,distributori,A,12,200.00,22.91,1850.16
R25-003783,2025-11-06,FT-2025-02091,CL-242,distributori,C,4,305.00,3.03,1183.00
R25-003784,2025-11-06,FT-2025-02091,CL-242,distributori,B,10,120.00,8.71,1095.50
R25-003785,2025-11-06,FT-2025-02091,CL-242,distributori,B,16,120.00,8.38,1759.04
R25-003786,2025-11-06,FT-2025-02099,CL-009,diretto,A,1,200.00,3.12,193.76
R25-003787,2025-11-06,FT-2025-02099,CL-009,diretto,A,2,200.00,3.96,384.16
R25-003788,2025-11-06,FT-2025-02129,CL-243,distributori,B,7,120.00,3.63,809.48
R25-003789,2025-11-06,FT-2025-02129,CL-243,distributori,B,11,120.00,2.05,1292.94
R25-003790,2025-11-06,FT-2025-02130,CL-175,diretto,B,1,120.00,8.33,110.00
R25-003791,2025-11-06,FT-2025-02130,CL-175,diretto,A,3,200.00,1.11,593.34
R25-003792,2025-11-06,FT-2025-02130,CL-175,diretto,A,1,200.00,0.23,199.55
R25-003793,2025-11-06,FT-2025-02143,CL-027,diretto,B,3,120.00,9.43,326.04
R25-003794,2025-11-06,FT-2025-02163,CL-252,distributori,B,9,120.00,2.38,1054.35
R25-003795,2025-11-06,FT-2025-02163,CL-252,distributori,B,10,120.00,3.08,1163.10
R25-003796,2025-11-06,FT-2025-02178,CL-004,diretto,B,2,120.00,0.00,240.00
R25-003797,2025-11-06,FT-2025-02193,CL-236,distributori,B,10,120.00,2.26,1172.90
R25-003798,2025-11-06,FT-2025-02227,CL-014,diretto,A,7,200.00,3.75,1347.57
R25-003799,2025-11-06,FT-2025-02233,CL-013,diretto,A,2,200.00,2.86,388.56
R25-003800,2025-11-06,FT-2025-02233,CL-013,diretto,A,2,200.00,3.71,385.16
R25-003801,2025-11-06,FT-2025-02237,CL-219,distributori,C,8,305.00,5.58,2303.84
R25-003802,2025-11-06,FT-2025-02237,CL-219,distributori,A,8,200.00,18.98,1296.32
R25-003803,2025-11-06,FT-2025-02264,CL-228,distributori,B,6,120.00,2.44,702.42
R25-003804,2025-11-06,FT-2025-02264,CL-228,distributori,B,9,120.00,2.38,1054.26
R25-003805,2025-11-07,FT-2025-02087,CL-098,diretto,A,1,200.00,0.00,200.00
R25-003806,2025-11-07,FT-2025-02123,CL-238,distributori,C,3,305.00,3.63,881.79
R25-003807,2025-11-07,FT-2025-02123,CL-238,distributori,A,6,200.00,19.38,967.50
R25-003808,2025-11-07,FT-2025-02123,CL-238,distributori,B,17,120.00,9.68,1842.63
R25-003809,2025-11-07,FT-2025-02137,CL-229,distributori,B,11,120.00,7.93,1215.39
R25-003810,2025-11-07,FT-2025-02137,CL-229,distributori,C,3,305.00,8.90,833.61
R25-003811,2025-11-07,FT-2025-02152,CL-255,distributori,A,6,200.00,19.64,964.38
R25-003812,2025-11-07,FT-2025-02152,CL-255,distributori,B,12,120.00,2.86,1398.84
R25-003813,2025-11-07,FT-2025-02152,CL-255,distributori,C,4,305.00,2.85,1185.28
R25-003814,2025-11-07,FT-2025-02176,CL-232,distributori,A,8,200.00,20.83,1266.80
R25-003815,2025-11-07,FT-2025-02176,CL-232,distributori,C,2,305.00,11.28,541.22
R25-003816,2025-11-07,FT-2025-02185,CL-031,diretto,A,3,200.00,3.66,578.04
R25-003817,2025-11-07,FT-2025-02212,CL-027,diretto,A,2,200.00,5.20,379.22
R25-003818,2025-11-07,FT-2025-02212,CL-027,diretto,A,6,200.00,6.28,1124.70
R25-003819,2025-11-07,FT-2025-02254,CL-251,distributori,C,3,305.00,2.86,888.81
R25-003820,2025-11-07,FT-2025-02254,CL-251,distributori,A,8,200.00,18.63,1301.92
R25-003821,2025-11-07,FT-2025-02266,CL-148,diretto,B,2,120.00,0.00,240.00
R25-003822,2025-11-07,FT-2025-02270,CL-197,diretto,A,2,200.00,4.42,382.32
R25-003823,2025-11-07,FT-2025-02270,CL-197,diretto,B,2,120.00,0.00,240.00
R25-003824,2025-11-10,FT-2025-02088,CL-014,diretto,B,8,120.00,2.78,933.28
R25-003825,2025-11-10,FT-2025-02110,CL-048,diretto,A,1,200.00,7.20,185.60
R25-003826,2025-11-10,FT-2025-02110,CL-048,diretto,B,1,120.00,0.00,120.00
R25-003827,2025-11-10,FT-2025-02251,CL-007,diretto,A,3,200.00,8.74,547.56
R25-003828,2025-11-11,FT-2025-02117,CL-028,diretto,A,2,200.00,2.15,391.42
R25-003829,2025-11-11,FT-2025-02117,CL-028,diretto,A,1,200.00,1.12,197.77
R25-003830,2025-11-11,FT-2025-02117,CL-028,diretto,A,3,200.00,1.35,591.90
R25-003831,2025-11-11,FT-2025-02215,CL-043,diretto,A,2,200.00,2.19,391.26
R25-003832,2025-11-11,FT-2025-02215,CL-043,diretto,A,2,200.00,1.82,392.74
R25-003833,2025-11-11,FT-2025-02215,CL-043,diretto,B,1,120.00,8.18,110.18
R25-003834,2025-11-11,FT-2025-02218,CL-230,distributori,A,10,200.00,23.84,1523.30
R25-003835,2025-11-11,FT-2025-02218,CL-230,distributori,C,3,305.00,11.48,810.00
R25-003836,2025-11-12,FT-2025-02122,CL-249,distributori,A,8,200.00,18.16,1309.52
R25-003837,2025-11-12,FT-2025-02122,CL-249,distributori,C,8,305.00,6.91,2271.28
R25-003838,2025-11-12,FT-2025-02122,CL-249,distributori,B,8,120.00,3.48,926.56
R25-003839,2025-11-12,FT-2025-02159,CL-027,diretto,A,4,200.00,5.27,757.88
R25-003840,2025-11-12,FT-2025-02159,CL-027,diretto,B,5,120.00,10.20,538.80
R25-003841,2025-11-12,FT-2025-02173,CL-252,distributori,A,6,200.00,18.06,983.28
R25-003842,2025-11-12,FT-2025-02173,CL-252,distributori,B,8,120.00,3.02,931.04
R25-003843,2025-11-12,FT-2025-02184,CL-250,distributori,C,5,305.00,3.54,1471.05
R25-003844,2025-11-12,FT-2025-02184,CL-250,distributori,B,13,120.00,3.32,1508.26
R25-003845,2025-11-12,FT-2025-02184,CL-250,distributori,A,9,200.00,18.37,1469.34
R25-003846,2025-11-12,FT-2025-02188,CL-134,diretto,B,4,120.00,0.21,479.00
R25-003847,2025-11-12,FT-2025-02209,CL-088,diretto,A,3,200.00,3.36,579.84
R25-003848,2025-11-12,FT-2025-02209,CL-088,diretto,B,1,120.00,8.60,109.68
R25-003849,2025-11-12,FT-2025-02216,CL-257,distributori,B,20,120.00,1.99,2352.20
R25-003850,2025-11-12,FT-2025-02260,CL-086,diretto,A,2,200.00,3.12,387.54
R25-003851,2025-11-12,FT-2025-02260,CL-086,diretto,B,2,120.00,0.00,240.00
R25-003852,2025-11-12,FT-2025-02269,CL-245,distributori,B,14,120.00,9.66,1517.74
R25-003853,2025-11-12,RS-2025-02187,CL-038,diretto,A,-2,200.00,1.58,-393.68
R25-003854,2025-11-13,FT-2025-02074,CL-014,diretto,A,6,200.00,3.01,1163.88
R25-003855,2025-11-13,FT-2025-02074,CL-014,diretto,A,9,200.00,3.20,1742.49
R25-003856,2025-11-13,FT-2025-02092,CL-161,diretto,A,3,200.00,1.54,590.79
R25-003857,2025-11-13,FT-2025-02166,CL-222,distributori,B,13,120.00,7.53,1442.61
R25-003858,2025-11-13,FT-2025-02180,CL-256,distributori,B,14,120.00,1.73,1650.88
R25-003859,2025-11-13,FT-2025-02180,CL-256,distributori,C,8,305.00,5.97,2294.40
R25-003860,2025-11-13,FT-2025-02197,CL-008,diretto,A,2,200.00,8.28,366.88
R25-003861,2025-11-13,FT-2025-02197,CL-008,diretto,A,5,200.00,9.50,905.05
R25-003862,2025-11-13,FT-2025-02210,CL-016,diretto,B,4,120.00,8.40,439.68
R25-003863,2025-11-13,FT-2025-02213,CL-021,diretto,A,3,200.00,3.68,577.92
R25-003864,2025-11-13,FT-2025-02213,CL-021,diretto,A,1,200.00,2.70,194.61
R25-003865,2025-11-13,FT-2025-02238,CL-254,distributori,B,7,120.00,8.65,767.34
R25-003866,2025-11-14,FT-2025-02109,CL-014,diretto,A,4,200.00,2.94,776.52
R25-003867,2025-11-14,FT-2025-02109,CL-014,diretto,B,10,120.00,0.85,1189.80
R25-003868,2025-11-14,FT-2025-02126,CL-027,diretto,A,6,200.00,6.89,1117.38
R25-003869,2025-11-14,FT-2025-02135,CL-246,distributori,B,15,120.00,8.19,1652.55
R25-003870,2025-11-14,FT-2025-02145,CL-026,diretto,A,2,200.00,4.09,383.64
R25-003871,2025-11-14,FT-2025-02158,CL-177,diretto,B,1,120.00,8.62,109.66
R25-003872,2025-11-14,FT-2025-02158,CL-177,diretto,A,3,200.00,1.30,592.20
R25-003873,2025-11-14,FT-2025-02168,CL-226,distributori,B,15,120.00,7.75,1660.50
R25-003874,2025-11-14,FT-2025-02168,CL-226,distributori,A,6,200.00,21.18,945.84
R25-003875,2025-11-14,FT-2025-02206,CL-061,diretto,A,2,200.00,1.96,392.16
R25-003876,2025-11-14,FT-2025-02206,CL-061,diretto,A,1,200.00,3.05,193.90
R25-003877,2025-11-14,FT-2025-02217,CL-120,diretto,A,1,200.00,0.84,198.32
R25-003878,2025-11-14,FT-2025-02217,CL-120,diretto,A,2,200.00,1.20,395.22
R25-003879,2025-11-14,FT-2025-02221,CL-108,diretto,A,2,200.00,2.32,390.74
R25-003880,2025-11-14,FT-2025-02246,CL-212,diretto,A,1,200.00,2.74,194.53
R25-003881,2025-11-14,FT-2025-02246,CL-212,diretto,A,2,200.00,2.62,389.54
R25-003882,2025-11-14,FT-2025-02259,CL-006,diretto,A,3,200.00,3.16,581.07
R25-003883,2025-11-14,FT-2025-02259,CL-006,diretto,A,1,200.00,4.94,190.13
R25-003884,2025-11-14,FT-2025-02259,CL-006,diretto,A,1,200.00,3.74,192.52
R25-003885,2025-11-17,FT-2025-02082,CL-252,distributori,C,2,305.00,3.88,586.34
R25-003886,2025-11-17,FT-2025-02084,CL-105,diretto,A,2,200.00,0.86,396.56
R25-003887,2025-11-17,FT-2025-02084,CL-105,diretto,A,1,200.00,2.01,195.98
R25-003888,2025-11-17,FT-2025-02102,CL-170,diretto,A,2,200.00,0.00,400.00
R25-003889,2025-11-17,FT-2025-02111,CL-068,diretto,A,1,200.00,0.00,200.00
R25-003890,2025-11-17,FT-2025-02116,CL-224,distributori,B,10,120.00,2.76,1166.90
R25-003891,2025-11-17,FT-2025-02116,CL-224,distributori,B,14,120.00,2.43,1639.26
R25-003892,2025-11-17,FT-2025-02119,CL-023,diretto,A,2,200.00,0.87,396.52
R25-003893,2025-11-17,FT-2025-02120,CL-236,distributori,A,5,200.00,18.97,810.35
R25-003894,2025-11-17,FT-2025-02133,CL-253,distributori,B,8,120.00,1.97,941.12
R25-003895,2025-11-17,FT-2025-02133,CL-253,distributori,C,9,305.00,5.06,2606.22
R25-003896,2025-11-17,FT-2025-02133,CL-253,distributori,B,10,120.00,2.06,1175.30
R25-003897,2025-11-17,FT-2025-02157,CL-235,distributori,B,8,120.00,2.58,935.20
R25-003898,2025-11-17,FT-2025-02157,CL-235,distributori,A,9,200.00,19.43,1450.26
R25-003899,2025-11-17,FT-2025-02160,CL-220,distributori,B,6,120.00,8.90,655.92
R25-003900,2025-11-17,FT-2025-02181,CL-242,distributori,A,9,200.00,18.65,1464.30
R25-003901,2025-11-17,FT-2025-02181,CL-242,distributori,B,11,120.00,8.45,1208.46
R25-003902,2025-11-17,FT-2025-02192,CL-012,diretto,A,3,200.00,1.17,593.01
R25-003903,2025-11-17,FT-2025-02192,CL-012,diretto,B,3,120.00,1.01,356.37
R25-003904,2025-11-17,FT-2025-02234,CL-002,diretto,A,1,200.00,0.50,199.00
R25-003905,2025-11-17,FT-2025-02234,CL-002,diretto,B,2,120.00,4.53,229.12
R25-003906,2025-11-17,FT-2025-02241,CL-081,diretto,A,2,200.00,0.39,398.46
R25-003907,2025-11-17,FT-2025-02245,CL-027,diretto,A,7,200.00,6.79,1305.01
R25-003908,2025-11-17,FT-2025-02245,CL-027,diretto,B,10,120.00,10.94,1068.70
R25-003909,2025-11-17,FT-2025-02253,CL-152,diretto,A,1,200.00,0.00,200.00
R25-003910,2025-11-17,FT-2025-02258,CL-019,diretto,A,2,200.00,1.75,393.00
R25-003911,2025-11-18,FT-2025-02072,CL-112,diretto,A,2,200.00,0.66,397.36
R25-003912,2025-11-18,FT-2025-02072,CL-112,diretto,A,1,200.00,0.00,200.00
R25-003913,2025-11-18,FT-2025-02078,CL-221,distributori,B,11,120.00,3.15,1278.42
R25-003914,2025-11-18,FT-2025-02078,CL-221,distributori,A,6,200.00,19.92,961.02
R25-003915,2025-11-18,FT-2025-02085,CL-205,diretto,A,2,200.00,1.36,394.58
R25-003916,2025-11-18,FT-2025-02095,CL-027,diretto,A,10,200.00,5.44,1891.30
R25-003917,2025-11-18,FT-2025-02095,CL-027,diretto,B,8,120.00,10.38,860.32
R25-003918,2025-11-18,FT-2025-02095,CL-027,diretto,B,3,120.00,10.17,323.40
R25-003919,2025-11-18,FT-2025-02098,CL-219,distributori,B,8,120.00,2.43,936.64
R25-003920,2025-11-18,FT-2025-02098,CL-219,distributori,B,11,120.00,2.63,1285.24
R25-003921,2025-11-18,FT-2025-02101,CL-010,diretto,B,1,120.00,0.16,119.81
R25-003922,2025-11-18,FT-2025-02139,CL-050,diretto,B,1,120.00,5.38,113.55
R25-003923,2025-11-18,FT-2025-02140,CL-045,diretto,B,1,120.00,5.55,113.34
R25-003924,2025-11-18,FT-2025-02140,CL-045,diretto,A,2,200.00,0.00,400.00
R25-003925,2025-11-18,FT-2025-02141,CL-241,distributori,B,5,120.00,2.60,584.40
R25-003926,2025-11-18,FT-2025-02169,CL-011,diretto,B,2,120.00,0.33,239.20
R25-003927,2025-11-18,FT-2025-02169,CL-011,diretto,A,2,200.00,1.01,395.96
R25-003928,2025-11-18,FT-2025-02175,CL-018,diretto,A,4,200.00,3.50,772.04
R25-003929,2025-11-18,FT-2025-02175,CL-018,diretto,A,1,200.00,4.33,191.34
R25-003930,2025-11-18,FT-2025-02211,CL-243,distributori,C,7,305.00,3.65,2057.16
R25-003931,2025-11-18,FT-2025-02211,CL-243,distributori,A,10,200.00,18.57,1628.60
R25-003932,2025-11-18,FT-2025-02252,CL-116,diretto,A,2,200.00,2.66,389.38
R25-003933,2025-11-18,FT-2025-02256,CL-055,diretto,B,2,120.00,8.33,220.00
R25-003934,2025-11-18,FT-2025-02256,CL-055,diretto,A,5,200.00,1.33,986.75
R25-003935,2025-11-18,FT-2025-02257,CL-032,diretto,A,2,200.00,4.29,382.84
R25-003936,2025-11-18,FT-2025-02261,CL-035,diretto,B,1,120.00,0.00,120.00
R25-003937,2025-11-18,FT-2025-02262,CL-014,diretto,B,5,120.00,1.92,588.50
R25-003938,2025-11-18,FT-2025-02262,CL-014,diretto,B,4,120.00,1.79,471.40
R25-003939,2025-11-18,FT-2025-02262,CL-014,diretto,A,4,200.00,3.93,768.60
R25-003940,2025-11-19,FT-2025-02073,CL-258,distributori,A,11,200.00,29.95,1541.10
R25-003941,2025-11-19,FT-2025-02073,CL-258,distributori,C,4,305.00,3.49,1177.44
R25-003942,2025-11-19,FT-2025-02105,CL-238,distributori,B,13,120.00,8.94,1420.51
R25-003943,2025-11-19,FT-2025-02112,CL-024,diretto,A,3,200.00,0.83,595.02
R25-003944,2025-11-19,FT-2025-02112,CL-024,diretto,A,1,200.00,1.09,197.82
R25-003945,2025-11-19,FT-2025-02128,CL-137,diretto,A,1,200.00,1.60,196.80
R25-003946,2025-11-19,FT-2025-02128,CL-137,diretto,B,1,120.00,0.00,120.00
R25-003947,2025-11-19,FT-2025-02128,CL-137,diretto,B,1,120.00,0.00,120.00
R25-003948,2025-11-19,FT-2025-02164,CL-239,distributori,B,15,120.00,9.28,1632.90
R25-003949,2025-11-19,FT-2025-02164,CL-239,distributori,B,10,120.00,9.44,1086.70
R25-003950,2025-11-19,FT-2025-02164,CL-239,distributori,C,3,305.00,4.49,873.90
R25-003951,2025-11-19,FT-2025-02171,CL-234,distributori,B,19,120.00,9.11,2072.33
R25-003952,2025-11-19,FT-2025-02171,CL-234,distributori,B,11,120.00,9.29,1197.35
R25-003953,2025-11-19,FT-2025-02198,CL-233,distributori,B,7,120.00,7.49,777.07
R25-003954,2025-11-19,FT-2025-02228,CL-229,distributori,B,13,120.00,6.63,1456.52
R25-003955,2025-11-19,FT-2025-02228,CL-229,distributori,A,9,200.00,19.96,1440.72
R25-003956,2025-11-19,FT-2025-02232,CL-109,diretto,A,1,200.00,1.25,197.51
R25-003957,2025-11-19,FT-2025-02232,CL-109,diretto,A,2,200.00,1.19,395.26
R25-003958,2025-11-19,FT-2025-02255,CL-237,distributori,A,6,200.00,19.95,960.66
R25-003959,2025-11-19,FT-2025-02255,CL-237,distributori,C,4,305.00,3.29,1179.84
R25-003960,2025-11-19,FT-2025-02268,CL-138,diretto,A,2,200.00,0.00,400.00
R25-003961,2025-11-19,FT-2025-02268,CL-138,diretto,B,1,120.00,0.74,119.11
R25-003962,2025-11-20,FT-2025-02077,CL-228,distributori,A,7,200.00,19.58,1125.88
R25-003963,2025-11-20,FT-2025-02077,CL-228,distributori,B,9,120.00,2.13,1056.96
R25-003964,2025-11-20,FT-2025-02077,CL-228,distributori,C,7,305.00,5.90,2009.00
R25-003965,2025-11-20,FT-2025-02093,CL-066,diretto,B,1,120.00,8.33,110.00
R25-003966,2025-11-20,FT-2025-02093,CL-066,diretto,A,3,200.00,2.09,587.49
R25-003967,2025-11-20,FT-2025-02093,CL-066,diretto,A,2,200.00,1.90,392.42
R25-003968,2025-11-20,FT-2025-02097,CL-003,diretto,A,2,200.00,4.97,380.12
R25-003969,2025-11-20,FT-2025-02097,CL-003,diretto,A,4,200.00,4.06,767.52
R25-003970,2025-11-20,FT-2025-02134,CL-224,distributori,A,3,200.00,23.60,458.43
R25-003971,2025-11-20,FT-2025-02134,CL-224,distributori,B,13,120.00,2.78,1516.71
R25-003972,2025-11-20,FT-2025-02138,CL-027,diretto,B,4,120.00,10.02,431.92
R25-003973,2025-11-20,FT-2025-02167,CL-014,diretto,B,12,120.00,2.27,1407.36
R25-003974,2025-11-20,FT-2025-02167,CL-014,diretto,A,7,200.00,1.97,1372.42
R25-003975,2025-11-20,FT-2025-02174,CL-244,distributori,B,20,120.00,9.13,2180.80
R25-003976,2025-11-20,FT-2025-02174,CL-244,distributori,A,6,200.00,19.40,967.26
R25-003977,2025-11-20,FT-2025-02174,CL-244,distributori,C,3,305.00,3.96,878.76
R25-003978,2025-11-20,FT-2025-02191,CL-181,diretto,A,3,200.00,2.59,584.46
R25-003979,2025-11-20,FT-2025-02200,CL-083,diretto,A,1,200.00,4.18,191.64
R25-003980,2025-11-20,FT-2025-02236,CL-252,distributori,C,9,305.00,3.15,2658.60
R25-003981,2025-11-20,FT-2025-02243,CL-166,diretto,B,2,120.00,0.00,240.00
R25-003982,2025-11-20,FT-2025-02248,CL-223,distributori,A,4,200.00,25.85,593.20
R25-003983,2025-11-20,FT-2025-02248,CL-223,distributori,B,14,120.00,2.48,1638.28
R25-003984,2025-11-21,FT-2025-02100,CL-230,distributori,B,10,120.00,2.67,1168.00
R25-003985,2025-11-21,FT-2025-02100,CL-230,distributori,B,16,120.00,2.87,1864.96
R25-003986,2025-11-21,FT-2025-02107,CL-227,distributori,B,5,120.00,1.73,589.65
R25-003987,2025-11-21,FT-2025-02150,CL-100,diretto,A,1,200.00,3.49,193.02
R25-003988,2025-11-21,FT-2025-02150,CL-100,diretto,A,1,200.00,4.07,191.87
R25-003989,2025-11-21,FT-2025-02150,CL-100,diretto,A,1,200.00,5.47,189.06
R25-003990,2025-11-21,FT-2025-02161,CL-008,diretto,B,2,120.00,0.23,239.46
R25-003991,2025-11-21,FT-2025-02161,CL-008,diretto,A,2,200.00,9.40,362.40
R25-003992,2025-11-21,FT-2025-02161,CL-008,diretto,B,2,120.00,0.64,238.46
R25-003993,2025-11-21,FT-2025-02220,CL-007,diretto,B,1,120.00,0.79,119.05
R25-003994,2025-11-21,FT-2025-02220,CL-007,diretto,A,5,200.00,8.17,918.30
R25-003995,2025-11-21,FT-2025-02220,CL-007,diretto,A,2,200.00,7.25,371.00
R25-003996,2025-11-21,FT-2025-02235,CL-168,diretto,B,2,120.00,0.42,239.00
R25-003997,2025-11-21,FT-2025-02235,CL-168,diretto,A,3,200.00,0.00,600.00
R25-003998,2025-11-21,FT-2025-02271,CL-169,diretto,A,2,200.00,0.00,400.00
R25-003999,2025-11-21,FT-2025-02271,CL-169,diretto,B,2,120.00,0.53,238.74
R25-004000,2025-11-24,FT-2025-02070,CL-004,diretto,B,2,120.00,1.19,237.14
R25-004001,2025-11-24,FT-2025-02070,CL-004,diretto,A,3,200.00,0.53,596.82
R25-004002,2025-11-24,FT-2025-02103,CL-025,diretto,A,2,200.00,0.00,400.00
R25-004003,2025-11-24,FT-2025-02103,CL-025,diretto,B,2,120.00,3.08,232.60
R25-004004,2025-11-24,FT-2025-02106,CL-062,diretto,A,1,200.00,0.00,200.00
R25-004005,2025-11-24,FT-2025-02132,CL-213,diretto,A,2,200.00,0.63,397.48
R25-004006,2025-11-24,FT-2025-02194,CL-246,distributori,C,3,305.00,6.40,856.41
R25-004007,2025-11-24,FT-2025-02194,CL-246,distributori,B,16,120.00,7.24,1780.96
R25-004008,2025-11-24,FT-2025-02195,CL-022,diretto,B,1,120.00,1.70,117.96
R25-004009,2025-11-24,FT-2025-02202,CL-020,diretto,A,5,200.00,0.53,994.70
R25-004010,2025-11-24,FT-2025-02202,CL-020,diretto,A,1,200.00,2.19,195.63
R25-004011,2025-11-24,FT-2025-02202,CL-020,diretto,A,3,200.00,0.28,598.32
R25-004012,2025-11-25,FT-2025-02080,CL-245,distributori,A,3,200.00,19.35,483.90
R25-004013,2025-11-25,FT-2025-02108,CL-251,distributori,B,27,120.00,9.63,2927.88
R25-004014,2025-11-25,FT-2025-02115,CL-027,diretto,B,7,120.00,9.60,759.36
R25-004015,2025-11-25,FT-2025-02115,CL-027,diretto,A,5,200.00,5.25,947.55
R25-004016,2025-11-25,FT-2025-02148,CL-226,distributori,B,16,120.00,9.02,1746.88
R25-004017,2025-11-25,FT-2025-02148,CL-226,distributori,C,3,305.00,4.43,874.50
R25-004018,2025-11-25,FT-2025-02162,CL-009,diretto,A,1,200.00,4.28,191.45
R25-004019,2025-11-25,FT-2025-02162,CL-009,diretto,A,4,200.00,3.81,769.56
R25-004020,2025-11-25,FT-2025-02186,CL-074,diretto,A,1,200.00,0.44,199.12
R25-004021,2025-11-25,FT-2025-02186,CL-074,diretto,A,2,200.00,0.86,396.58
R25-004022,2025-11-25,FT-2025-02203,CL-034,diretto,B,2,120.00,0.98,237.64
R25-004023,2025-11-25,FT-2025-02204,CL-005,diretto,A,2,200.00,4.41,382.36
R25-004024,2025-11-25,FT-2025-02204,CL-005,diretto,A,2,200.00,3.87,384.54
R25-004025,2025-11-25,FT-2025-02225,CL-232,distributori,B,20,120.00,4.58,2290.20
R25-004026,2025-11-25,FT-2025-02230,CL-014,diretto,B,2,120.00,0.69,238.34
R25-004027,2025-11-25,FT-2025-02230,CL-014,diretto,A,8,200.00,1.90,1569.60
R25-004028,2025-11-25,FT-2025-02230,CL-014,diretto,C,4,305.00,3.22,1180.72
R25-004029,2025-11-25,FT-2025-02267,CL-249,distributori,B,11,120.00,3.05,1279.74
R25-004030,2025-11-25,FT-2025-02267,CL-249,distributori,B,9,120.00,2.72,1050.66
R25-004031,2025-11-25,FT-2025-02267,CL-249,distributori,B,1,120.00,2.53,116.97
R25-004032,2025-11-26,FT-2025-02083,CL-155,diretto,B,1,120.00,0.00,120.00
R25-004033,2025-11-26,FT-2025-02083,CL-155,diretto,B,1,120.00,0.00,120.00
R25-004034,2025-11-26,FT-2025-02083,CL-155,diretto,A,1,200.00,1.80,196.40
R25-004035,2025-11-26,FT-2025-02104,CL-026,diretto,A,4,200.00,4.40,764.84
R25-004036,2025-11-26,FT-2025-02104,CL-026,diretto,A,3,200.00,3.97,576.21
R25-004037,2025-11-26,FT-2025-02113,CL-028,diretto,A,1,200.00,0.91,198.19
R25-004038,2025-11-26,FT-2025-02113,CL-028,diretto,A,2,200.00,0.77,396.92
R25-004039,2025-11-26,FT-2025-02149,CL-225,distributori,B,6,120.00,1.83,706.86
R25-004040,2025-11-26,FT-2025-02172,CL-110,diretto,A,2,200.00,0.34,398.66
R25-004041,2025-11-26,FT-2025-02172,CL-110,diretto,A,2,200.00,0.01,399.96
R25-004042,2025-11-26,FT-2025-02214,CL-079,diretto,A,2,200.00,1.35,394.60
R25-004043,2025-11-26,FT-2025-02222,CL-070,diretto,A,2,200.00,0.55,397.80
R25-004044,2025-11-26,FT-2025-02231,CL-184,diretto,A,2,200.00,0.07,399.74
R25-004045,2025-11-26,FT-2025-02244,CL-242,distributori,B,4,120.00,9.54,434.20
R25-004046,2025-11-26,FT-2025-02263,CL-104,diretto,B,1,120.00,8.33,110.00
R25-004047,2025-11-26,FT-2025-02263,CL-104,diretto,A,2,200.00,0.05,399.82
R25-004048,2025-11-26,FT-2025-02263,CL-104,diretto,A,2,200.00,0.00,400.00
R25-004049,2025-11-27,FT-2025-02081,CL-030,diretto,A,1,200.00,2.61,194.78
R25-004050,2025-11-27,FT-2025-02081,CL-030,diretto,B,1,120.00,8.33,110.00
R25-004051,2025-11-27,FT-2025-02081,CL-030,diretto,A,4,200.00,2.99,776.12
R25-004052,2025-11-27,FT-2025-02096,CL-247,distributori,C,14,305.00,11.48,3780.00
R25-004053,2025-11-27,FT-2025-02096,CL-247,distributori,A,5,200.00,18.48,815.25
R25-004054,2025-11-27,FT-2025-02096,CL-247,distributori,B,21,120.00,6.22,2363.34
R25-004055,2025-11-27,FT-2025-02124,CL-031,diretto,A,1,200.00,4.49,191.02
R25-004056,2025-11-27,FT-2025-02124,CL-031,diretto,A,3,200.00,2.92,582.51
R25-004057,2025-11-27,FT-2025-02127,CL-033,diretto,B,1,120.00,0.45,119.46
R25-004058,2025-11-27,FT-2025-02127,CL-033,diretto,A,2,200.00,0.15,399.42
R25-004059,2025-11-27,FT-2025-02144,CL-014,diretto,B,8,120.00,0.99,950.48
R25-004060,2025-11-27,FT-2025-02155,CL-235,distributori,B,6,120.00,2.33,703.26
R25-004061,2025-11-27,FT-2025-02155,CL-235,distributori,B,8,120.00,2.67,934.40
R25-004062,2025-11-27,FT-2025-02155,CL-235,distributori,B,8,120.00,2.98,931.36
R25-004063,2025-11-27,FT-2025-02156,CL-224,distributori,C,5,305.00,11.24,1353.60
R25-004064,2025-11-27,FT-2025-02183,CL-252,distributori,A,11,200.00,19.76,1765.28
R25-004065,2025-11-27,FT-2025-02183,CL-252,distributori,B,7,120.00,1.40,828.24
R25-004066,2025-11-27,FT-2025-02201,CL-101,diretto,A,2,200.00,1.06,395.76
R25-004067,2025-11-27,FT-2025-02201,CL-101,diretto,A,1,200.00,1.35,197.31
R25-004068,2025-11-27,FT-2025-02205,CL-209,diretto,A,3,200.00,1.24,592.59
R25-004069,2025-11-27,FT-2025-02205,CL-209,diretto,A,2,200.00,1.13,395.48
R25-004070,2025-11-27,FT-2025-02205,CL-209,diretto,B,1,120.00,9.56,108.53
R25-004071,2025-11-27,FT-2025-02207,CL-027,diretto,A,7,200.00,5.14,1328.11
R25-004072,2025-11-27,FT-2025-02207,CL-027,diretto,A,6,200.00,6.46,1122.48
R25-004073,2025-11-27,FT-2025-02226,CL-054,diretto,A,3,200.00,1.53,590.82
R25-004074,2025-11-27,FT-2025-02265,CL-147,diretto,A,2,200.00,0.00,400.00
R25-004075,2025-11-28,FT-2025-02076,CL-243,distributori,B,3,120.00,3.33,348.00
R25-004076,2025-11-28,FT-2025-02090,CL-240,distributori,B,9,120.00,2.09,1057.41
R25-004077,2025-11-28,FT-2025-02090,CL-240,distributori,B,16,120.00,2.83,1865.76
R25-004078,2025-11-28,FT-2025-02090,CL-240,distributori,C,8,305.00,4.26,2336.00
R25-004079,2025-11-28,FT-2025-02114,CL-250,distributori,B,3,120.00,2.35,351.54
R25-004080,2025-11-28,FT-2025-02146,CL-080,diretto,A,1,200.00,1.63,196.75
R25-004081,2025-11-28,FT-2025-02146,CL-080,diretto,A,2,200.00,2.12,391.54
R25-004082,2025-11-28,FT-2025-02147,CL-140,diretto,A,2,200.00,0.98,396.08
R25-004083,2025-11-28,FT-2025-02177,CL-027,diretto,A,11,200.00,5.94,2069.43
R25-004084,2025-11-28,FT-2025-02177,CL-027,diretto,C,3,305.00,6.85,852.33
R25-004085,2025-11-28,FT-2025-02177,CL-027,diretto,B,5,120.00,10.60,536.40
R25-004086,2025-11-28,FT-2025-02196,CL-219,distributori,B,8,120.00,1.33,947.20
R25-004087,2025-11-28,FT-2025-02208,CL-014,diretto,B,2,120.00,1.94,235.34
R25-004088,2025-11-28,FT-2025-02223,CL-253,distributori,A,11,200.00,19.01,1781.89
R25-004089,2025-11-28,FT-2025-02223,CL-253,distributori,B,5,120.00,3.44,579.35
R25-004090,2025-11-28,FT-2025-02229,CL-072,diretto,A,1,200.00,1.55,196.91
R25-004091,2025-12-01,FT-2025-02276,CL-065,diretto,A,1,200.00,0.00,200.00
R25-004092,2025-12-01,FT-2025-02276,CL-065,diretto,B,1,120.00,5.17,113.80
R25-004093,2025-12-01,FT-2025-02276,CL-065,diretto,A,1,200.00,0.00,200.00
R25-004094,2025-12-01,FT-2025-02277,CL-092,diretto,B,1,120.00,0.58,119.30
R25-004095,2025-12-01,FT-2025-02280,CL-015,diretto,B,1,120.00,1.18,118.58
R25-004096,2025-12-01,FT-2025-02377,CL-228,distributori,B,7,120.00,3.17,813.40
R25-004097,2025-12-01,FT-2025-02377,CL-228,distributori,B,5,120.00,2.08,587.55
R25-004098,2025-12-01,FT-2025-02401,CL-121,diretto,A,1,200.00,0.00,200.00
R25-004099,2025-12-01,FT-2025-02434,CL-238,distributori,A,11,200.00,18.88,1784.64
R25-004100,2025-12-01,FT-2025-02434,CL-238,distributori,B,7,120.00,10.20,754.32
R25-004101,2025-12-01,FT-2025-02434,CL-238,distributori,C,5,305.00,3.74,1467.90
R25-004102,2025-12-01,FT-2025-02455,CL-255,distributori,A,4,200.00,18.57,651.48
R25-004103,2025-12-01,FT-2025-02455,CL-255,distributori,B,7,120.00,3.31,812.21
R25-004104,2025-12-02,FT-2025-02331,CL-023,diretto,B,3,120.00,0.08,359.70
R25-004105,2025-12-02,FT-2025-02331,CL-023,diretto,B,1,120.00,0.08,119.90
R25-004106,2025-12-02,FT-2025-02352,CL-002,diretto,B,1,120.00,4.46,114.65
R25-004107,2025-12-02,FT-2025-02352,CL-002,diretto,A,3,200.00,0.89,594.69
R25-004108,2025-12-02,FT-2025-02372,CL-014,diretto,C,4,305.00,4.64,1163.44
R25-004109,2025-12-02,FT-2025-02394,CL-158,diretto,A,1,200.00,0.73,198.55
R25-004110,2025-12-02,FT-2025-02394,CL-158,diretto,A,2,200.00,0.09,399.64
R25-004111,2025-12-02,FT-2025-02399,CL-252,distributori,A,8,200.00,19.82,1282.96
R25-004112,2025-12-02,FT-2025-02399,CL-252,distributori,B,5,120.00,1.78,589.30
R25-004113,2025-12-02,FT-2025-02428,CL-237,distributori,B,5,120.00,1.70,589.80
R25-004114,2025-12-02,FT-2025-02428,CL-237,distributori,B,7,120.00,2.10,822.36
R25-004115,2025-12-02,FT-2025-02456,CL-229,distributori,C,4,305.00,9.22,1107.52
R25-004116,2025-12-03,FT-2025-02294,CL-174,diretto,A,1,200.00,0.00,200.00
R25-004117,2025-12-03,FT-2025-02304,CL-027,diretto,A,5,200.00,4.90,951.05
R25-004118,2025-12-03,FT-2025-02304,CL-027,diretto,B,11,120.00,9.54,1194.05
R25-004119,2025-12-03,FT-2025-02339,CL-018,diretto,A,2,200.00,3.29,386.84
R25-004120,2025-12-03,FT-2025-02348,CL-246,distributori,B,6,120.00,6.78,671.16
R25-004121,2025-12-03,FT-2025-02348,CL-246,distributori,C,3,305.00,4.53,873.57
R25-004122,2025-12-03,FT-2025-02349,CL-013,diretto,A,1,200.00,3.17,193.67
R25-004123,2025-12-03,FT-2025-02357,CL-029,diretto,B,2,120.00,0.00,240.00
R25-004124,2025-12-03,FT-2025-02357,CL-029,diretto,A,2,200.00,0.00,400.00
R25-004125,2025-12-03,FT-2025-02358,CL-014,diretto,A,2,200.00,4.10,383.60
R25-004126,2025-12-03,FT-2025-02368,CL-032,diretto,A,1,200.00,3.99,192.03
R25-004127,2025-12-03,FT-2025-02368,CL-032,diretto,A,3,200.00,3.18,580.92
R25-004128,2025-12-03,FT-2025-02373,CL-141,diretto,A,2,200.00,0.76,396.98
R25-004129,2025-12-03,FT-2025-02373,CL-141,diretto,A,2,200.00,1.37,394.52
R25-004130,2025-12-03,FT-2025-02374,CL-208,diretto,A,1,200.00,2.86,194.28
R25-004131,2025-12-03,FT-2025-02385,CL-058,diretto,A,1,200.00,5.04,189.93
R25-004132,2025-12-03,FT-2025-02386,CL-027,diretto,A,4,200.00,5.10,759.20
R25-004133,2025-12-03,FT-2025-02387,CL-026,diretto,A,5,200.00,4.82,951.80
R25-004134,2025-12-03,FT-2025-02387,CL-026,diretto,A,1,200.00,4.79,190.43
R25-004135,2025-12-03,FT-2025-02405,CL-258,distributori,B,18,120.00,2.07,2115.36
R25-004136,2025-12-03,FT-2025-02414,CL-230,distributori,B,7,120.00,2.19,821.59
R25-004137,2025-12-03,FT-2025-02414,CL-230,distributori,B,9,120.00,1.68,1061.82
R25-004138,2025-12-03,FT-2025-02433,CL-008,diretto,A,2,200.00,8.18,367.28
R25-004139,2025-12-03,FT-2025-02433,CL-008,diretto,A,4,200.00,9.01,727.96
R25-004140,2025-12-03,FT-2025-02433,CL-008,diretto,B,2,120.00,1.16,237.22
R25-004141,2025-12-03,FT-2025-02437,CL-245,distributori,B,11,120.00,8.53,1207.47
R25-004142,2025-12-03,FT-2025-02437,CL-245,distributori,B,10,120.00,9.71,1083.50
R25-004143,2025-12-03,FT-2025-02437,CL-245,distributori,A,7,200.00,18.58,1139.95
R25-004144,2025-12-04,FT-2025-02298,CL-242,distributori,B,18,120.00,8.27,1981.44
R25-004145,2025-12-04,FT-2025-02309,CL-224,distributori,B,12,120.00,3.18,1394.16
R25-004146,2025-12-04,FT-2025-02309,CL-224,distributori,A,11,200.00,24.30,1665.51
R25-004147,2025-12-04,FT-2025-02311,CL-226,distributori,C,3,305.00,4.97,869.52
R25-004148,2025-12-04,FT-2025-02311,CL-226,distributori,A,6,200.00,22.56,929.34
R25-004149,2025-12-04,FT-2025-02356,CL-007,diretto,A,1,200.00,8.04,183.93
R25-004150,2025-12-04,FT-2025-02375,CL-252,distributori,A,9,200.00,19.41,1450.71
R25-004151,2025-12-04,FT-2025-02375,CL-252,distributori,B,6,120.00,1.64,708.18
R25-004152,2025-12-04,FT-2025-02375,CL-252,distributori,B,7,120.00,1.76,825.23
R25-004153,2025-12-04,FT-2025-02382,CL-254,distributori,C,3,305.00,3.31,884.70
R25-004154,2025-12-04,FT-2025-02382,CL-254,distributori,B,12,120.00,9.65,1301.04
R25-004155,2025-12-04,FT-2025-02382,CL-254,distributori,B,14,120.00,7.78,1549.38
R25-004156,2025-12-04,FT-2025-02424,CL-239,distributori,B,12,120.00,9.56,1302.36
R25-004157,2025-12-04,FT-2025-02432,CL-244,distributori,B,11,120.00,8.58,1206.81
R25-004158,2025-12-04,FT-2025-02432,CL-244,distributori,B,12,120.00,10.13,1294.08
R25-004159,2025-12-04,FT-2025-02448,CL-006,diretto,A,1,200.00,3.34,193.32
R25-004160,2025-12-04,FT-2025-02448,CL-006,diretto,A,2,200.00,4.06,383.78
R25-004161,2025-12-04,FT-2025-02448,CL-006,diretto,A,2,200.00,5.15,379.42
R25-004162,2025-12-04,FT-2025-02452,CL-236,distributori,C,8,305.00,5.11,2315.20
R25-004163,2025-12-04,FT-2025-02452,CL-236,distributori,B,16,120.00,3.58,1851.20
R25-004164,2025-12-05,FT-2025-02325,CL-017,diretto,A,2,200.00,4.05,383.80
R25-004165,2025-12-05,FT-2025-02338,CL-202,diretto,A,1,200.00,0.00,200.00
R25-004166,2025-12-05,FT-2025-02353,CL-014,diretto,A,5,200.00,3.61,963.95
R25-004167,2025-12-05,FT-2025-02353,CL-014,diretto,B,10,120.00,2.63,1168.50
R25-004168,2025-12-05,FT-2025-02353,CL-014,diretto,A,10,200.00,3.78,1924.50
R25-004169,2025-12-05,FT-2025-02354,CL-027,diretto,A,17,200.00,6.90,3165.40
R25-004170,2025-12-05,FT-2025-02369,CL-010,diretto,B,2,120.00,0.23,239.46
R25-004171,2025-12-05,FT-2025-02397,CL-233,distributori,B,12,120.00,9.48,1303.56
R25-004172,2025-12-05,FT-2025-02397,CL-233,distributori,A,6,200.00,18.74,975.12
R25-004173,2025-12-05,FT-2025-02397,CL-233,distributori,C,4,305.00,3.25,1180.36
R25-004174,2025-12-05,FT-2025-02406,CL-257,distributori,B,18,120.00,1.72,2122.92
R25-004175,2025-12-05,FT-2025-02406,CL-257,distributori,A,21,200.00,18.74,3413.13
R25-004176,2025-12-05,FT-2025-02406,CL-257,distributori,C,5,305.00,4.77,1452.30
R25-004177,2025-12-05,FT-2025-02417,CL-020,diretto,A,2,200.00,2.26,390.96
R25-004178,2025-12-05,FT-2025-02417,CL-020,diretto,A,3,200.00,0.31,598.17
R25-004179,2025-12-05,FT-2025-02419,CL-001,diretto,A,1,200.00,2.39,195.22
R25-004180,2025-12-05,FT-2025-02443,CL-249,distributori,A,3,200.00,19.74,481.56
R25-004181,2025-12-05,FT-2025-02462,CL-133,diretto,A,2,200.00,0.00,400.00
R25-004182,2025-12-05,FT-2025-02462,CL-133,diretto,B,2,120.00,0.33,239.22
R25-004183,2025-12-09,FT-2025-02285,CL-243,distributori,C,4,305.00,3.18,1181.20
R25-004184,2025-12-09,FT-2025-02285,CL-243,distributori,B,13,120.00,3.04,1512.55
R25-004185,2025-12-09,FT-2025-02288,CL-028,diretto,A,2,200.00,0.15,399.42
R25-004186,2025-12-09,FT-2025-02288,CL-028,diretto,A,1,200.00,0.70,198.61
R25-004187,2025-12-09,FT-2025-02302,CL-210,diretto,A,2,200.00,0.21,399.18
R25-004188,2025-12-09,FT-2025-02302,CL-210,diretto,B,1,120.00,8.17,110.20
R25-004189,2025-12-09,FT-2025-02310,CL-220,distributori,C,2,305.00,3.88,586.36
R25-004190,2025-12-09,FT-2025-02310,CL-220,distributori,B,17,120.00,7.48,1887.51
R25-004191,2025-12-09,FT-2025-02310,CL-220,distributori,A,6,200.00,20.11,958.74
R25-004192,2025-12-09,FT-2025-02313,CL-172,diretto,A,2,200.00,0.74,397.04
R25-004193,2025-12-09,FT-2025-02313,CL-172,diretto,B,1,120.00,7.93,110.49
R25-004194,2025-12-09,FT-2025-02316,CL-165,diretto,A,1,200.00,2.04,195.93
R25-004195,2025-12-09,FT-2025-02316,CL-165,diretto,A,2,200.00,0.46,398.18
R25-004196,2025-12-09,FT-2025-02326,CL-211,diretto,A,1,200.00,0.00,200.00
R25-004197,2025-12-09,FT-2025-02326,CL-211,diretto,A,1,200.00,0.30,199.41
R25-004198,2025-12-09,FT-2025-02335,CL-235,distributori,B,15,120.00,3.28,1740.90
R25-004199,2025-12-09,FT-2025-02389,CL-190,diretto,B,1,120.00,8.64,109.63
R25-004200,2025-12-09,FT-2025-02389,CL-190,diretto,A,2,200.00,2.21,391.16
R25-004201,2025-12-09,FT-2025-02450,CL-231,distributori,B,6,120.00,2.61,701.22
R25-004202,2025-12-10,FT-2025-02284,CL-119,diretto,A,2,200.00,0.00,400.00
R25-004203,2025-12-10,FT-2025-02284,CL-119,diretto,A,1,200.00,0.48,199.05
R25-004204,2025-12-10,FT-2025-02359,CL-252,distributori,B,14,120.00,2.66,1635.34
R25-004205,2025-12-10,FT-2025-02361,CL-153,diretto,A,1,200.00,0.00,200.00
R25-004206,2025-12-10,FT-2025-02366,CL-021,diretto,A,2,200.00,4.15,383.40
R25-004207,2025-12-10,FT-2025-02378,CL-230,distributori,C,4,305.00,11.48,1080.00
R25-004208,2025-12-10,FT-2025-02409,CL-124,diretto,B,1,120.00,0.00,120.00
R25-004209,2025-12-10,FT-2025-02409,CL-124,diretto,A,1,200.00,3.62,192.76
R25-004210,2025-12-10,FT-2025-02446,CL-027,diretto,B,6,120.00,9.08,654.66
R25-004211,2025-12-10,FT-2025-02446,CL-027,diretto,A,1,200.00,6.01,187.99
R25-004212,2025-12-11,FT-2025-02279,CL-009,diretto,A,2,200.00,4.01,383.98
R25-004213,2025-12-11,FT-2025-02279,CL-009,diretto,A,2,200.00,3.24,387.06
R25-004214,2025-12-11,FT-2025-02300,CL-219,distributori,B,11,120.00,3.19,1277.87
R25-004215,2025-12-11,FT-2025-02300,CL-219,distributori,A,7,200.00,19.90,1121.47
R25-004216,2025-12-11,FT-2025-02300,CL-219,distributori,C,7,305.00,5.64,2014.67
R25-004217,2025-12-11,FT-2025-02306,CL-225,distributori,B,11,120.00,2.33,1289.31
R25-004218,2025-12-11,FT-2025-02306,CL-225,distributori,C,3,305.00,6.61,854.52
R25-004219,2025-12-11,FT-2025-02314,CL-238,distributori,B,18,120.00,9.41,1956.78
R25-004220,2025-12-11,FT-2025-02314,CL-238,distributori,B,6,120.00,8.57,658.32
R25-004221,2025-12-11,FT-2025-02336,CL-224,distributori,B,11,120.00,2.94,1281.17
R25-004222,2025-12-11,FT-2025-02337,CL-206,diretto,A,2,200.00,1.02,395.94
R25-004223,2025-12-11,FT-2025-02337,CL-206,diretto,B,1,120.00,9.13,109.05
R25-004224,2025-12-11,FT-2025-02388,CL-014,diretto,B,7,120.00,1.03,831.39
R25-004225,2025-12-11,FT-2025-02388,CL-014,diretto,A,5,200.00,3.10,969.05
R25-004226,2025-12-11,FT-2025-02388,CL-014,diretto,A,5,200.00,2.29,977.15
R25-004227,2025-12-11,FT-2025-02395,CL-221,distributori,A,5,200.00,19.78,802.25
R25-004228,2025-12-11,FT-2025-02395,CL-221,distributori,C,4,305.00,8.64,1114.56
R25-004229,2025-12-11,FT-2025-02412,CL-016,diretto,A,2,200.00,2.15,391.40
R25-004230,2025-12-11,FT-2025-02412,CL-016,diretto,B,2,120.00,7.72,221.48
R25-004231,2025-12-11,FT-2025-02451,CL-011,diretto,A,1,200.00,0.81,198.39
R25-004232,2025-12-11,FT-2025-02451,CL-011,diretto,B,2,120.00,0.34,239.18
R25-004233,2025-12-11,FT-2025-02458,CL-002,diretto,B,2,120.00,2.33,234.42
R25-004234,2025-12-11,FT-2025-02458,CL-002,diretto,B,3,120.00,3.73,346.56
R25-004235,2025-12-11,FT-2025-02458,CL-002,diretto,A,2,200.00,1.03,395.90
R25-004236,2025-12-11,FT-2025-02464,CL-228,distributori,A,8,200.00,18.59,1302.56
R25-004237,2025-12-12,FT-2025-02286,CL-248,distributori,B,9,120.00,3.72,1039.86
R25-004238,2025-12-12,FT-2025-02286,CL-248,distributori,C,3,305.00,3.84,879.90
R25-004239,2025-12-12,FT-2025-02299,CL-085,diretto,A,1,200.00,1.97,196.06
R25-004240,2025-12-12,FT-2025-02303,CL-008,diretto,B,2,120.00,0.27,239.36
R25-004241,2025-12-12,FT-2025-02303,CL-008,diretto,A,4,200.00,9.23,726.16
R25-004242,2025-12-12,FT-2025-02315,CL-019,diretto,A,2,200.00,1.27,394.92
R25-004243,2025-12-12,FT-2025-02315,CL-019,diretto,A,1,200.00,1.10,197.81
R25-004244,2025-12-12,FT-2025-02317,CL-253,distributori,C,5,305.00,6.10,1431.90
R25-004245,2025-12-12,FT-2025-02317,CL-253,distributori,A,5,200.00,18.74,812.60
R25-004246,2025-12-12,FT-2025-02319,CL-129,diretto,A,1,200.00,1.74,196.52
R25-004247,2025-12-12,FT-2025-02363,CL-223,distributori,A,4,200.00,26.22,590.28
R25-004248,2025-12-12,FT-2025-02363,CL-223,distributori,B,11,120.00,2.39,1288.43
R25-004249,2025-12-12,FT-2025-02364,CL-031,diretto,A,2,200.00,3.37,386.54
R25-004250,2025-12-12,FT-2025-02364,CL-031,diretto,A,1,200.00,4.46,191.08
R25-004251,2025-12-12,FT-2025-02364,CL-031,diretto,A,2,200.00,2.57,389.72
R25-004252,2025-12-12,FT-2025-02391,CL-027,diretto,A,7,200.00,5.70,1320.27
R25-004253,2025-12-12,FT-2025-02400,CL-229,distributori,A,6,200.00,19.43,966.84
R25-004254,2025-12-12,FT-2025-02400,CL-229,distributori,A,7,200.00,18.37,1142.82
R25-004255,2025-12-12,FT-2025-02418,CL-246,distributori,B,24,120.00,7.04,2677.20
R25-004256,2025-12-12,FT-2025-02457,CL-004,diretto,B,1,120.00,0.33,119.60
R25-004257,2025-12-12,FT-2025-02457,CL-004,diretto,B,3,120.00,1.86,353.31
R25-004258,2025-12-12,FT-2025-02457,CL-004,diretto,A,3,200.00,0.75,595.50
R25-004259,2025-12-15,FT-2025-02282,CL-026,diretto,A,1,200.00,4.66,190.68
R25-004260,2025-12-15,FT-2025-02282,CL-026,diretto,A,3,200.00,3.20,580.83
R25-004261,2025-12-15,FT-2025-02283,CL-201,diretto,B,1,120.00,0.00,120.00
R25-004262,2025-12-15,FT-2025-02283,CL-201,diretto,A,2,200.00,7.75,369.00
R25-004263,2025-12-15,FT-2025-02312,CL-003,diretto,A,2,200.00,3.63,385.50
R25-004264,2025-12-15,FT-2025-02342,CL-251,distributori,C,3,305.00,4.32,875.46
R25-004265,2025-12-15,FT-2025-02342,CL-251,distributori,B,26,120.00,8.39,2858.18
R25-004266,2025-12-15,FT-2025-02355,CL-103,diretto,A,2,200.00,2.23,391.08
R25-004267,2025-12-15,FT-2025-02367,CL-234,distributori,B,7,120.00,8.98,764.61
R25-004268,2025-12-15,FT-2025-02381,CL-226,distributori,B,11,120.00,8.50,1207.80
R25-004269,2025-12-15,FT-2025-02396,CL-034,diretto,B,3,120.00,2.13,352.35
R25-004270,2025-12-15,FT-2025-02396,CL-034,diretto,A,2,200.00,0.18,399.30
R25-004271,2025-12-15,FT-2025-02407,CL-242,distributori,C,3,305.00,3.94,878.97
R25-004272,2025-12-15,FT-2025-02408,CL-014,diretto,A,10,200.00,3.66,1926.80
R25-004273,2025-12-15,FT-2025-02441,CL-091,diretto,A,1,200.00,0.00,200.00
R25-004274,2025-12-15,FT-2025-02441,CL-091,diretto,B,2,120.00,5.78,226.14
R25-004275,2025-12-15,FT-2025-02441,CL-091,diretto,A,2,200.00,0.00,400.00
R25-004276,2025-12-15,FT-2025-02445,CL-024,diretto,A,1,200.00,0.16,199.68
R25-004277,2025-12-15,FT-2025-02445,CL-024,diretto,B,2,120.00,1.70,235.92
R25-004278,2025-12-15,FT-2025-02453,CL-164,diretto,A,1,200.00,1.67,196.67
R25-004279,2025-12-15,FT-2025-02453,CL-164,diretto,A,1,200.00,1.56,196.89
R25-004280,2025-12-15,FT-2025-02453,CL-164,diretto,A,3,200.00,1.45,591.33
R25-004281,2025-12-16,FT-2025-02274,CL-244,distributori,A,7,200.00,18.62,1139.32
R25-004282,2025-12-16,FT-2025-02274,CL-244,distributori,B,12,120.00,10.23,1292.64
R25-004283,2025-12-16,FT-2025-02274,CL-244,distributori,C,4,305.00,3.25,1180.36
R25-004284,2025-12-16,FT-2025-02278,CL-232,distributori,B,6,120.00,5.12,683.16
R25-004285,2025-12-16,FT-2025-02301,CL-236,distributori,A,9,200.00,19.37,1451.43
R25-004286,2025-12-16,FT-2025-02301,CL-236,distributori,A,4,200.00,19.61,643.16
R25-004287,2025-12-16,FT-2025-02301,CL-236,distributori,B,8,120.00,2.99,931.28
R25-004288,2025-12-16,FT-2025-02321,CL-222,distributori,B,14,120.00,6.80,1565.76
R25-004289,2025-12-16,FT-2025-02321,CL-222,distributori,A,4,200.00,19.47,644.24
R25-004290,2025-12-16,FT-2025-02333,CL-022,diretto,B,2,120.00,0.32,239.24
R25-004291,2025-12-16,FT-2025-02333,CL-022,diretto,A,2,200.00,0.56,397.76
R25-004292,2025-12-16,FT-2025-02333,CL-022,diretto,B,2,120.00,0.00,240.00
R25-004293,2025-12-16,FT-2025-02365,CL-194,diretto,A,2,200.00,0.00,400.00
R25-004294,2025-12-16,FT-2025-02376,CL-162,diretto,A,2,200.00,0.22,399.12
R25-004295,2025-12-16,FT-2025-02411,CL-252,distributori,C,5,305.00,3.66,1469.20
R25-004296,2025-12-16,FT-2025-02413,CL-014,diretto,B,6,120.00,1.00,712.80
R25-004297,2025-12-16,FT-2025-02413,CL-014,diretto,B,7,120.00,0.67,834.40
R25-004298,2025-12-16,FT-2025-02415,CL-218,diretto,B,2,120.00,8.45,219.72
R25-004299,2025-12-16,FT-2025-02415,CL-218,diretto,A,2,200.00,0.00,400.00
R25-004300,2025-12-16,FT-2025-02415,CL-218,diretto,A,1,200.00,0.00,200.00
R25-004301,2025-12-16,FT-2025-02416,CL-099,diretto,A,2,200.00,1.17,395.32
R25-004302,2025-12-16,FT-2025-02416,CL-099,diretto,B,1,120.00,8.26,110.09
R25-004303,2025-12-16,FT-2025-02421,CL-027,diretto,A,12,200.00,5.30,2272.80
R25-004304,2025-12-16,FT-2025-02421,CL-027,diretto,B,8,120.00,10.54,858.80
R25-004305,2025-12-16,FT-2025-02421,CL-027,diretto,B,5,120.00,9.80,541.20
R25-004306,2025-12-16,FT-2025-02431,CL-241,distributori,A,4,200.00,19.89,640.88
R25-004307,2025-12-16,FT-2025-02431,CL-241,distributori,B,9,120.00,2.04,1057.95
R25-004308,2025-12-17,FT-2025-02296,CL-258,distributori,C,2,305.00,2.86,592.54
R25-004309,2025-12-17,FT-2025-02296,CL-258,distributori,A,6,200.00,29.07,851.16
R25-004310,2025-12-17,FT-2025-02327,CL-005,diretto,A,2,200.00,3.78,384.90
R25-004311,2025-12-17,FT-2025-02327,CL-005,diretto,A,1,200.00,4.78,190.44
R25-004312,2025-12-17,FT-2025-02328,CL-033,diretto,B,3,120.00,1.60,354.24
R25-004313,2025-12-17,FT-2025-02328,CL-033,diretto,A,2,200.00,0.17,399.32
R25-004314,2025-12-17,FT-2025-02328,CL-033,diretto,A,1,200.00,0.15,199.70
R25-004315,2025-12-17,FT-2025-02340,CL-255,distributori,B,12,120.00,1.98,1411.44
R25-004316,2025-12-17,FT-2025-02340,CL-255,distributori,A,6,200.00,19.13,970.44
R25-004317,2025-12-17,FT-2025-02340,CL-255,distributori,C,6,305.00,2.80,1778.82
R25-004318,2025-12-17,FT-2025-02380,CL-077,diretto,A,1,200.00,1.73,196.55
R25-004319,2025-12-17,FT-2025-02383,CL-224,distributori,B,3,120.00,3.09,348.87
R25-004320,2025-12-17,FT-2025-02383,CL-224,distributori,A,6,200.00,23.07,923.22
R25-004321,2025-12-17,FT-2025-02390,CL-018,diretto,A,2,200.00,4.95,380.22
R25-004322,2025-12-17,FT-2025-02429,CL-125,diretto,B,1,120.00,0.82,119.02
R25-004323,2025-12-17,FT-2025-02438,CL-027,diretto,B,4,120.00,9.18,435.96
R25-004324,2025-12-18,FT-2025-02287,CL-010,diretto,B,2,120.00,1.00,237.60
R25-004325,2025-12-18,FT-2025-02287,CL-010,diretto,A,2,200.00,1.57,393.72
R25-004326,2025-12-18,FT-2025-02287,CL-010,diretto,A,1,200.00,1.91,196.19
R25-004327,2025-12-18,FT-2025-02292,CL-249,distributori,B,9,120.00,2.28,1055.34
R25-004328,2025-12-18,FT-2025-02293,CL-252,distributori,C,10,305.00,3.14,2954.20
R25-004329,2025-12-18,FT-2025-02293,CL-252,distributori,A,7,200.00,18.45,1141.77
R25-004330,2025-12-18,FT-2025-02295,CL-235,distributori,A,4,200.00,19.80,641.64
R25-004331,2025-12-18,FT-2025-02295,CL-235,distributori,C,4,305.00,5.30,1155.36
R25-004332,2025-12-18,FT-2025-02297,CL-250,distributori,B,12,120.00,2.98,1397.16
R25-004333,2025-12-18,FT-2025-02297,CL-250,distributori,A,6,200.00,19.96,960.54
R25-004334,2025-12-18,FT-2025-02297,CL-250,distributori,C,4,305.00,3.82,1173.40
R25-004335,2025-12-18,FT-2025-02307,CL-007,diretto,A,3,200.00,6.94,558.36
R25-004336,2025-12-18,FT-2025-02318,CL-064,diretto,A,1,200.00,4.05,191.91
R25-004337,2025-12-18,FT-2025-02322,CL-057,diretto,B,1,120.00,8.57,109.72
R25-004338,2025-12-18,FT-2025-02322,CL-057,diretto,A,2,200.00,1.56,393.78
R25-004339,2025-12-18,FT-2025-02343,CL-245,distributori,B,14,120.00,9.53,1519.84
R25-004340,2025-12-18,FT-2025-02343,CL-245,distributori,C,4,305.00,2.71,1186.92
R25-004341,2025-12-18,FT-2025-02371,CL-023,diretto,A,2,200.00,0.00,400.00
R25-004342,2025-12-18,FT-2025-02379,CL-200,diretto,A,1,200.00,0.25,199.50
R25-004343,2025-12-18,FT-2025-02392,CL-020,diretto,A,3,200.00,2.36,585.87
R25-004344,2025-12-18,FT-2025-02420,CL-131,diretto,B,1,120.00,4.19,114.97
R25-004345,2025-12-18,FT-2025-02420,CL-131,diretto,A,1,200.00,0.00,200.00
R25-004346,2025-12-18,FT-2025-02420,CL-131,diretto,A,1,200.00,0.00,200.00
R25-004347,2025-12-18,FT-2025-02425,CL-060,diretto,A,1,200.00,0.00,200.00
R25-004348,2025-12-18,FT-2025-02426,CL-237,distributori,A,9,200.00,18.46,1467.81
R25-004349,2025-12-18,FT-2025-02426,CL-237,distributori,B,8,120.00,2.10,939.84
R25-004350,2025-12-18,FT-2025-02426,CL-237,distributori,C,7,305.00,4.44,2040.15
R25-004351,2025-12-18,FT-2025-02430,CL-014,diretto,B,2,120.00,0.70,238.32
R25-004352,2025-12-18,FT-2025-02440,CL-243,distributori,A,6,200.00,18.77,974.76
R25-004353,2025-12-18,FT-2025-02460,CL-111,diretto,A,3,200.00,0.00,600.00
R25-004354,2025-12-19,FT-2025-02290,CL-229,distributori,B,12,120.00,6.60,1344.96
R25-004355,2025-12-19,FT-2025-02290,CL-229,distributori,B,12,120.00,7.40,1333.44
R25-004356,2025-12-19,FT-2025-02290,CL-229,distributori,B,11,120.00,6.62,1232.66
R25-004357,2025-12-19,FT-2025-02351,CL-183,diretto,A,1,200.00,0.06,199.89
R25-004358,2025-12-19,FT-2025-02351,CL-183,diretto,A,2,200.00,0.07,399.74
R25-004359,2025-12-19,FT-2025-02351,CL-183,diretto,A,1,200.00,1.53,196.94
R25-004360,2025-12-19,FT-2025-02403,CL-032,diretto,A,3,200.00,3.74,577.56
R25-004361,2025-12-19,FT-2025-02403,CL-032,diretto,A,1,200.00,3.99,192.02
R25-004362,2025-12-19,FT-2025-02444,CL-156,diretto,B,1,120.00,0.00,120.00
R25-004363,2025-12-19,FT-2025-02463,CL-027,diretto,A,2,200.00,5.70,377.22
R25-004364,2025-12-19,FT-2025-02463,CL-027,diretto,A,3,200.00,6.71,559.77
R25-004365,2025-12-19,FT-2025-02463,CL-027,diretto,B,3,120.00,10.54,322.05
R25-004366,2025-12-22,FT-2025-02329,CL-239,distributori,A,5,200.00,18.71,812.90
R25-004367,2025-12-22,FT-2025-02329,CL-239,distributori,B,13,120.00,8.37,1429.48
R25-004368,2025-12-22,FT-2025-02329,CL-239,distributori,C,3,305.00,4.13,877.20
R25-004369,2025-12-22,FT-2025-02347,CL-238,distributori,B,12,120.00,9.71,1300.20
R25-004370,2025-12-22,FT-2025-02347,CL-238,distributori,B,8,120.00,9.75,866.40
R25-004371,2025-12-22,FT-2025-02370,CL-027,diretto,A,7,200.00,5.50,1323.00
R25-004372,2025-12-22,FT-2025-02384,CL-246,distributori,A,6,200.00,21.69,939.72
R25-004373,2025-12-22,FT-2025-02410,CL-014,diretto,B,5,120.00,1.53,590.85
R25-004374,2025-12-22,FT-2025-02439,CL-230,distributori,A,12,200.00,24.19,1819.56
R25-004375,2025-12-22,FT-2025-02439,CL-230,distributori,B,16,120.00,3.32,1856.32
R25-004376,2025-12-22,FT-2025-02454,CL-219,distributori,B,11,120.00,3.14,1278.53
R25-004377,2025-12-22,FT-2025-02454,CL-219,distributori,B,4,120.00,3.18,464.76
R25-004378,2025-12-23,FT-2025-02320,CL-228,distributori,C,8,305.00,4.76,2323.84
R25-004379,2025-12-23,FT-2025-02320,CL-228,distributori,B,8,120.00,3.34,927.92
R25-004380,2025-12-23,FT-2025-02320,CL-228,distributori,B,8,120.00,1.89,941.84
R25-004381,2025-12-23,FT-2025-02330,CL-253,distributori,B,17,120.00,2.51,1988.83
R25-004382,2025-12-23,FT-2025-02435,CL-224,distributori,C,6,305.00,10.55,1636.92
R25-004383,2025-12-23,FT-2025-02435,CL-224,distributori,B,17,120.00,1.57,2008.04
R25-004384,2025-12-23,FT-2025-02459,CL-204,diretto,A,1,200.00,3.18,193.64
R25-004385,2025-12-24,FT-2025-02289,CL-026,diretto,A,3,200.00,3.58,578.55
R25-004386,2025-12-24,FT-2025-02291,CL-008,diretto,C,1,305.00,5.03,289.67
R25-004387,2025-12-24,FT-2025-02341,CL-014,diretto,A,10,200.00,4.03,1919.50
R25-004388,2025-12-24,FT-2025-02345,CL-002,diretto,A,2,200.00,0.00,400.00
R25-004389,2025-12-24,FT-2025-02402,CL-242,distributori,B,9,120.00,10.43,967.32
R25-004390,2025-12-24,FT-2025-02402,CL-242,distributori,A,5,200.00,18.75,812.50
R25-004391,2025-12-24,FT-2025-02461,CL-252,distributori,B,8,120.00,2.24,938.48
R25-004392,2025-12-24,FT-2025-02461,CL-252,distributori,B,6,120.00,3.37,695.76
R25-004393,2025-12-29,FT-2025-02344,CL-006,diretto,A,2,200.00,3.52,385.92
R25-004394,2025-12-29,FT-2025-02344,CL-006,diretto,A,1,200.00,3.71,192.58
R25-004395,2025-12-29,FT-2025-02344,CL-006,diretto,A,2,200.00,4.16,383.38
R25-004396,2025-12-29,FT-2025-02362,CL-226,distributori,B,19,120.00,7.98,2097.98
R25-004397,2025-12-29,FT-2025-02398,CL-027,diretto,A,3,200.00,5.27,568.38
R25-004398,2025-12-29,FT-2025-02398,CL-027,diretto,C,3,305.00,7.22,848.94
R25-004399,2025-12-29,FT-2025-02422,CL-009,diretto,A,2,200.00,3.93,384.30
R25-004400,2025-12-29,FT-2025-02427,CL-132,diretto,A,1,200.00,0.03,199.94
R25-004401,2025-12-29,FT-2025-02427,CL-132,diretto,B,1,120.00,8.38,109.95
R25-004402,2025-12-29,FT-2025-02427,CL-132,diretto,A,3,200.00,0.78,595.35
R25-004403,2025-12-30,FT-2025-02272,CL-028,diretto,A,3,200.00,0.98,594.12
R25-004404,2025-12-30,FT-2025-02272,CL-028,diretto,A,1,200.00,0.56,198.89
R25-004405,2025-12-30,FT-2025-02273,CL-182,diretto,A,1,200.00,1.53,196.94
R25-004406,2025-12-30,FT-2025-02305,CL-014,diretto,B,3,120.00,2.72,350.22
R25-004407,2025-12-30,FT-2025-02305,CL-014,diretto,A,3,200.00,3.50,579.03
R25-004408,2025-12-30,FT-2025-02308,CL-027,diretto,A,6,200.00,5.81,1130.28
R25-004409,2025-12-30,FT-2025-02324,CL-040,diretto,A,2,200.00,0.00,400.00
R25-004410,2025-12-30,FT-2025-02324,CL-040,diretto,A,1,200.00,0.00,200.00
R25-004411,2025-12-30,FT-2025-02324,CL-040,diretto,B,1,120.00,5.07,113.92
R25-004412,2025-12-30,FT-2025-02334,CL-221,distributori,B,17,120.00,2.33,1992.57
R25-004413,2025-12-30,FT-2025-02436,CL-240,distributori,A,2,200.00,19.79,320.86
R25-004414,2025-12-30,FT-2025-02442,CL-256,distributori,B,7,120.00,3.16,813.47
R25-004415,2025-12-30,FT-2025-02447,CL-014,diretto,B,5,120.00,0.70,595.80
R25-004416,2025-12-30,FT-2025-02447,CL-014,diretto,C,6,305.00,3.15,1772.34
R25-004417,2025-12-30,FT-2025-02447,CL-014,diretto,B,11,120.00,2.61,1285.57
R25-004418,2025-12-30,FT-2025-02449,CL-251,distributori,A,6,200.00,19.32,968.22
R25-004419,2025-12-30,RS-2025-02393,CL-025,diretto,B,-2,120.00,2.80,-233.28
R25-004420,2025-12-31,FT-2025-02275,CL-030,diretto,A,1,200.00,3.86,192.28
R25-004421,2025-12-31,FT-2025-02275,CL-030,diretto,A,2,200.00,2.67,389.32
R25-004422,2025-12-31,FT-2025-02281,CL-029,diretto,B,1,120.00,0.92,118.90
R25-004423,2025-12-31,FT-2025-02323,CL-043,diretto,A,1,200.00,1.25,197.51
R25-004424,2025-12-31,FT-2025-02332,CL-254,distributori,A,6,200.00,18.50,978.00
R25-004425,2025-12-31,FT-2025-02346,CL-233,distributori,B,15,120.00,7.60,1663.20
R25-004426,2025-12-31,FT-2025-02350,CL-087,diretto,A,2,200.00,0.00,400.00
R25-004427,2025-12-31,FT-2025-02360,CL-186,diretto,A,1,200.00,0.65,198.70
R25-004428,2025-12-31,FT-2025-02360,CL-186,diretto,A,1,200.00,0.65,198.70
R25-004429,2025-12-31,FT-2025-02360,CL-186,diretto,B,1,120.00,0.00,120.00
R25-004430,2025-12-31,FT-2025-02404,CL-025,diretto,B,2,120.00,2.91,233.02
R25-004431,2025-12-31,FT-2025-02404,CL-025,diretto,B,1,120.00,2.55,116.94
R25-004432,2025-12-31,FT-2025-02404,CL-025,diretto,A,3,200.00,0.90,594.63
R25-004433,2025-12-31,FT-2025-02423,CL-167,diretto,B,1,120.00,0.00,120.00
