codice_cliente,canale,ricavi_netti,costi_variabili_prodotto,numero_ordini,numero_consegne,ore_assistenza
CL-001,diretto,4693,2808,30,21,47
CL-002,diretto,19109,11668,119,73,140
CL-003,diretto,13408,8190,80,54,103
CL-004,diretto,10854,6626,66,39,80
CL-005,diretto,13324,8149,74,45,128
CL-006,diretto,11303,6903,65,40,94
CL-007,diretto,21176,13443,102,74,123
CL-008,diretto,25145,16447,121,75,140
CL-009,diretto,17938,10957,104,67,119
CL-010,diretto,13581,8328,83,56,89
CL-011,diretto,9297,5718,45,39,75
CL-012,diretto,4547,2749,30,18,36
CL-013,diretto,8839,5382,46,34,56
CL-014,diretto,240000,156000,600,300,250
CL-015,diretto,5488,3322,37,23,42
CL-016,diretto,8396,5258,43,26,56
CL-017,diretto,8502,5148,55,27,72
CL-018,diretto,18366,11191,85,52,157
CL-019,diretto,9945,6090,51,40,72
CL-020,diretto,20333,12051,133,58,148
CL-021,diretto,10265,6201,51,42,70
CL-022,diretto,7190,4392,47,29,72
CL-023,diretto,14581,8901,69,53,116
CL-024,diretto,9589,5860,54,31,75
CL-025,diretto,5751,3515,37,24,65
CL-026,diretto,29515,18018,153,116,284
CL-027,diretto,240000,156000,150,60,40
CL-028,diretto,17405,10296,87,62,167
CL-029,diretto,7635,4632,53,25,56
CL-030,diretto,7065,4288,38,26,66
CL-031,diretto,14855,9009,91,47,135
CL-032,diretto,14588,8892,87,53,131
CL-033,diretto,8615,5246,57,34,87
CL-034,diretto,8702,5322,57,37,59
CL-035,diretto,1231,737,10,6,6
CL-036,diretto,1501,895,12,8,10
CL-037,diretto,839,503,8,5,4
CL-038,diretto,1175,702,11,8,8
CL-039,diretto,1832,1088,15,10,9
CL-040,diretto,3539,2100,29,17,18
CL-041,diretto,2231,1322,17,12,11
CL-042,diretto,1241,772,11,8,7
CL-043,diretto,5004,3030,39,28,30
CL-044,diretto,2203,1322,18,10,12
CL-045,diretto,1428,854,12,8,7
CL-046,diretto,2130,1281,20,12,13
CL-047,diretto,1283,778,11,7,6
CL-048,diretto,730,462,8,5,5
CL-049,diretto,1298,778,11,7,6
CL-050,diretto,1855,1123,18,10,8
CL-051,diretto,377,234,4,2,2
CL-052,diretto,1410,854,12,7,9
CL-053,diretto,774,468,8,4,4
CL-054,diretto,3274,1948,30,17,16
CL-055,diretto,3546,2141,28,16,19
CL-056,diretto,819,503,7,4,5
CL-057,diretto,1906,1164,18,11,11
CL-058,diretto,1005,620,8,5,5
CL-059,diretto,1015,620,10,6,6
CL-060,diretto,1754,1047,17,9,11
CL-061,diretto,2347,1404,23,12,12
CL-062,diretto,3373,2018,31,19,19
CL-063,diretto,1207,737,10,7,6
CL-064,diretto,1285,778,11,7,8
CL-065,diretto,1852,1123,16,10,8
CL-066,diretto,2273,1363,21,12,11
CL-067,diretto,1368,819,13,7,8
CL-068,diretto,1957,1164,19,11,13
CL-069,diretto,2729,1638,23,14,16
CL-070,diretto,3616,2176,27,19,20
CL-071,diretto,1490,895,11,7,9
CL-072,diretto,1890,1129,15,10,11
CL-073,diretto,1012,620,9,6,4
CL-074,diretto,2091,1246,19,11,13
CL-075,diretto,1285,778,12,7,6
CL-076,diretto,1507,895,14,8,7
CL-077,diretto,3877,2334,30,19,22
CL-078,diretto,1036,620,10,6,5
CL-079,diretto,1183,702,10,6,7
CL-080,diretto,1369,819,14,7,6
CL-081,diretto,2116,1281,20,12,10
CL-082,diretto,1467,889,12,7,9
CL-083,diretto,814,503,7,5,4
CL-084,diretto,2181,1287,20,11,10
CL-085,diretto,987,585,8,5,4
CL-086,diretto,1136,696,10,7,6
CL-087,diretto,2382,1404,23,12,13
CL-088,diretto,2851,1749,27,16,12
CL-089,diretto,1931,1164,15,11,11
CL-090,diretto,1118,661,10,6,5
CL-091,diretto,2056,1240,20,11,12
CL-092,diretto,1678,1006,14,10,11
CL-093,diretto,1362,819,12,7,7
CL-094,diretto,994,585,9,5,6
CL-095,diretto,813,503,7,5,4
CL-096,diretto,849,538,7,6,5
CL-097,diretto,720,427,7,4,4
CL-098,diretto,2142,1281,21,12,11
CL-099,diretto,2631,1626,25,15,12
CL-100,diretto,766,468,7,4,4
CL-101,diretto,1570,936,12,8,9
CL-102,diretto,1880,1123,18,11,10
CL-103,diretto,3072,1831,29,16,15
CL-104,diretto,2709,1597,20,14,17
CL-105,diretto,787,468,7,4,4
CL-106,diretto,1477,889,15,9,9
CL-107,diretto,1513,930,15,9,9
CL-108,diretto,3272,1983,24,17,18
CL-109,diretto,3666,2182,30,19,18
CL-110,diretto,1797,1053,17,9,8
CL-111,diretto,1624,971,13,9,9
CL-112,diretto,2299,1363,20,12,15
CL-113,diretto,1791,1053,14,9,8
CL-114,diretto,3320,1983,29,17,17
CL-115,diretto,1149,696,10,6,5
CL-116,diretto,3120,1872,26,16,16
CL-117,diretto,2072,1240,20,11,13
CL-118,diretto,1151,696,10,7,6
CL-119,diretto,2987,1755,24,15,13
CL-120,diretto,2190,1287,21,11,14
CL-121,diretto,1429,854,12,8,8
CL-122,diretto,1249,772,12,7,7
CL-123,diretto,2089,1246,16,11,10
CL-124,diretto,1131,696,11,6,7
CL-125,diretto,3109,1860,27,17,20
CL-126,diretto,1564,936,15,8,8
CL-127,diretto,1232,737,10,7,6
CL-128,diretto,1504,895,14,7,8
CL-129,diretto,1522,930,12,9,7
CL-130,diretto,1012,620,10,6,6
CL-131,diretto,1948,1164,17,10,9
CL-132,diretto,2209,1322,20,11,11
CL-133,diretto,1797,1082,18,10,9
CL-134,diretto,1679,1006,15,9,8
CL-135,diretto,1350,813,13,7,9
CL-136,diretto,1874,1123,15,11,12
CL-137,diretto,1073,655,11,7,6
CL-138,diretto,1356,813,11,7,6
CL-139,diretto,1025,620,10,6,6
CL-140,diretto,1790,1053,17,8,8
CL-141,diretto,1981,1170,15,10,10
CL-142,diretto,1569,936,13,8,7
CL-143,diretto,1723,1047,16,10,8
CL-144,diretto,2501,1480,23,13,15
CL-145,diretto,1263,772,10,8,6
CL-146,diretto,1866,1123,15,11,10
CL-147,diretto,2650,1591,24,15,15
CL-148,diretto,1251,772,12,7,5
CL-149,diretto,693,427,7,4,4
CL-150,diretto,1399,819,12,7,6
CL-151,diretto,722,462,7,4,4
CL-152,diretto,1436,854,12,7,6
CL-153,diretto,1604,971,16,9,9
CL-154,diretto,1361,819,11,7,8
CL-155,diretto,1151,696,10,6,7
CL-156,diretto,1260,772,12,7,6
CL-157,diretto,2042,1240,20,10,11
CL-158,diretto,3100,1831,29,16,15
CL-159,diretto,2388,1404,22,12,12
CL-160,diretto,2906,1743,24,16,18
CL-161,diretto,1767,1053,17,9,9
CL-162,diretto,2292,1363,22,12,11
CL-163,diretto,890,544,7,5,5
CL-164,diretto,2278,1363,21,12,14
CL-165,diretto,2283,1363,21,11,14
CL-166,diretto,1001,620,10,6,4
CL-167,diretto,549,345,5,4,3
CL-168,diretto,2039,1205,19,10,9
CL-169,diretto,1878,1123,17,10,12
CL-170,diretto,2419,1439,21,11,12
CL-171,diretto,917,544,9,5,5
CL-172,diretto,1720,1047,17,9,11
CL-173,diretto,897,544,9,5,4
CL-174,diretto,3232,1907,29,17,19
CL-175,diretto,2691,1597,20,14,12
CL-176,diretto,2471,1474,23,12,15
CL-177,diretto,2598,1556,20,13,16
CL-178,diretto,1112,661,11,6,6
CL-179,diretto,953,579,9,6,4
CL-180,diretto,2063,1240,17,11,11
CL-181,diretto,1971,1170,15,10,10
CL-182,diretto,829,503,8,5,5
CL-183,diretto,3209,1907,29,16,15
CL-184,diretto,2101,1246,20,11,11
CL-185,diretto,1198,702,12,6,6
CL-186,diretto,1029,620,10,6,5
CL-187,diretto,1879,1123,17,10,9
CL-188,diretto,1200,702,12,6,6
CL-189,diretto,649,421,6,4,3
CL-190,diretto,1894,1164,18,10,11
CL-191,diretto,2862,1708,26,15,14
CL-192,diretto,1513,895,14,8,7
CL-193,diretto,1991,1170,18,9,10
CL-194,diretto,5965,3510,44,29,26
CL-195,diretto,1361,819,13,7,7
CL-196,diretto,604,386,7,4,4
CL-197,diretto,813,503,7,5,5
CL-198,diretto,2807,1673,27,14,12
CL-199,diretto,2082,1246,18,10,9
CL-200,diretto,2192,1287,20,11,14
CL-201,diretto,609,386,6,4,4
CL-202,diretto,2658,1591,22,14,15
CL-203,diretto,1553,930,15,9,8
CL-204,diretto,1328,813,12,7,6
CL-205,diretto,3446,2065,30,17,17
CL-206,diretto,2817,1708,22,15,15
CL-207,diretto,2281,1363,17,11,10
CL-208,diretto,1105,661,9,6,7
CL-209,diretto,5083,3036,49,25,25
CL-210,diretto,1923,1164,16,11,12
CL-211,diretto,1112,661,11,6,6
CL-212,diretto,3960,2375,32,20,21
CL-213,diretto,4002,2410,36,21,20
CL-214,diretto,1425,895,11,8,9
CL-215,diretto,799,468,8,4,4
CL-216,diretto,1908,1129,17,9,11
CL-217,diretto,1450,889,14,8,7
CL-218,diretto,2947,1784,27,15,13
CL-219,distributori,70434,50797,158,81,70
CL-220,distributori,29217,21074,83,28,38
CL-221,distributori,40398,29150,117,50,53
CL-222,distributori,24221,17463,80,28,25
CL-223,distributori,37696,27194,101,38,37
CL-224,distributori,121449,87634,302,135,125
CL-225,distributori,37105,26772,116,44,41
CL-226,distributori,72463,52288,184,83,66
CL-227,distributori,17483,12609,46,19,15
CL-228,distributori,70419,50797,231,79,68
CL-229,distributori,76657,55345,199,90,101
CL-230,distributori,82095,59215,250,72,101
CL-231,distributori,23969,17226,66,23,29
CL-232,distributori,46135,33292,144,55,41
CL-233,distributori,37833,27302,126,44,32
CL-234,distributori,40875,29498,96,40,31
CL-235,distributori,70186,50686,184,80,80
CL-236,distributori,57519,41627,166,68,68
CL-237,distributori,57171,41278,141,74,71
CL-238,distributori,70126,50565,228,70,53
CL-239,distributori,53698,38690,162,60,57
CL-240,distributori,31426,22700,88,32,28
CL-241,distributori,31022,22370,104,38,26
CL-242,distributori,81666,58920,223,99,71
CL-243,distributori,76211,55001,245,72,78
CL-244,distributori,58022,41859,154,68,59
CL-245,distributori,64908,46838,170,59,71
CL-246,distributori,77946,56263,226,80,80
CL-247,distributori,25696,18551,80,29,20
CL-248,distributori,15362,11063,42,19,19
CL-249,distributori,61767,44571,154,76,69
CL-250,distributori,43692,31560,130,54,56
CL-251,distributori,47138,34025,147,58,43
CL-252,distributori,166054,119841,448,156,163
CL-253,distributori,63832,46057,142,78,61
CL-254,distributori,34127,24580,84,38,39
CL-255,distributori,42756,30860,105,54,55
CL-256,distributori,21213,15321,58,25,18
CL-257,distributori,26494,19098,73,32,24
CL-258,distributori,59519,43020,147,72,68
