rilevazione_id,mese,reparto,ore_interne,ore_esterne,ore_totali_rilevate,capacita_ordinaria
OR01,2025-01,Lavorazione,1750,195,1945,1750
OR02,2025-02,Lavorazione,1750,215,1965,1750
OR03,2025-03,Lavorazione,1750,320,2070,1750
OR04,2025-04,Lavorazione,1750,280,2030,1750
OR05,2025-05,Lavorazione,1750,345,2095,1750
OR06,2025-06,Lavorazione,1750,305,2055,1750
OR07,2025-07,Lavorazione,1750,385,2135,1750
OR08,2025-08,Lavorazione,1750,50,1800,1750
OR09,2025-09,Lavorazione,1750,320,2070,1750
OR10,2025-10,Lavorazione,1750,330,2080,1750
OR11,2025-11,Lavorazione,1750,205,1955,1750
OR12,2025-12,Lavorazione,1750,50,1800,1750
