conto,classe di destinazione
1101,"patrimoniale, escluso dal prospetto"
1201,"patrimoniale, escluso dal prospetto"
1301,"patrimoniale, escluso dal prospetto"
1401,"patrimoniale, escluso dal prospetto"
2101,"patrimoniale, escluso dal prospetto"
2201,"patrimoniale, escluso dal prospetto"
4101,ricavi lordi
4102,ricavi lordi
4103,ricavi lordi
4201,riduzioni di prezzo
4202,riduzioni di prezzo
4211,riduzioni di prezzo
4221,riduzioni di prezzo
6101,costi variabili di prodotto
6102,costi variabili di prodotto
6103,capacità acquistata all’esterno
6201,costi variabili di prodotto
6202,capacità acquistata all’esterno
6401,costi della struttura
6402,costi della struttura
6411,costi della struttura
6412,costi della struttura
6421,costi della struttura
6422,costi della struttura
6431,costi della struttura
6432,costi della struttura
6441,costi della struttura
