mese,costo di manutenzione in euro,ore macchina rilevate dal reparto
2024-01,2561.00,1520
2024-02,2604.00,1580
2024-03,2614.00,1650
2024-04,2566.00,1610
2024-05,2601.00,1640
2024-06,2536.00,1560
2024-07,2544.00,1480
2024-08,4200.00,900
2024-09,2594.00,1630
2024-10,2617.00,1690
2024-11,2647.00,1650
2024-12,2516.00,1400
2025-01,2787.00,1945
2025-02,2751.00,1965
2025-03,2844.00,2070
2025-04,2856.00,2030
2025-05,2797.00,2095
2025-06,2817.00,2055
2025-07,5448.00,2135
2025-08,2651.00,1800
2025-09,2761.00,2070
2025-10,2838.00,2080
2025-11,2729.00,1955
2025-12,2721.00,1800
