mese,linea,misura,valore
1,A,quantita,691.111111
1,A,ricavi_netti,124400.00
1,A,costi_variabili,80860.00
1,A,ore_macchina,1036.6667
1,B,quantita,820
1,B,ricavi_netti,96760.00
1,B,costi_variabili,62320.00
1,B,ore_macchina,410.0000
1,C,quantita,200
1,C,ricavi_netti,57800.00
1,C,costi_variabili,47600.00
1,C,ore_macchina,600.0000
1,TUTTE,struttura_base,59100.00
1,TUTTE,capacita_esterna,8306.67
1,TUTTE,ore_esterne,296.6667
2,A,quantita,700
2,A,ricavi_netti,126000.00
2,A,costi_variabili,81900.00
2,A,ore_macchina,1050.0000
2,B,quantita,844.500000
2,B,ricavi_netti,99651.00
2,B,costi_variabili,64182.00
2,B,ore_macchina,422.2500
2,C,quantita,201
2,C,ricavi_netti,58089.00
2,C,costi_variabili,47838.00
2,C,ore_macchina,603.0000
2,TUTTE,struttura_base,59786.33
2,TUTTE,capacita_esterna,9107.00
2,TUTTE,ore_esterne,325.2500
3,A,quantita,600
3,A,ricavi_netti,108000.00
3,A,costi_variabili,70200.00
3,A,ore_macchina,900.0000
3,B,quantita,1000
3,B,ricavi_netti,118000.00
3,B,costi_variabili,76000.00
3,B,ore_macchina,500.0000
3,C,quantita,200
3,C,ricavi_netti,57800.00
3,C,costi_variabili,47600.00
3,C,ore_macchina,600.0000
3,TUTTE,struttura_base,62200.00
3,TUTTE,capacita_esterna,7000.00
3,TUTTE,ore_esterne,250.0000
4,A,quantita,640
4,A,ricavi_netti,115200.00
4,A,costi_variabili,74880.00
4,A,ore_macchina,960.0000
4,B,quantita,950
4,B,ricavi_netti,112100.00
4,B,costi_variabili,72200.00
4,B,ore_macchina,475.0000
4,C,quantita,170
4,C,ricavi_netti,49130.00
4,C,costi_variabili,40460.00
4,C,ore_macchina,510.0000
4,TUTTE,struttura_base,61500.00
4,TUTTE,capacita_esterna,5460.00
4,TUTTE,ore_esterne,195.0000
5,A,quantita,660
5,A,ricavi_netti,118800.00
5,A,costi_variabili,77220.00
5,A,ore_macchina,990.0000
5,B,quantita,980
5,B,ricavi_netti,115640.00
5,B,costi_variabili,74480.00
5,B,ore_macchina,490.0000
5,C,quantita,170
5,C,ricavi_netti,49130.00
5,C,costi_variabili,40460.00
5,C,ore_macchina,510.0000
5,TUTTE,struttura_base,61800.00
5,TUTTE,capacita_esterna,6720.00
5,TUTTE,ore_esterne,240.0000
6,A,quantita,690
6,A,ricavi_netti,124200.00
6,A,costi_variabili,80730.00
6,A,ore_macchina,1035.0000
6,B,quantita,1000
6,B,ricavi_netti,118000.00
6,B,costi_variabili,76000.00
6,B,ore_macchina,500.0000
6,C,quantita,165
6,C,ricavi_netti,47685.00
6,C,costi_variabili,39270.00
6,C,ore_macchina,495.0000
6,TUTTE,struttura_base,62000.00
6,TUTTE,capacita_esterna,7840.00
6,TUTTE,ore_esterne,280.0000
7,A,quantita,700
7,A,ricavi_netti,126000.00
7,A,costi_variabili,81900.00
7,A,ore_macchina,1050.0000
7,B,quantita,1020
7,B,ricavi_netti,120360.00
7,B,costi_variabili,77520.00
7,B,ore_macchina,510.0000
7,C,quantita,160
7,C,ricavi_netti,46240.00
7,C,costi_variabili,38080.00
7,C,ore_macchina,480.0000
7,TUTTE,struttura_base,62300.00
7,TUTTE,capacita_esterna,8120.00
7,TUTTE,ore_esterne,290.0000
8,A,quantita,620
8,A,ricavi_netti,111600.00
8,A,costi_variabili,72540.00
8,A,ore_macchina,930.0000
8,B,quantita,900
8,B,ricavi_netti,106200.00
8,B,costi_variabili,68400.00
8,B,ore_macchina,450.0000
8,C,quantita,160
8,C,ricavi_netti,46240.00
8,C,costi_variabili,38080.00
8,C,ore_macchina,480.0000
8,TUTTE,struttura_base,58900.00
8,TUTTE,capacita_esterna,3080.00
8,TUTTE,ore_esterne,110.0000
9,A,quantita,690
9,A,ricavi_netti,124200.00
9,A,costi_variabili,80730.00
9,A,ore_macchina,1035.0000
9,B,quantita,1000
9,B,ricavi_netti,118000.00
9,B,costi_variabili,76000.00
9,B,ore_macchina,500.0000
9,C,quantita,170
9,C,ricavi_netti,49130.00
9,C,costi_variabili,40460.00
9,C,ore_macchina,510.0000
9,TUTTE,struttura_base,61900.00
9,TUTTE,capacita_esterna,8260.00
9,TUTTE,ore_esterne,295.0000
10,A,quantita,700
10,A,ricavi_netti,126000.00
10,A,costi_variabili,81900.00
10,A,ore_macchina,1050.0000
10,B,quantita,1010
10,B,ricavi_netti,119180.00
10,B,costi_variabili,76760.00
10,B,ore_macchina,505.0000
10,C,quantita,175
10,C,ricavi_netti,50575.00
10,C,costi_variabili,41650.00
10,C,ore_macchina,525.0000
10,TUTTE,struttura_base,62100.00
10,TUTTE,capacita_esterna,9240.00
10,TUTTE,ore_esterne,330.0000
11,A,quantita,680
11,A,ricavi_netti,122400.00
11,A,costi_variabili,79560.00
11,A,ore_macchina,1020.0000
11,B,quantita,1000
11,B,ricavi_netti,118000.00
11,B,costi_variabili,76000.00
11,B,ore_macchina,500.0000
11,C,quantita,170
11,C,ricavi_netti,49130.00
11,C,costi_variabili,40460.00
11,C,ore_macchina,510.0000
11,TUTTE,struttura_base,62200.00
11,TUTTE,capacita_esterna,7840.00
11,TUTTE,ore_esterne,280.0000
12,A,quantita,628.888889
12,A,ricavi_netti,113200.00
12,A,costi_variabili,73580.00
12,A,ore_macchina,943.3333
12,B,quantita,875.500000
12,B,ricavi_netti,103309.00
12,B,costi_variabili,66538.00
12,B,ore_macchina,437.7500
12,C,quantita,159
12,C,ricavi_netti,45951.00
12,C,costi_variabili,37842.00
12,C,ore_macchina,477.0000
12,TUTTE,struttura_base,62213.67
12,TUTTE,capacita_esterna,3026.33
12,TUTTE,ore_esterne,108.0833
