mese,voce,importo
1,ricavi_netti,278800.00
1,costi_variabili,191760.00
1,margine_contribuzione,87040.00
1,struttura_base,59300.00
1,capacita_esterna,8260.00
1,risultato_operativo,19480.00
2,ricavi_netti,280970.00
2,costi_variabili,193380.00
2,margine_contribuzione,87590.00
2,struttura_base,59818.00
2,capacita_esterna,8722.00
2,risultato_operativo,19050.00
3,ricavi_netti,283800.00
3,costi_variabili,193800.00
3,margine_contribuzione,90000.00
3,struttura_base,62200.00
3,capacita_esterna,7000.00
3,risultato_operativo,20800.00
4,ricavi_netti,276430.00
4,costi_variabili,187540.00
4,margine_contribuzione,88890.00
4,struttura_base,61500.00
4,capacita_esterna,5460.00
4,risultato_operativo,21930.00
5,ricavi_netti,283570.00
5,costi_variabili,192160.00
5,margine_contribuzione,91410.00
5,struttura_base,61800.00
5,capacita_esterna,6720.00
5,risultato_operativo,22890.00
6,ricavi_netti,289885.00
6,costi_variabili,196000.00
6,margine_contribuzione,93885.00
6,struttura_base,62000.00
6,capacita_esterna,7840.00
6,risultato_operativo,24045.00
7,ricavi_netti,292600.00
7,costi_variabili,197500.00
7,margine_contribuzione,95100.00
7,struttura_base,62300.00
7,capacita_esterna,8120.00
7,risultato_operativo,24680.00
8,ricavi_netti,264040.00
8,costi_variabili,179020.00
8,margine_contribuzione,85020.00
8,struttura_base,58900.00
8,capacita_esterna,3080.00
8,risultato_operativo,23040.00
9,ricavi_netti,291330.00
9,costi_variabili,197190.00
9,margine_contribuzione,94140.00
9,struttura_base,61900.00
9,capacita_esterna,8260.00
9,risultato_operativo,23980.00
10,ricavi_netti,295755.00
10,costi_variabili,200310.00
10,margine_contribuzione,95445.00
10,struttura_base,62100.00
10,capacita_esterna,9240.00
10,risultato_operativo,24105.00
11,ricavi_netti,289530.00
11,costi_variabili,196020.00
11,margine_contribuzione,93510.00
11,struttura_base,62200.00
11,capacita_esterna,7840.00
11,risultato_operativo,23470.00
12,ricavi_netti,262460.00
12,costi_variabili,177960.00
12,margine_contribuzione,84500.00
12,struttura_base,62213.67
12,capacita_esterna,3026.33
12,risultato_operativo,19260.00
