rilevazione_id,data,reparto,ore_totali_rilevate
RIL-2026-03-001,2026-03-02,Reparto di lavorazione,47.0
RIL-2026-03-002,2026-03-02,Reparto di lavorazione,51.0
RIL-2026-03-003,2026-03-03,Reparto di lavorazione,46.0
RIL-2026-03-004,2026-03-03,Reparto di lavorazione,45.0
RIL-2026-03-005,2026-03-04,Reparto di lavorazione,44.0
RIL-2026-03-006,2026-03-04,Reparto di lavorazione,43.5
RIL-2026-03-007,2026-03-05,Reparto di lavorazione,41.0
RIL-2026-03-008,2026-03-05,Reparto di lavorazione,39.5
RIL-2026-03-009,2026-03-06,Reparto di lavorazione,44.0
RIL-2026-03-010,2026-03-06,Reparto di lavorazione,46.0
RIL-2026-03-011,2026-03-09,Reparto di lavorazione,41.0
RIL-2026-03-012,2026-03-09,Reparto di lavorazione,43.5
RIL-2026-03-013,2026-03-10,Reparto di lavorazione,49.0
RIL-2026-03-014,2026-03-10,Reparto di lavorazione,44.5
RIL-2026-03-015,2026-03-11,Reparto di lavorazione,48.0
RIL-2026-03-016,2026-03-11,Reparto di lavorazione,45.5
RIL-2026-03-017,2026-03-12,Reparto di lavorazione,42.5
RIL-2026-03-018,2026-03-12,Reparto di lavorazione,49.0
RIL-2026-03-019,2026-03-13,Reparto di lavorazione,43.5
RIL-2026-03-020,2026-03-13,Reparto di lavorazione,44.0
RIL-2026-03-021,2026-03-16,Reparto di lavorazione,45.0
RIL-2026-03-022,2026-03-16,Reparto di lavorazione,42.0
RIL-2026-03-023,2026-03-17,Reparto di lavorazione,41.0
RIL-2026-03-024,2026-03-17,Reparto di lavorazione,46.0
RIL-2026-03-025,2026-03-18,Reparto di lavorazione,43.5
RIL-2026-03-026,2026-03-18,Reparto di lavorazione,44.5
RIL-2026-03-027,2026-03-19,Reparto di lavorazione,40.0
RIL-2026-03-028,2026-03-19,Reparto di lavorazione,49.0
RIL-2026-03-029,2026-03-20,Reparto di lavorazione,45.0
RIL-2026-03-030,2026-03-20,Reparto di lavorazione,45.0
RIL-2026-03-031,2026-03-23,Reparto di lavorazione,42.0
RIL-2026-03-032,2026-03-23,Reparto di lavorazione,44.0
RIL-2026-03-033,2026-03-24,Reparto di lavorazione,38.5
RIL-2026-03-034,2026-03-24,Reparto di lavorazione,44.0
RIL-2026-03-035,2026-03-25,Reparto di lavorazione,40.0
RIL-2026-03-036,2026-03-25,Reparto di lavorazione,51.5
RIL-2026-03-037,2026-03-26,Reparto di lavorazione,43.5
RIL-2026-03-038,2026-03-26,Reparto di lavorazione,44.0
RIL-2026-03-039,2026-03-27,Reparto di lavorazione,44.0
RIL-2026-03-040,2026-03-27,Reparto di lavorazione,42.5
RIL-2026-03-041,2026-03-30,Reparto di lavorazione,44.5
RIL-2026-03-042,2026-03-30,Reparto di lavorazione,43.0
RIL-2026-03-043,2026-03-31,Reparto di lavorazione,46.0
RIL-2026-03-044,2026-03-31,Reparto di lavorazione,41.0
