movimento_id,data,centro,conto,importo
MOV-2026-03-0001,2026-03-02,CC30,6421,36.22
MOV-2026-03-0002,2026-03-02,CC30,6421,64.56
MOV-2026-03-0003,2026-03-02,CC30,6421,81.48
MOV-2026-03-0004,2026-03-02,CC30,6421,64.05
MOV-2026-03-0005,2026-03-02,CC30,6421,35.48
MOV-2026-03-0006,2026-03-02,CC30,6421,69.63
MOV-2026-03-0007,2026-03-02,CC30,6421,62.40
MOV-2026-03-0008,2026-03-02,CC30,6421,48.30
MOV-2026-03-0009,2026-03-02,CC30,6421,47.04
MOV-2026-03-0010,2026-03-02,CC40,6432,23.69
MOV-2026-03-0011,2026-03-02,CC40,6432,23.40
MOV-2026-03-0012,2026-03-02,CC40,6432,23.77
MOV-2026-03-0013,2026-03-02,CC40,6432,10.39
MOV-2026-03-0014,2026-03-02,CC40,6432,20.36
MOV-2026-03-0015,2026-03-02,CC30,6421,38.73
MOV-2026-03-0016,2026-03-02,CC40,6432,21.62
MOV-2026-03-0017,2026-03-02,CC30,6421,49.78
MOV-2026-03-0018,2026-03-02,CC40,6432,18.26
MOV-2026-03-0019,2026-03-03,CC40,6432,10.63
MOV-2026-03-0020,2026-03-03,CC30,6421,66.96
MOV-2026-03-0021,2026-03-03,CC30,6421,35.69
MOV-2026-03-0022,2026-03-03,CC30,6421,61.37
MOV-2026-03-0023,2026-03-03,CC30,6421,46.98
MOV-2026-03-0024,2026-03-03,CC30,6421,51.89
MOV-2026-03-0025,2026-03-03,CC30,6421,71.46
MOV-2026-03-0026,2026-03-03,CC40,6432,10.85
MOV-2026-03-0027,2026-03-03,CC30,6421,45.86
MOV-2026-03-0028,2026-03-03,CC30,6421,43.15
MOV-2026-03-0029,2026-03-03,CC30,6421,73.13
MOV-2026-03-0030,2026-03-03,CC40,6432,20.56
MOV-2026-03-0031,2026-03-03,CC30,6421,49.13
MOV-2026-03-0032,2026-03-03,CC40,6432,17.51
MOV-2026-03-0033,2026-03-03,CC30,6421,67.69
MOV-2026-03-0034,2026-03-03,CC30,6421,50.56
MOV-2026-03-0035,2026-03-03,CC30,6421,46.82
MOV-2026-03-0036,2026-03-03,CC30,6421,57.41
MOV-2026-03-0037,2026-03-04,CC10,6402,1834.49
MOV-2026-03-0038,2026-03-04,CC40,6432,14.47
MOV-2026-03-0039,2026-03-04,CC30,6421,58.18
MOV-2026-03-0040,2026-03-04,CC30,6421,39.50
MOV-2026-03-0041,2026-03-04,CC30,6421,70.55
MOV-2026-03-0042,2026-03-04,CC30,6421,76.49
MOV-2026-03-0043,2026-03-04,CC40,6432,13.77
MOV-2026-03-0044,2026-03-04,CC40,6432,18.32
MOV-2026-03-0045,2026-03-04,CC40,6432,14.32
MOV-2026-03-0046,2026-03-04,CC20,6412,1749.28
MOV-2026-03-0047,2026-03-04,CC40,6432,17.94
MOV-2026-03-0048,2026-03-04,CC30,6421,52.86
MOV-2026-03-0049,2026-03-04,CC30,6421,61.50
MOV-2026-03-0050,2026-03-04,CC40,6432,15.09
MOV-2026-03-0051,2026-03-04,CC30,6421,58.69
MOV-2026-03-0052,2026-03-04,CC40,6432,13.97
MOV-2026-03-0053,2026-03-04,CC40,6432,20.37
MOV-2026-03-0054,2026-03-05,CC40,6432,13.79
MOV-2026-03-0055,2026-03-05,CC40,6432,17.47
MOV-2026-03-0056,2026-03-05,CC30,6421,69.56
MOV-2026-03-0057,2026-03-05,CC40,6432,16.73
MOV-2026-03-0058,2026-03-05,CC40,6432,18.56
MOV-2026-03-0059,2026-03-05,CC30,6421,40.94
MOV-2026-03-0060,2026-03-05,CC40,6432,17.32
MOV-2026-03-0061,2026-03-05,CC30,6421,72.34
MOV-2026-03-0062,2026-03-05,CC40,6432,15.77
MOV-2026-03-0063,2026-03-05,CC30,6421,76.55
MOV-2026-03-0064,2026-03-05,CC30,6421,45.24
MOV-2026-03-0065,2026-03-05,CC40,6432,15.03
MOV-2026-03-0066,2026-03-05,CC40,6432,16.48
MOV-2026-03-0067,2026-03-05,CC30,6421,57.81
MOV-2026-03-0068,2026-03-05,CC30,6421,62.60
MOV-2026-03-0069,2026-03-05,CC40,6432,18.87
MOV-2026-03-0070,2026-03-05,CC30,6421,47.30
MOV-2026-03-0071,2026-03-05,CC30,6421,37.48
MOV-2026-03-0072,2026-03-06,CC30,6421,70.82
MOV-2026-03-0073,2026-03-06,CC30,6421,49.19
MOV-2026-03-0074,2026-03-06,CC40,6432,15.85
MOV-2026-03-0075,2026-03-06,CC40,6432,20.08
MOV-2026-03-0076,2026-03-06,CC40,6432,12.32
MOV-2026-03-0077,2026-03-06,CC30,6421,71.56
MOV-2026-03-0078,2026-03-06,CC40,6432,13.55
MOV-2026-03-0079,2026-03-06,CC30,6421,63.32
MOV-2026-03-0080,2026-03-06,CC30,6421,76.17
MOV-2026-03-0081,2026-03-06,CC40,6432,15.27
MOV-2026-03-0082,2026-03-06,CC40,6432,11.64
MOV-2026-03-0083,2026-03-06,CC40,6432,20.44
MOV-2026-03-0084,2026-03-06,CC40,6432,15.53
MOV-2026-03-0085,2026-03-06,CC30,6421,64.84
MOV-2026-03-0086,2026-03-06,CC30,6421,66.46
MOV-2026-03-0087,2026-03-06,CC30,6421,73.58
MOV-2026-03-0088,2026-03-06,CC30,6421,47.35
MOV-2026-03-0089,2026-03-09,CC40,6432,20.01
MOV-2026-03-0090,2026-03-09,CC30,6421,49.93
MOV-2026-03-0091,2026-03-09,CC20,6411,3475.09
MOV-2026-03-0092,2026-03-09,CC30,6421,53.10
MOV-2026-03-0093,2026-03-09,CC30,6421,39.69
MOV-2026-03-0094,2026-03-09,CC30,6421,42.66
MOV-2026-03-0095,2026-03-09,CC30,6421,63.07
MOV-2026-03-0096,2026-03-09,CC40,6432,10.41
MOV-2026-03-0097,2026-03-09,CC10,6403,1316.00
MOV-2026-03-0098,2026-03-09,CC40,6432,13.73
MOV-2026-03-0099,2026-03-09,CC30,6421,79.85
MOV-2026-03-0100,2026-03-09,CC30,6421,43.97
MOV-2026-03-0101,2026-03-09,CC40,6432,13.31
MOV-2026-03-0102,2026-03-09,CC30,6421,73.17
MOV-2026-03-0103,2026-03-09,CC30,6421,68.27
MOV-2026-03-0104,2026-03-09,CC30,6421,48.59
MOV-2026-03-0105,2026-03-09,CC30,6421,52.82
MOV-2026-03-0106,2026-03-09,CC30,6421,50.31
MOV-2026-03-0107,2026-03-10,CC30,6421,45.85
MOV-2026-03-0108,2026-03-10,CC30,6421,66.44
MOV-2026-03-0109,2026-03-10,CC30,6421,52.93
MOV-2026-03-0110,2026-03-10,CC30,6421,55.20
MOV-2026-03-0111,2026-03-10,CC40,6432,10.44
MOV-2026-03-0112,2026-03-10,CC40,6432,22.89
MOV-2026-03-0113,2026-03-10,CC30,6421,56.09
MOV-2026-03-0114,2026-03-10,CC40,6432,23.58
MOV-2026-03-0115,2026-03-10,CC40,6432,12.94
MOV-2026-03-0116,2026-03-10,CC30,6421,40.62
MOV-2026-03-0117,2026-03-10,CC30,6421,67.36
MOV-2026-03-0118,2026-03-10,CC40,6432,15.83
MOV-2026-03-0119,2026-03-10,CC30,6421,39.25
MOV-2026-03-0120,2026-03-10,CC40,6432,20.17
MOV-2026-03-0121,2026-03-10,CC30,6421,74.70
MOV-2026-03-0122,2026-03-10,CC40,6432,19.62
MOV-2026-03-0123,2026-03-10,CC40,6431,2502.82
MOV-2026-03-0124,2026-03-11,CC30,6421,51.69
MOV-2026-03-0125,2026-03-11,CC30,6421,65.09
MOV-2026-03-0126,2026-03-11,CC30,6421,64.90
MOV-2026-03-0127,2026-03-11,CC30,6421,65.06
MOV-2026-03-0128,2026-03-11,CC30,6421,78.90
MOV-2026-03-0129,2026-03-11,CC30,6421,78.03
MOV-2026-03-0130,2026-03-11,CC30,6421,77.29
MOV-2026-03-0131,2026-03-11,CC30,6421,63.44
MOV-2026-03-0132,2026-03-11,CC30,6421,40.33
MOV-2026-03-0133,2026-03-11,CC30,6421,62.94
MOV-2026-03-0134,2026-03-11,CC40,6432,17.51
MOV-2026-03-0135,2026-03-11,CC30,6421,59.23
MOV-2026-03-0136,2026-03-11,CC30,6421,53.45
MOV-2026-03-0137,2026-03-11,CC40,6432,21.96
MOV-2026-03-0138,2026-03-11,CC30,6421,72.75
MOV-2026-03-0139,2026-03-11,CC30,6421,52.99
MOV-2026-03-0140,2026-03-11,CC40,6432,19.44
MOV-2026-03-0141,2026-03-11,CC30,6421,69.86
MOV-2026-03-0142,2026-03-12,CC40,6432,20.18
MOV-2026-03-0143,2026-03-12,CC10,6402,1952.85
MOV-2026-03-0144,2026-03-12,CC40,6431,2183.78
MOV-2026-03-0145,2026-03-12,CC30,6421,49.20
MOV-2026-03-0146,2026-03-12,CC40,6432,20.40
MOV-2026-03-0147,2026-03-12,CC40,6432,18.51
MOV-2026-03-0148,2026-03-12,CC40,6432,23.46
MOV-2026-03-0149,2026-03-12,CC40,6432,14.74
MOV-2026-03-0150,2026-03-12,CC30,6421,67.03
MOV-2026-03-0151,2026-03-12,CC40,6432,23.37
MOV-2026-03-0152,2026-03-12,CC30,6421,80.97
MOV-2026-03-0153,2026-03-12,CC40,6432,19.42
MOV-2026-03-0154,2026-03-12,CC10,6403,1960.00
MOV-2026-03-0155,2026-03-12,CC40,6432,16.73
MOV-2026-03-0156,2026-03-12,CC40,6432,13.32
MOV-2026-03-0157,2026-03-12,CC30,6421,42.34
MOV-2026-03-0158,2026-03-12,CC30,6421,57.99
MOV-2026-03-0159,2026-03-13,CC30,6421,70.49
MOV-2026-03-0160,2026-03-13,CC30,6421,68.94
MOV-2026-03-0161,2026-03-13,CC40,6432,11.45
MOV-2026-03-0162,2026-03-13,CC50,6441,1723.18
MOV-2026-03-0163,2026-03-13,CC30,6421,65.99
MOV-2026-03-0164,2026-03-13,CC40,6432,10.82
MOV-2026-03-0165,2026-03-13,CC40,6432,11.57
MOV-2026-03-0166,2026-03-13,CC30,6421,59.89
MOV-2026-03-0167,2026-03-13,CC30,6421,55.16
MOV-2026-03-0168,2026-03-13,CC30,6421,77.30
MOV-2026-03-0169,2026-03-13,CC40,6432,17.66
MOV-2026-03-0170,2026-03-13,CC40,6432,10.98
MOV-2026-03-0171,2026-03-13,CC30,6421,78.73
MOV-2026-03-0172,2026-03-13,CC40,6432,16.71
MOV-2026-03-0173,2026-03-13,CC40,6432,17.92
MOV-2026-03-0174,2026-03-13,CC40,6432,19.37
MOV-2026-03-0175,2026-03-13,CC40,6432,14.86
MOV-2026-03-0176,2026-03-13,CC30,6421,78.51
MOV-2026-03-0177,2026-03-16,CC30,6421,42.91
MOV-2026-03-0178,2026-03-16,CC30,6421,43.92
MOV-2026-03-0179,2026-03-16,CC10,6403,2240.00
MOV-2026-03-0180,2026-03-16,CC30,6421,54.50
MOV-2026-03-0181,2026-03-16,CC40,6432,18.97
MOV-2026-03-0182,2026-03-16,CC40,6432,23.18
MOV-2026-03-0183,2026-03-16,CC40,6432,12.64
MOV-2026-03-0184,2026-03-16,CC30,6421,64.57
MOV-2026-03-0185,2026-03-16,CC40,6432,10.90
MOV-2026-03-0186,2026-03-16,CC40,6432,17.88
MOV-2026-03-0187,2026-03-16,CC30,6421,40.38
MOV-2026-03-0188,2026-03-16,CC30,6421,70.13
MOV-2026-03-0189,2026-03-16,CC30,6421,53.51
MOV-2026-03-0190,2026-03-16,CC40,6432,15.00
MOV-2026-03-0191,2026-03-16,CC30,6421,40.03
MOV-2026-03-0192,2026-03-16,CC30,6421,58.06
MOV-2026-03-0193,2026-03-16,CC40,6432,21.54
MOV-2026-03-0194,2026-03-17,CC40,6432,15.13
MOV-2026-03-0195,2026-03-17,CC30,6421,65.51
MOV-2026-03-0196,2026-03-17,CC30,6421,65.71
MOV-2026-03-0197,2026-03-17,CC40,6432,21.49
MOV-2026-03-0198,2026-03-17,CC30,6421,76.86
MOV-2026-03-0199,2026-03-17,CC30,6421,38.00
MOV-2026-03-0200,2026-03-17,CC30,6421,35.84
MOV-2026-03-0201,2026-03-17,CC20,6411,3105.79
MOV-2026-03-0202,2026-03-17,CC40,6431,2025.31
MOV-2026-03-0203,2026-03-17,CC40,6432,21.28
MOV-2026-03-0204,2026-03-17,CC40,6432,12.26
MOV-2026-03-0205,2026-03-17,CC40,6432,19.75
MOV-2026-03-0206,2026-03-17,CC40,6432,19.73
MOV-2026-03-0207,2026-03-17,CC30,6421,72.78
MOV-2026-03-0208,2026-03-17,CC30,6421,50.92
MOV-2026-03-0209,2026-03-17,CC40,6432,10.33
MOV-2026-03-0210,2026-03-17,CC40,6432,14.97
MOV-2026-03-0211,2026-03-17,CC30,6421,45.03
MOV-2026-03-0212,2026-03-18,CC30,6421,36.55
MOV-2026-03-0213,2026-03-18,CC30,6421,49.58
MOV-2026-03-0214,2026-03-18,CC30,6421,65.24
MOV-2026-03-0215,2026-03-18,CC30,6421,68.47
MOV-2026-03-0216,2026-03-18,CC30,6421,74.77
MOV-2026-03-0217,2026-03-18,CC40,6432,16.26
MOV-2026-03-0218,2026-03-18,CC40,6432,16.47
MOV-2026-03-0219,2026-03-18,CC40,6432,10.39
MOV-2026-03-0220,2026-03-18,CC30,6421,45.73
MOV-2026-03-0221,2026-03-18,CC40,6432,15.45
MOV-2026-03-0222,2026-03-18,CC40,6432,15.68
MOV-2026-03-0223,2026-03-18,CC40,6432,15.26
MOV-2026-03-0224,2026-03-18,CC30,6421,47.61
MOV-2026-03-0225,2026-03-18,CC30,6421,38.51
MOV-2026-03-0226,2026-03-18,CC30,6421,54.65
MOV-2026-03-0227,2026-03-18,CC40,6432,23.58
MOV-2026-03-0228,2026-03-18,CC40,6432,13.69
MOV-2026-03-0229,2026-03-18,CC30,6421,48.01
MOV-2026-03-0230,2026-03-19,CC40,6432,18.52
MOV-2026-03-0231,2026-03-19,CC30,6421,73.39
MOV-2026-03-0232,2026-03-19,CC30,6421,79.30
MOV-2026-03-0233,2026-03-19,CC30,6421,53.09
MOV-2026-03-0234,2026-03-19,CC30,6421,46.82
MOV-2026-03-0235,2026-03-19,CC30,6421,73.27
MOV-2026-03-0236,2026-03-19,CC40,6432,16.02
MOV-2026-03-0237,2026-03-19,CC40,6432,11.97
MOV-2026-03-0238,2026-03-19,CC40,6432,10.82
MOV-2026-03-0239,2026-03-19,CC40,6432,11.52
MOV-2026-03-0240,2026-03-19,CC30,6421,80.58
MOV-2026-03-0241,2026-03-19,CC30,6421,48.03
MOV-2026-03-0242,2026-03-19,CC30,6421,58.21
MOV-2026-03-0243,2026-03-19,CC40,6432,18.72
MOV-2026-03-0244,2026-03-19,CC30,6421,46.95
MOV-2026-03-0245,2026-03-19,CC30,6421,60.42
MOV-2026-03-0246,2026-03-19,CC30,6421,76.43
MOV-2026-03-0247,2026-03-20,CC30,6421,61.56
MOV-2026-03-0248,2026-03-20,CC40,6432,21.55
MOV-2026-03-0249,2026-03-20,CC40,6432,12.92
MOV-2026-03-0250,2026-03-20,CC40,6432,20.76
MOV-2026-03-0251,2026-03-20,CC30,6421,44.36
MOV-2026-03-0252,2026-03-20,CC30,6421,51.91
MOV-2026-03-0253,2026-03-20,CC30,6421,57.10
MOV-2026-03-0254,2026-03-20,CC40,6432,21.86
MOV-2026-03-0255,2026-03-20,CC30,6421,49.63
MOV-2026-03-0256,2026-03-20,CC30,6422,1382.16
MOV-2026-03-0257,2026-03-20,CC30,6421,56.46
MOV-2026-03-0258,2026-03-20,CC40,6432,17.80
MOV-2026-03-0259,2026-03-20,CC40,6432,19.93
MOV-2026-03-0260,2026-03-20,CC30,6421,76.13
MOV-2026-03-0261,2026-03-20,CC30,6421,48.21
MOV-2026-03-0262,2026-03-20,CC30,6421,36.45
MOV-2026-03-0263,2026-03-20,CC30,6421,44.09
MOV-2026-03-0264,2026-03-20,CC30,6421,43.89
MOV-2026-03-0265,2026-03-23,CC30,6421,81.28
MOV-2026-03-0266,2026-03-23,CC30,6421,50.15
MOV-2026-03-0267,2026-03-23,CC40,6432,17.13
MOV-2026-03-0268,2026-03-23,CC30,6421,69.02
MOV-2026-03-0269,2026-03-23,CC30,6421,57.22
MOV-2026-03-0270,2026-03-23,CC30,6421,39.47
MOV-2026-03-0271,2026-03-23,CC30,6421,59.27
MOV-2026-03-0272,2026-03-23,CC40,6432,12.15
MOV-2026-03-0273,2026-03-23,CC30,6421,62.91
MOV-2026-03-0274,2026-03-23,CC40,6432,12.76
MOV-2026-03-0275,2026-03-23,CC30,6421,51.97
MOV-2026-03-0276,2026-03-23,CC40,6432,23.48
MOV-2026-03-0277,2026-03-23,CC30,6421,37.17
MOV-2026-03-0278,2026-03-23,CC30,6421,66.35
MOV-2026-03-0279,2026-03-23,CC30,6421,77.65
MOV-2026-03-0280,2026-03-23,CC40,6432,17.94
MOV-2026-03-0281,2026-03-23,CC30,6421,45.29
MOV-2026-03-0282,2026-03-24,CC30,6421,36.08
MOV-2026-03-0283,2026-03-24,CC30,6422,1451.10
MOV-2026-03-0284,2026-03-24,CC50,6441,2234.89
MOV-2026-03-0285,2026-03-24,CC30,6421,52.35
MOV-2026-03-0286,2026-03-24,CC40,6432,12.01
MOV-2026-03-0287,2026-03-24,CC30,6421,70.96
MOV-2026-03-0288,2026-03-24,CC40,6432,22.84
MOV-2026-03-0289,2026-03-24,CC30,6421,80.29
MOV-2026-03-0290,2026-03-24,CC30,6421,62.60
MOV-2026-03-0291,2026-03-24,CC20,6411,3807.21
MOV-2026-03-0292,2026-03-24,CC40,6432,23.48
MOV-2026-03-0293,2026-03-24,CC40,6432,16.07
MOV-2026-03-0294,2026-03-24,CC30,6421,44.37
MOV-2026-03-0295,2026-03-24,CC30,6421,58.02
MOV-2026-03-0296,2026-03-24,CC40,6432,23.66
MOV-2026-03-0297,2026-03-24,CC40,6432,17.51
MOV-2026-03-0298,2026-03-24,CC40,6432,13.81
MOV-2026-03-0299,2026-03-24,CC40,6432,15.75
MOV-2026-03-0300,2026-03-25,CC30,6421,50.76
MOV-2026-03-0301,2026-03-25,CC30,6421,78.34
MOV-2026-03-0302,2026-03-25,CC20,6411,1848.40
MOV-2026-03-0303,2026-03-25,CC40,6432,20.09
MOV-2026-03-0304,2026-03-25,CC30,6421,61.03
MOV-2026-03-0305,2026-03-25,CC30,6421,39.83
MOV-2026-03-0306,2026-03-25,CC20,6412,1618.81
MOV-2026-03-0307,2026-03-25,CC30,6421,68.66
MOV-2026-03-0308,2026-03-25,CC30,6421,46.64
MOV-2026-03-0309,2026-03-25,CC40,6432,11.17
MOV-2026-03-0310,2026-03-25,CC30,6421,70.67
MOV-2026-03-0311,2026-03-25,CC30,6421,63.57
MOV-2026-03-0312,2026-03-25,CC30,6421,59.73
MOV-2026-03-0313,2026-03-25,CC40,6432,17.40
MOV-2026-03-0314,2026-03-25,CC40,6432,23.83
MOV-2026-03-0315,2026-03-25,CC30,6421,46.68
MOV-2026-03-0316,2026-03-25,CC40,6432,16.16
MOV-2026-03-0317,2026-03-26,CC20,6411,3765.44
MOV-2026-03-0318,2026-03-26,CC30,6421,70.09
MOV-2026-03-0319,2026-03-26,CC40,6432,19.81
MOV-2026-03-0320,2026-03-26,CC40,6432,17.36
MOV-2026-03-0321,2026-03-26,CC30,6421,53.79
MOV-2026-03-0322,2026-03-26,CC30,6421,78.82
MOV-2026-03-0323,2026-03-26,CC40,6432,23.76
MOV-2026-03-0324,2026-03-26,CC30,6421,48.54
MOV-2026-03-0325,2026-03-26,CC40,6432,16.27
MOV-2026-03-0326,2026-03-26,CC30,6421,64.89
MOV-2026-03-0327,2026-03-26,CC40,6432,21.14
MOV-2026-03-0328,2026-03-26,CC40,6432,16.21
MOV-2026-03-0329,2026-03-26,CC40,6432,12.36
MOV-2026-03-0330,2026-03-26,CC40,6432,16.63
MOV-2026-03-0331,2026-03-26,CC30,6421,38.98
MOV-2026-03-0332,2026-03-26,CC30,6421,80.77
MOV-2026-03-0333,2026-03-26,CC40,6432,23.18
MOV-2026-03-0334,2026-03-26,CC30,6421,36.57
MOV-2026-03-0335,2026-03-27,CC30,6421,50.16
MOV-2026-03-0336,2026-03-27,CC30,6421,73.00
MOV-2026-03-0337,2026-03-27,CC40,6432,11.31
MOV-2026-03-0338,2026-03-27,CC40,6432,11.33
MOV-2026-03-0339,2026-03-27,CC30,6421,46.80
MOV-2026-03-0340,2026-03-27,CC30,6421,80.32
MOV-2026-03-0341,2026-03-27,CC30,6421,54.54
MOV-2026-03-0342,2026-03-27,CC40,6432,19.61
MOV-2026-03-0343,2026-03-27,CC40,6432,14.29
MOV-2026-03-0344,2026-03-27,CC40,6432,16.85
MOV-2026-03-0345,2026-03-27,CC40,6432,15.27
MOV-2026-03-0346,2026-03-27,CC20,6412,1277.64
MOV-2026-03-0347,2026-03-27,CC40,6432,19.88
MOV-2026-03-0348,2026-03-27,CC40,6432,20.94
MOV-2026-03-0349,2026-03-27,CC40,6432,19.56
MOV-2026-03-0350,2026-03-27,CC40,6432,19.42
MOV-2026-03-0351,2026-03-27,CC40,6432,22.27
MOV-2026-03-0352,2026-03-30,CC30,6421,72.75
MOV-2026-03-0353,2026-03-30,CC30,6421,60.35
MOV-2026-03-0354,2026-03-30,CC30,6421,78.76
MOV-2026-03-0355,2026-03-30,CC30,6421,67.96
MOV-2026-03-0356,2026-03-30,CC40,6432,13.02
MOV-2026-03-0357,2026-03-30,CC40,6432,20.47
MOV-2026-03-0358,2026-03-30,CC10,6401,6092.66
MOV-2026-03-0359,2026-03-30,CC40,6432,13.22
MOV-2026-03-0360,2026-03-30,CC40,6432,22.77
MOV-2026-03-0361,2026-03-30,CC30,6421,54.64
MOV-2026-03-0362,2026-03-30,CC30,6421,35.71
MOV-2026-03-0363,2026-03-30,CC30,6421,73.01
MOV-2026-03-0364,2026-03-30,CC40,6432,22.71
MOV-2026-03-0365,2026-03-30,CC40,6431,3219.78
MOV-2026-03-0366,2026-03-30,CC30,6421,61.08
MOV-2026-03-0367,2026-03-30,CC30,6421,80.18
MOV-2026-03-0368,2026-03-30,CC40,6432,18.13
MOV-2026-03-0369,2026-03-30,CC40,6432,18.56
MOV-2026-03-0370,2026-03-31,CC30,6421,60.71
MOV-2026-03-0371,2026-03-31,CC40,6432,22.73
MOV-2026-03-0372,2026-03-31,CC40,6432,23.45
MOV-2026-03-0373,2026-03-31,CC30,6421,66.91
MOV-2026-03-0374,2026-03-31,CC30,6421,78.30
MOV-2026-03-0375,2026-03-31,CC30,6421,38.09
MOV-2026-03-0376,2026-03-31,CC30,6422,847.17
MOV-2026-03-0377,2026-03-31,CC40,6432,15.46
MOV-2026-03-0378,2026-03-31,CC30,6421,72.65
MOV-2026-03-0379,2026-03-31,CC30,6421,56.54
MOV-2026-03-0380,2026-03-31,CC40,6432,21.74
MOV-2026-03-0381,2026-03-31,CC30,6421,46.00
MOV-2026-03-0382,2026-03-31,CC40,6432,21.23
MOV-2026-03-0383,2026-03-31,CC40,6432,21.08
MOV-2026-03-0384,2026-03-31,CC30,6421,60.50
MOV-2026-03-0385,2026-03-31,CC40,6432,15.75
MOV-2026-03-0386,2026-03-31,CC40,6432,16.81
