id_riga,data,documento,cliente,canale,prodotto,quantita,prezzo_netto,importo
R26-03-00001,2026-03-02,FT-2026-01023,CL-246,distributori,A,1,180.10,180.10
R26-03-00002,2026-03-02,FT-2026-01023,CL-246,distributori,B,1,112.44,112.44
R26-03-00003,2026-03-02,FT-2026-01023,CL-246,distributori,A,2,186.36,372.72
R26-03-00004,2026-03-02,FT-2026-01026,CL-241,distributori,B,1,113.19,113.19
R26-03-00005,2026-03-02,FT-2026-01026,CL-241,distributori,B,1,117.25,117.25
R26-03-00006,2026-03-02,FT-2026-01026,CL-241,distributori,B,2,112.59,225.18
R26-03-00007,2026-03-02,FT-2026-01043,CL-249,distributori,A,1,177.77,177.77
R26-03-00008,2026-03-02,FT-2026-01043,CL-249,distributori,C,1,289.73,289.73
R26-03-00009,2026-03-02,FT-2026-01048,CL-249,distributori,B,2,113.83,227.66
R26-03-00010,2026-03-02,FT-2026-01048,CL-249,distributori,B,1,112.68,112.68
R26-03-00011,2026-03-02,FT-2026-01048,CL-249,distributori,B,2,112.23,224.46
R26-03-00012,2026-03-02,FT-2026-01065,CL-253,distributori,B,2,112.37,224.74
R26-03-00013,2026-03-02,FT-2026-01065,CL-253,distributori,B,1,113.93,113.93
R26-03-00014,2026-03-02,FT-2026-01065,CL-253,distributori,B,1,116.76,116.76
R26-03-00015,2026-03-02,FT-2026-01070,CL-220,distributori,B,1,112.25,112.25
R26-03-00016,2026-03-02,FT-2026-01070,CL-220,distributori,B,1,115.69,115.69
R26-03-00017,2026-03-02,FT-2026-01070,CL-220,distributori,B,1,111.87,111.87
R26-03-00018,2026-03-02,FT-2026-01101,CL-220,distributori,B,1,113.98,113.98
R26-03-00019,2026-03-02,FT-2026-01101,CL-220,distributori,A,1,179.68,179.68
R26-03-00020,2026-03-02,FT-2026-01123,CL-003,diretto,C,1,291.15,291.15
R26-03-00021,2026-03-02,FT-2026-01123,CL-003,diretto,B,1,112.41,112.41
R26-03-00022,2026-03-02,FT-2026-01135,CL-128,diretto,A,1,184.78,184.78
R26-03-00023,2026-03-02,FT-2026-01135,CL-128,diretto,A,2,187.49,374.98
R26-03-00024,2026-03-02,FT-2026-01135,CL-128,diretto,A,2,178.77,357.54
R26-03-00025,2026-03-02,FT-2026-01183,CL-227,distributori,A,1,177.55,177.55
R26-03-00026,2026-03-02,FT-2026-01183,CL-227,distributori,A,1,176.72,176.72
R26-03-00027,2026-03-02,FT-2026-01245,CL-249,distributori,B,2,116.85,233.70
R26-03-00028,2026-03-02,FT-2026-01245,CL-249,distributori,B,2,115.80,231.60
R26-03-00029,2026-03-02,FT-2026-01245,CL-249,distributori,B,4,114.41,457.64
R26-03-00030,2026-03-02,FT-2026-01250,CL-223,distributori,B,1,113.79,113.79
R26-03-00031,2026-03-02,FT-2026-01250,CL-223,distributori,A,1,180.36,180.36
R26-03-00032,2026-03-02,FT-2026-01250,CL-223,distributori,B,1,115.25,115.25
R26-03-00033,2026-03-02,FT-2026-01296,CL-246,distributori,B,1,111.93,111.93
R26-03-00034,2026-03-02,FT-2026-01296,CL-246,distributori,A,2,183.40,366.80
R26-03-00035,2026-03-02,FT-2026-01313,CL-186,diretto,B,2,116.82,233.64
R26-03-00036,2026-03-02,FT-2026-01313,CL-186,diretto,B,2,116.60,233.20
R26-03-00037,2026-03-02,FT-2026-01313,CL-186,diretto,B,1,115.10,115.10
R26-03-00038,2026-03-02,FT-2026-01325,CL-062,diretto,C,1,298.94,298.94
R26-03-00039,2026-03-02,FT-2026-01325,CL-062,diretto,B,1,114.44,114.44
R26-03-00040,2026-03-02,FT-2026-01325,CL-062,diretto,B,2,116.77,233.54
R26-03-00041,2026-03-02,FT-2026-01369,CL-225,distributori,B,1,111.65,111.65
R26-03-00042,2026-03-02,FT-2026-01369,CL-225,distributori,B,2,111.82,223.64
R26-03-00043,2026-03-02,FT-2026-01393,CL-250,distributori,B,1,112.66,112.66
R26-03-00044,2026-03-02,FT-2026-01393,CL-250,distributori,C,1,289.46,289.46
R26-03-00045,2026-03-02,FT-2026-01393,CL-250,distributori,B,1,115.64,115.64
R26-03-00046,2026-03-02,FT-2026-01409,CL-156,diretto,C,2,293.92,587.84
R26-03-00047,2026-03-02,FT-2026-01409,CL-156,diretto,B,1,111.27,111.27
R26-03-00048,2026-03-02,FT-2026-01409,CL-156,diretto,B,3,114.82,344.46
R26-03-00049,2026-03-02,FT-2026-01446,CL-027,diretto,B,1,115.11,115.11
R26-03-00050,2026-03-02,FT-2026-01446,CL-027,diretto,B,1,113.02,113.02
R26-03-00051,2026-03-02,FT-2026-01446,CL-027,diretto,B,3,115.82,347.46
R26-03-00052,2026-03-02,FT-2026-01463,CL-232,distributori,B,1,111.19,111.19
R26-03-00053,2026-03-02,FT-2026-01463,CL-232,distributori,C,2,286.34,572.68
R26-03-00054,2026-03-02,FT-2026-01497,CL-258,distributori,B,1,111.86,111.86
R26-03-00055,2026-03-02,FT-2026-01497,CL-258,distributori,A,2,182.46,364.92
R26-03-00056,2026-03-02,FT-2026-01497,CL-258,distributori,B,3,113.49,340.47
R26-03-00057,2026-03-02,FT-2026-01502,CL-243,distributori,B,1,115.02,115.02
R26-03-00058,2026-03-02,FT-2026-01502,CL-243,distributori,A,1,179.27,179.27
R26-03-00059,2026-03-02,FT-2026-01502,CL-243,distributori,A,1,178.78,178.78
R26-03-00060,2026-03-03,FT-2026-01033,CL-220,distributori,B,1,113.06,113.06
R26-03-00061,2026-03-03,FT-2026-01033,CL-220,distributori,C,1,288.00,288.00
R26-03-00062,2026-03-03,FT-2026-01035,CL-170,diretto,B,1,117.30,117.30
R26-03-00063,2026-03-03,FT-2026-01035,CL-170,diretto,A,1,180.85,180.85
R26-03-00064,2026-03-03,FT-2026-01084,CL-242,distributori,A,1,178.19,178.19
R26-03-00065,2026-03-03,FT-2026-01084,CL-242,distributori,C,1,291.75,291.75
R26-03-00066,2026-03-03,FT-2026-01084,CL-242,distributori,A,2,181.88,363.76
R26-03-00067,2026-03-03,FT-2026-01092,CL-219,distributori,B,2,112.13,224.26
R26-03-00068,2026-03-03,FT-2026-01092,CL-219,distributori,B,3,114.41,343.23
R26-03-00069,2026-03-03,FT-2026-01103,CL-246,distributori,B,2,112.34,224.68
R26-03-00070,2026-03-03,FT-2026-01103,CL-246,distributori,B,1,117.12,117.12
R26-03-00071,2026-03-03,FT-2026-01118,CL-179,diretto,B,1,115.59,115.59
R26-03-00072,2026-03-03,FT-2026-01118,CL-179,diretto,B,2,111.95,223.90
R26-03-00073,2026-03-03,FT-2026-01118,CL-179,diretto,A,2,181.81,363.62
R26-03-00074,2026-03-03,FT-2026-01120,CL-149,diretto,A,2,181.66,363.32
R26-03-00075,2026-03-03,FT-2026-01120,CL-149,diretto,B,1,117.18,117.18
R26-03-00076,2026-03-03,FT-2026-01146,CL-036,diretto,B,1,115.58,115.58
R26-03-00077,2026-03-03,FT-2026-01146,CL-036,diretto,A,1,176.66,176.66
R26-03-00078,2026-03-03,FT-2026-01148,CL-018,diretto,C,2,297.09,594.18
R26-03-00079,2026-03-03,FT-2026-01148,CL-018,diretto,B,2,114.06,228.12
R26-03-00080,2026-03-03,FT-2026-01214,CL-115,diretto,B,2,114.76,229.52
R26-03-00081,2026-03-03,FT-2026-01214,CL-115,diretto,B,2,113.82,227.64
R26-03-00082,2026-03-03,FT-2026-01214,CL-115,diretto,B,2,112.73,225.46
R26-03-00083,2026-03-03,FT-2026-01215,CL-246,distributori,A,1,178.87,178.87
R26-03-00084,2026-03-03,FT-2026-01215,CL-246,distributori,A,2,179.00,358.00
R26-03-00085,2026-03-03,FT-2026-01215,CL-246,distributori,A,1,180.33,180.33
R26-03-00086,2026-03-03,FT-2026-01216,CL-009,diretto,B,3,114.23,342.69
R26-03-00087,2026-03-03,FT-2026-01216,CL-009,diretto,B,2,112.90,225.80
R26-03-00088,2026-03-03,FT-2026-01221,CL-226,distributori,A,1,179.80,179.80
R26-03-00089,2026-03-03,FT-2026-01221,CL-226,distributori,B,2,111.31,222.62
R26-03-00090,2026-03-03,FT-2026-01238,CL-249,distributori,B,1,113.11,113.11
R26-03-00091,2026-03-03,FT-2026-01238,CL-249,distributori,A,1,177.40,177.40
R26-03-00092,2026-03-03,FT-2026-01238,CL-249,distributori,B,2,116.20,232.40
R26-03-00093,2026-03-03,FT-2026-01239,CL-221,distributori,A,1,180.93,180.93
R26-03-00094,2026-03-03,FT-2026-01239,CL-221,distributori,A,1,177.24,177.24
R26-03-00095,2026-03-03,FT-2026-01239,CL-221,distributori,B,2,115.16,230.32
R26-03-00096,2026-03-03,FT-2026-01249,CL-029,diretto,B,2,114.04,228.08
R26-03-00097,2026-03-03,FT-2026-01249,CL-029,diretto,A,2,185.67,371.34
R26-03-00098,2026-03-03,FT-2026-01249,CL-029,diretto,B,2,116.24,232.48
R26-03-00099,2026-03-03,FT-2026-01255,CL-234,distributori,B,2,112.86,225.72
R26-03-00100,2026-03-03,FT-2026-01255,CL-234,distributori,A,1,177.55,177.55
R26-03-00101,2026-03-03,FT-2026-01255,CL-234,distributori,B,1,112.18,112.18
R26-03-00102,2026-03-03,FT-2026-01271,CL-252,distributori,B,2,111.61,223.22
R26-03-00103,2026-03-03,FT-2026-01271,CL-252,distributori,A,1,180.26,180.26
R26-03-00104,2026-03-03,FT-2026-01271,CL-252,distributori,B,4,116.26,465.04
R26-03-00105,2026-03-03,FT-2026-01273,CL-257,distributori,A,1,178.98,178.98
R26-03-00106,2026-03-03,FT-2026-01273,CL-257,distributori,A,2,184.56,369.12
R26-03-00107,2026-03-03,FT-2026-01273,CL-257,distributori,A,4,178.88,715.52
R26-03-00108,2026-03-03,FT-2026-01275,CL-243,distributori,B,1,112.89,112.89
R26-03-00109,2026-03-03,FT-2026-01275,CL-243,distributori,B,1,112.39,112.39
R26-03-00110,2026-03-03,FT-2026-01297,CL-241,distributori,A,1,180.01,180.01
R26-03-00111,2026-03-03,FT-2026-01297,CL-241,distributori,A,3,183.03,549.09
R26-03-00112,2026-03-03,FT-2026-01297,CL-241,distributori,A,2,176.89,353.78
R26-03-00113,2026-03-03,FT-2026-01304,CL-241,distributori,B,2,111.24,222.48
R26-03-00114,2026-03-03,FT-2026-01304,CL-241,distributori,B,1,113.37,113.37
R26-03-00115,2026-03-03,FT-2026-01304,CL-241,distributori,A,2,177.20,354.40
R26-03-00116,2026-03-03,FT-2026-01308,CL-113,diretto,B,1,115.15,115.15
R26-03-00117,2026-03-03,FT-2026-01308,CL-113,diretto,B,1,112.94,112.94
R26-03-00118,2026-03-03,FT-2026-01353,CL-232,distributori,A,1,176.72,176.72
R26-03-00119,2026-03-03,FT-2026-01353,CL-232,distributori,A,1,183.06,183.06
R26-03-00120,2026-03-03,FT-2026-01353,CL-232,distributori,B,2,114.61,229.22
R26-03-00121,2026-03-03,FT-2026-01356,CL-226,distributori,B,2,112.56,225.12
R26-03-00122,2026-03-03,FT-2026-01356,CL-226,distributori,B,1,114.53,114.53
R26-03-00123,2026-03-03,FT-2026-01356,CL-226,distributori,B,3,111.67,335.01
R26-03-00124,2026-03-03,FT-2026-01361,CL-258,distributori,C,1,283.98,283.98
R26-03-00125,2026-03-03,FT-2026-01361,CL-258,distributori,A,1,181.06,181.06
R26-03-00126,2026-03-03,FT-2026-01361,CL-258,distributori,B,2,113.36,226.72
R26-03-00127,2026-03-03,FT-2026-01373,CL-014,diretto,A,1,186.35,186.35
R26-03-00128,2026-03-03,FT-2026-01373,CL-014,diretto,A,2,178.73,357.46
R26-03-00129,2026-03-03,FT-2026-01373,CL-014,diretto,A,1,182.24,182.24
R26-03-00130,2026-03-03,FT-2026-01392,CL-244,distributori,A,2,179.23,358.46
R26-03-00131,2026-03-03,FT-2026-01392,CL-244,distributori,B,1,111.50,111.50
R26-03-00132,2026-03-03,FT-2026-01392,CL-244,distributori,B,2,111.26,222.52
R26-03-00133,2026-03-03,FT-2026-01403,CL-001,diretto,A,1,186.07,186.07
R26-03-00134,2026-03-03,FT-2026-01403,CL-001,diretto,A,1,181.84,181.84
R26-03-00135,2026-03-03,FT-2026-01424,CL-086,diretto,B,2,114.22,228.44
R26-03-00136,2026-03-03,FT-2026-01424,CL-086,diretto,C,1,283.95,283.95
R26-03-00137,2026-03-03,FT-2026-01424,CL-086,diretto,B,2,113.07,226.14
R26-03-00138,2026-03-03,FT-2026-01429,CL-030,diretto,B,1,114.05,114.05
R26-03-00139,2026-03-03,FT-2026-01429,CL-030,diretto,A,1,187.77,187.77
R26-03-00140,2026-03-03,FT-2026-01433,CL-189,diretto,B,3,115.81,347.43
R26-03-00141,2026-03-03,FT-2026-01433,CL-189,diretto,A,1,177.20,177.20
R26-03-00142,2026-03-03,FT-2026-01433,CL-189,diretto,B,2,116.98,233.96
R26-03-00143,2026-03-03,FT-2026-01472,CL-207,diretto,B,1,114.65,114.65
R26-03-00144,2026-03-03,FT-2026-01472,CL-207,diretto,B,2,112.63,225.26
R26-03-00145,2026-03-03,FT-2026-01472,CL-207,diretto,B,1,111.43,111.43
R26-03-00146,2026-03-03,FT-2026-01478,CL-250,distributori,A,1,179.42,179.42
R26-03-00147,2026-03-03,FT-2026-01478,CL-250,distributori,B,1,113.61,113.61
R26-03-00148,2026-03-03,FT-2026-01484,CL-253,distributori,B,2,112.74,225.48
R26-03-00149,2026-03-03,FT-2026-01484,CL-253,distributori,A,1,180.04,180.04
R26-03-00150,2026-03-03,FT-2026-01493,CL-238,distributori,C,2,282.97,565.94
R26-03-00151,2026-03-03,FT-2026-01493,CL-238,distributori,B,2,112.76,225.52
R26-03-00152,2026-03-03,FT-2026-01493,CL-238,distributori,C,2,284.43,568.86
R26-03-00153,2026-03-03,FT-2026-01503,CL-233,distributori,B,1,111.23,111.23
R26-03-00154,2026-03-03,FT-2026-01503,CL-233,distributori,B,3,113.51,340.53
R26-03-00155,2026-03-04,FT-2026-01049,CL-236,distributori,B,2,112.47,224.94
R26-03-00156,2026-03-04,FT-2026-01049,CL-236,distributori,B,1,113.28,113.28
R26-03-00157,2026-03-04,FT-2026-01049,CL-236,distributori,C,2,294.25,588.50
R26-03-00158,2026-03-04,FT-2026-01064,CL-221,distributori,A,1,179.57,179.57
R26-03-00159,2026-03-04,FT-2026-01064,CL-221,distributori,B,2,114.22,228.44
R26-03-00160,2026-03-04,FT-2026-01075,CL-219,distributori,B,1,113.92,113.92
R26-03-00161,2026-03-04,FT-2026-01075,CL-219,distributori,A,1,186.09,186.09
R26-03-00162,2026-03-04,FT-2026-01075,CL-219,distributori,B,1,116.44,116.44
R26-03-00163,2026-03-04,FT-2026-01083,CL-221,distributori,A,1,177.91,177.91
R26-03-00164,2026-03-04,FT-2026-01083,CL-221,distributori,A,3,180.61,541.83
R26-03-00165,2026-03-04,FT-2026-01093,CL-041,diretto,B,1,115.97,115.97
R26-03-00166,2026-03-04,FT-2026-01093,CL-041,diretto,B,1,113.33,113.33
R26-03-00167,2026-03-04,FT-2026-01111,CL-219,distributori,B,2,112.94,225.88
R26-03-00168,2026-03-04,FT-2026-01111,CL-219,distributori,B,1,115.54,115.54
R26-03-00169,2026-03-04,FT-2026-01111,CL-219,distributori,B,1,116.95,116.95
R26-03-00170,2026-03-04,FT-2026-01138,CL-225,distributori,B,1,111.25,111.25
R26-03-00171,2026-03-04,FT-2026-01138,CL-225,distributori,B,1,113.84,113.84
R26-03-00172,2026-03-04,FT-2026-01138,CL-225,distributori,A,2,187.48,374.96
R26-03-00173,2026-03-04,FT-2026-01140,CL-014,diretto,B,1,116.47,116.47
R26-03-00174,2026-03-04,FT-2026-01140,CL-014,diretto,B,1,112.58,112.58
R26-03-00175,2026-03-04,FT-2026-01140,CL-014,diretto,A,1,183.10,183.10
R26-03-00176,2026-03-04,FT-2026-01152,CL-234,distributori,C,1,285.37,285.37
R26-03-00177,2026-03-04,FT-2026-01152,CL-234,distributori,A,1,184.11,184.11
R26-03-00178,2026-03-04,FT-2026-01152,CL-234,distributori,B,2,115.43,230.86
R26-03-00179,2026-03-04,FT-2026-01155,CL-258,distributori,B,1,111.32,111.32
R26-03-00180,2026-03-04,FT-2026-01155,CL-258,distributori,B,2,113.84,227.68
R26-03-00181,2026-03-04,FT-2026-01179,CL-222,distributori,B,1,113.52,113.52
R26-03-00182,2026-03-04,FT-2026-01179,CL-222,distributori,B,1,116.47,116.47
R26-03-00183,2026-03-04,FT-2026-01208,CL-090,diretto,A,1,181.58,181.58
R26-03-00184,2026-03-04,FT-2026-01208,CL-090,diretto,C,1,293.73,293.73
R26-03-00185,2026-03-04,FT-2026-01226,CL-230,distributori,B,3,111.51,334.53
R26-03-00186,2026-03-04,FT-2026-01226,CL-230,distributori,C,1,284.39,284.39
R26-03-00187,2026-03-04,FT-2026-01232,CL-237,distributori,C,1,288.46,288.46
R26-03-00188,2026-03-04,FT-2026-01232,CL-237,distributori,A,1,183.60,183.60
R26-03-00189,2026-03-04,FT-2026-01232,CL-237,distributori,B,2,113.60,227.20
R26-03-00190,2026-03-04,FT-2026-01265,CL-230,distributori,A,2,178.08,356.16
R26-03-00191,2026-03-04,FT-2026-01265,CL-230,distributori,B,1,113.22,113.22
R26-03-00192,2026-03-04,FT-2026-01266,CL-040,diretto,B,1,115.07,115.07
R26-03-00193,2026-03-04,FT-2026-01266,CL-040,diretto,B,1,111.53,111.53
R26-03-00194,2026-03-04,FT-2026-01270,CL-231,distributori,B,2,113.32,226.64
R26-03-00195,2026-03-04,FT-2026-01270,CL-231,distributori,A,1,180.96,180.96
R26-03-00196,2026-03-04,FT-2026-01329,CL-249,distributori,B,1,112.81,112.81
R26-03-00197,2026-03-04,FT-2026-01329,CL-249,distributori,A,1,182.59,182.59
R26-03-00198,2026-03-04,FT-2026-01329,CL-249,distributori,B,2,114.46,228.92
R26-03-00199,2026-03-04,FT-2026-01330,CL-251,distributori,B,2,113.79,227.58
R26-03-00200,2026-03-04,FT-2026-01330,CL-251,distributori,B,2,112.83,225.66
R26-03-00201,2026-03-04,FT-2026-01354,CL-027,diretto,B,1,116.02,116.02
R26-03-00202,2026-03-04,FT-2026-01354,CL-027,diretto,A,1,185.91,185.91
R26-03-00203,2026-03-04,FT-2026-01359,CL-170,diretto,B,2,114.05,228.10
R26-03-00204,2026-03-04,FT-2026-01359,CL-170,diretto,B,1,114.85,114.85
R26-03-00205,2026-03-04,FT-2026-01359,CL-170,diretto,A,3,180.82,542.46
R26-03-00206,2026-03-04,FT-2026-01385,CL-012,diretto,A,1,185.76,185.76
R26-03-00207,2026-03-04,FT-2026-01385,CL-012,diretto,A,1,180.41,180.41
R26-03-00208,2026-03-04,FT-2026-01385,CL-012,diretto,A,1,176.86,176.86
R26-03-00209,2026-03-04,FT-2026-01394,CL-037,diretto,B,1,114.71,114.71
R26-03-00210,2026-03-04,FT-2026-01394,CL-037,diretto,A,1,177.03,177.03
R26-03-00211,2026-03-04,FT-2026-01477,CL-247,distributori,A,1,179.40,179.40
R26-03-00212,2026-03-04,FT-2026-01477,CL-247,distributori,A,2,177.53,355.06
R26-03-00213,2026-03-05,FT-2026-01008,CL-069,diretto,B,2,114.56,229.12
R26-03-00214,2026-03-05,FT-2026-01008,CL-069,diretto,A,1,179.19,179.19
R26-03-00215,2026-03-05,FT-2026-01008,CL-069,diretto,B,1,116.03,116.03
R26-03-00216,2026-03-05,FT-2026-01036,CL-244,distributori,C,2,281.91,563.82
R26-03-00217,2026-03-05,FT-2026-01036,CL-244,distributori,B,2,111.42,222.84
R26-03-00218,2026-03-05,FT-2026-01036,CL-244,distributori,A,2,179.84,359.68
R26-03-00219,2026-03-05,FT-2026-01142,CL-246,distributori,B,1,111.53,111.53
R26-03-00220,2026-03-05,FT-2026-01142,CL-246,distributori,B,1,115.44,115.44
R26-03-00221,2026-03-05,FT-2026-01176,CL-231,distributori,A,2,176.76,353.52
R26-03-00222,2026-03-05,FT-2026-01176,CL-231,distributori,B,1,111.60,111.60
R26-03-00223,2026-03-05,FT-2026-01184,CL-219,distributori,A,1,178.95,178.95
R26-03-00224,2026-03-05,FT-2026-01184,CL-219,distributori,B,1,111.55,111.55
R26-03-00225,2026-03-05,FT-2026-01206,CL-246,distributori,B,1,111.67,111.67
R26-03-00226,2026-03-05,FT-2026-01206,CL-246,distributori,B,1,112.63,112.63
R26-03-00227,2026-03-05,FT-2026-01206,CL-246,distributori,B,1,115.02,115.02
R26-03-00228,2026-03-05,FT-2026-01225,CL-238,distributori,B,1,112.92,112.92
R26-03-00229,2026-03-05,FT-2026-01225,CL-238,distributori,C,1,293.51,293.51
R26-03-00230,2026-03-05,FT-2026-01225,CL-238,distributori,A,2,177.97,355.94
R26-03-00231,2026-03-05,FT-2026-01240,CL-236,distributori,A,1,180.89,180.89
R26-03-00232,2026-03-05,FT-2026-01240,CL-236,distributori,B,2,116.94,233.88
R26-03-00233,2026-03-05,FT-2026-01240,CL-236,distributori,A,1,180.68,180.68
R26-03-00234,2026-03-05,FT-2026-01305,CL-228,distributori,B,2,114.61,229.22
R26-03-00235,2026-03-05,FT-2026-01305,CL-228,distributori,C,1,283.84,283.84
R26-03-00236,2026-03-05,FT-2026-01305,CL-228,distributori,B,1,112.67,112.67
R26-03-00237,2026-03-05,FT-2026-01326,CL-027,diretto,A,1,185.06,185.06
R26-03-00238,2026-03-05,FT-2026-01326,CL-027,diretto,B,1,112.23,112.23
R26-03-00239,2026-03-05,FT-2026-01327,CL-257,distributori,B,1,112.34,112.34
R26-03-00240,2026-03-05,FT-2026-01327,CL-257,distributori,B,3,112.91,338.73
R26-03-00241,2026-03-05,FT-2026-01327,CL-257,distributori,A,2,188.35,376.70
R26-03-00242,2026-03-05,FT-2026-01334,CL-027,diretto,B,1,117.35,117.35
R26-03-00243,2026-03-05,FT-2026-01334,CL-027,diretto,B,1,113.95,113.95
R26-03-00244,2026-03-05,FT-2026-01335,CL-025,diretto,A,2,185.30,370.60
R26-03-00245,2026-03-05,FT-2026-01335,CL-025,diretto,A,1,179.82,179.82
R26-03-00246,2026-03-05,FT-2026-01349,CL-034,diretto,B,1,114.85,114.85
R26-03-00247,2026-03-05,FT-2026-01349,CL-034,diretto,C,2,286.15,572.30
R26-03-00248,2026-03-05,FT-2026-01351,CL-027,diretto,B,1,116.17,116.17
R26-03-00249,2026-03-05,FT-2026-01351,CL-027,diretto,B,3,119.19,357.57
R26-03-00250,2026-03-05,FT-2026-01351,CL-027,diretto,B,1,112.58,112.58
R26-03-00251,2026-03-05,FT-2026-01377,CL-021,diretto,B,1,116.98,116.98
R26-03-00252,2026-03-05,FT-2026-01377,CL-021,diretto,B,1,114.92,114.92
R26-03-00253,2026-03-05,FT-2026-01377,CL-021,diretto,C,1,291.71,291.71
R26-03-00254,2026-03-05,FT-2026-01399,CL-020,diretto,A,1,182.53,182.53
R26-03-00255,2026-03-05,FT-2026-01399,CL-020,diretto,B,2,118.85,237.70
R26-03-00256,2026-03-05,FT-2026-01399,CL-020,diretto,C,1,292.57,292.57
R26-03-00257,2026-03-05,FT-2026-01413,CL-235,distributori,B,1,112.19,112.19
R26-03-00258,2026-03-05,FT-2026-01413,CL-235,distributori,A,2,184.53,369.06
R26-03-00259,2026-03-05,FT-2026-01413,CL-235,distributori,B,1,115.47,115.47
R26-03-00260,2026-03-05,FT-2026-01442,CL-246,distributori,A,1,181.42,181.42
R26-03-00261,2026-03-05,FT-2026-01442,CL-246,distributori,C,2,298.67,597.34
R26-03-00262,2026-03-05,FT-2026-01442,CL-246,distributori,B,1,116.93,116.93
R26-03-00263,2026-03-05,FT-2026-01447,CL-242,distributori,B,1,113.51,113.51
R26-03-00264,2026-03-05,FT-2026-01447,CL-242,distributori,B,1,116.86,116.86
R26-03-00265,2026-03-05,FT-2026-01449,CL-237,distributori,B,1,111.60,111.60
R26-03-00266,2026-03-05,FT-2026-01449,CL-237,distributori,B,2,115.23,230.46
R26-03-00267,2026-03-05,FT-2026-01501,CL-235,distributori,A,1,181.03,181.03
R26-03-00268,2026-03-05,FT-2026-01501,CL-235,distributori,A,1,177.90,177.90
R26-03-00269,2026-03-05,FT-2026-01501,CL-235,distributori,C,3,290.42,871.26
R26-03-00270,2026-03-06,FT-2026-01003,CL-173,diretto,B,1,115.98,115.98
R26-03-00271,2026-03-06,FT-2026-01003,CL-173,diretto,A,2,182.01,364.02
R26-03-00272,2026-03-06,FT-2026-01003,CL-173,diretto,B,1,117.16,117.16
R26-03-00273,2026-03-06,FT-2026-01010,CL-037,diretto,B,1,114.26,114.26
R26-03-00274,2026-03-06,FT-2026-01010,CL-037,diretto,B,2,114.20,228.40
R26-03-00275,2026-03-06,FT-2026-01010,CL-037,diretto,B,2,113.49,226.98
R26-03-00276,2026-03-06,FT-2026-01030,CL-255,distributori,B,1,111.32,111.32
R26-03-00277,2026-03-06,FT-2026-01030,CL-255,distributori,A,1,185.43,185.43
R26-03-00278,2026-03-06,FT-2026-01030,CL-255,distributori,B,1,111.25,111.25
R26-03-00279,2026-03-06,FT-2026-01086,CL-257,distributori,A,2,181.09,362.18
R26-03-00280,2026-03-06,FT-2026-01086,CL-257,distributori,C,1,282.59,282.59
R26-03-00281,2026-03-06,FT-2026-01086,CL-257,distributori,C,1,285.98,285.98
R26-03-00282,2026-03-06,FT-2026-01143,CL-246,distributori,C,1,287.19,287.19
R26-03-00283,2026-03-06,FT-2026-01143,CL-246,distributori,A,1,177.55,177.55
R26-03-00284,2026-03-06,FT-2026-01192,CL-008,diretto,B,1,116.79,116.79
R26-03-00285,2026-03-06,FT-2026-01192,CL-008,diretto,A,1,178.71,178.71
R26-03-00286,2026-03-06,FT-2026-01192,CL-008,diretto,C,1,286.09,286.09
R26-03-00287,2026-03-06,FT-2026-01281,CL-244,distributori,B,2,111.68,223.36
R26-03-00288,2026-03-06,FT-2026-01281,CL-244,distributori,B,2,112.22,224.44
R26-03-00289,2026-03-06,FT-2026-01357,CL-032,diretto,B,2,117.42,234.84
R26-03-00290,2026-03-06,FT-2026-01357,CL-032,diretto,A,1,182.45,182.45
R26-03-00291,2026-03-06,FT-2026-01365,CL-246,distributori,A,1,181.02,181.02
R26-03-00292,2026-03-06,FT-2026-01365,CL-246,distributori,B,3,111.62,334.86
R26-03-00293,2026-03-06,FT-2026-01401,CL-257,distributori,A,1,180.36,180.36
R26-03-00294,2026-03-06,FT-2026-01401,CL-257,distributori,B,2,113.23,226.46
R26-03-00295,2026-03-06,FT-2026-01401,CL-257,distributori,C,1,285.20,285.20
R26-03-00296,2026-03-06,FT-2026-01430,CL-258,distributori,A,2,181.22,362.44
R26-03-00297,2026-03-06,FT-2026-01430,CL-258,distributori,B,1,112.34,112.34
R26-03-00298,2026-03-06,FT-2026-01430,CL-258,distributori,B,1,118.51,118.51
R26-03-00299,2026-03-06,FT-2026-01432,CL-072,diretto,B,1,116.25,116.25
R26-03-00300,2026-03-06,FT-2026-01432,CL-072,diretto,B,1,115.24,115.24
R26-03-00301,2026-03-06,FT-2026-01432,CL-072,diretto,B,1,111.60,111.60
R26-03-00302,2026-03-06,FT-2026-01441,CL-233,distributori,B,1,111.93,111.93
R26-03-00303,2026-03-06,FT-2026-01441,CL-233,distributori,A,1,177.38,177.38
R26-03-00304,2026-03-06,FT-2026-01444,CL-229,distributori,A,1,177.19,177.19
R26-03-00305,2026-03-06,FT-2026-01444,CL-229,distributori,B,2,115.44,230.88
R26-03-00306,2026-03-06,FT-2026-01453,CL-243,distributori,B,1,113.41,113.41
R26-03-00307,2026-03-06,FT-2026-01453,CL-243,distributori,A,2,183.24,366.48
R26-03-00308,2026-03-06,FT-2026-01453,CL-243,distributori,B,1,116.69,116.69
R26-03-00309,2026-03-06,FT-2026-01483,CL-254,distributori,C,3,286.82,860.46
R26-03-00310,2026-03-06,FT-2026-01483,CL-254,distributori,A,2,186.40,372.80
R26-03-00311,2026-03-06,FT-2026-01487,CL-242,distributori,A,2,179.63,359.26
R26-03-00312,2026-03-06,FT-2026-01487,CL-242,distributori,C,1,288.09,288.09
R26-03-00313,2026-03-06,FT-2026-01487,CL-242,distributori,B,1,112.18,112.18
R26-03-00314,2026-03-06,FT-2026-01499,CL-019,diretto,A,4,183.70,734.80
R26-03-00315,2026-03-06,FT-2026-01499,CL-019,diretto,A,1,180.37,180.37
R26-03-00316,2026-03-09,FT-2026-01012,CL-243,distributori,A,1,180.55,180.55
R26-03-00317,2026-03-09,FT-2026-01012,CL-243,distributori,B,3,114.59,343.77
R26-03-00318,2026-03-09,FT-2026-01012,CL-243,distributori,A,1,180.00,180.00
R26-03-00319,2026-03-09,FT-2026-01014,CL-008,diretto,B,1,114.03,114.03
R26-03-00320,2026-03-09,FT-2026-01014,CL-008,diretto,B,1,113.33,113.33
R26-03-00321,2026-03-09,FT-2026-01039,CL-254,distributori,A,1,180.15,180.15
R26-03-00322,2026-03-09,FT-2026-01039,CL-254,distributori,B,2,113.36,226.72
R26-03-00323,2026-03-09,FT-2026-01042,CL-003,diretto,A,1,184.08,184.08
R26-03-00324,2026-03-09,FT-2026-01042,CL-003,diretto,A,2,178.78,357.56
R26-03-00325,2026-03-09,FT-2026-01056,CL-220,distributori,B,2,111.36,222.72
R26-03-00326,2026-03-09,FT-2026-01056,CL-220,distributori,A,1,177.83,177.83
R26-03-00327,2026-03-09,FT-2026-01066,CL-252,distributori,A,1,176.82,176.82
R26-03-00328,2026-03-09,FT-2026-01066,CL-252,distributori,B,3,111.70,335.10
R26-03-00329,2026-03-09,FT-2026-01068,CL-252,distributori,B,1,111.96,111.96
R26-03-00330,2026-03-09,FT-2026-01068,CL-252,distributori,A,1,178.30,178.30
R26-03-00331,2026-03-09,FT-2026-01068,CL-252,distributori,C,1,288.34,288.34
R26-03-00332,2026-03-09,FT-2026-01069,CL-220,distributori,A,2,179.52,359.04
R26-03-00333,2026-03-09,FT-2026-01069,CL-220,distributori,B,1,116.79,116.79
R26-03-00334,2026-03-09,FT-2026-01069,CL-220,distributori,B,1,114.79,114.79
R26-03-00335,2026-03-09,FT-2026-01079,CL-121,diretto,B,1,114.35,114.35
R26-03-00336,2026-03-09,FT-2026-01079,CL-121,diretto,C,1,289.12,289.12
R26-03-00337,2026-03-09,FT-2026-01099,CL-230,distributori,B,1,115.23,115.23
R26-03-00338,2026-03-09,FT-2026-01099,CL-230,distributori,B,2,114.89,229.78
R26-03-00339,2026-03-09,FT-2026-01099,CL-230,distributori,A,2,178.75,357.50
R26-03-00340,2026-03-09,FT-2026-01104,CL-233,distributori,B,2,113.77,227.54
R26-03-00341,2026-03-09,FT-2026-01104,CL-233,distributori,A,3,183.16,549.48
R26-03-00342,2026-03-09,FT-2026-01104,CL-233,distributori,B,1,113.38,113.38
R26-03-00343,2026-03-09,FT-2026-01114,CL-037,diretto,B,2,115.73,231.46
R26-03-00344,2026-03-09,FT-2026-01114,CL-037,diretto,B,1,113.50,113.50
R26-03-00345,2026-03-09,FT-2026-01114,CL-037,diretto,A,1,180.30,180.30
R26-03-00346,2026-03-09,FT-2026-01117,CL-016,diretto,B,2,116.83,233.66
R26-03-00347,2026-03-09,FT-2026-01117,CL-016,diretto,B,1,111.86,111.86
R26-03-00348,2026-03-09,FT-2026-01117,CL-016,diretto,A,1,178.88,178.88
R26-03-00349,2026-03-09,FT-2026-01122,CL-221,distributori,B,2,113.87,227.74
R26-03-00350,2026-03-09,FT-2026-01122,CL-221,distributori,B,1,112.42,112.42
R26-03-00351,2026-03-09,FT-2026-01122,CL-221,distributori,B,2,114.40,228.80
R26-03-00352,2026-03-09,FT-2026-01131,CL-032,diretto,B,1,116.37,116.37
R26-03-00353,2026-03-09,FT-2026-01131,CL-032,diretto,B,1,114.88,114.88
R26-03-00354,2026-03-09,FT-2026-01165,CL-235,distributori,A,1,180.36,180.36
R26-03-00355,2026-03-09,FT-2026-01165,CL-235,distributori,A,1,185.27,185.27
R26-03-00356,2026-03-09,FT-2026-01199,CL-248,distributori,B,1,111.44,111.44
R26-03-00357,2026-03-09,FT-2026-01199,CL-248,distributori,B,1,111.47,111.47
R26-03-00358,2026-03-09,FT-2026-01201,CL-006,diretto,B,1,116.98,116.98
R26-03-00359,2026-03-09,FT-2026-01201,CL-006,diretto,B,1,114.46,114.46
R26-03-00360,2026-03-09,FT-2026-01205,CL-073,diretto,B,1,116.99,116.99
R26-03-00361,2026-03-09,FT-2026-01205,CL-073,diretto,B,3,112.23,336.69
R26-03-00362,2026-03-09,FT-2026-01259,CL-005,diretto,B,1,115.76,115.76
R26-03-00363,2026-03-09,FT-2026-01259,CL-005,diretto,A,1,180.24,180.24
R26-03-00364,2026-03-09,FT-2026-01259,CL-005,diretto,A,2,176.80,353.60
R26-03-00365,2026-03-09,FT-2026-01272,CL-244,distributori,B,1,112.57,112.57
R26-03-00366,2026-03-09,FT-2026-01272,CL-244,distributori,A,1,176.65,176.65
R26-03-00367,2026-03-09,FT-2026-01272,CL-244,distributori,B,1,111.49,111.49
R26-03-00368,2026-03-09,FT-2026-01295,CL-243,distributori,B,1,113.43,113.43
R26-03-00369,2026-03-09,FT-2026-01295,CL-243,distributori,B,1,116.99,116.99
R26-03-00370,2026-03-09,FT-2026-01295,CL-243,distributori,A,1,179.58,179.58
R26-03-00371,2026-03-09,FT-2026-01485,CL-254,distributori,A,1,182.03,182.03
R26-03-00372,2026-03-09,FT-2026-01485,CL-254,distributori,B,1,117.33,117.33
R26-03-00373,2026-03-10,FT-2026-01024,CL-101,diretto,A,1,188.18,188.18
R26-03-00374,2026-03-10,FT-2026-01024,CL-101,diretto,A,1,183.76,183.76
R26-03-00375,2026-03-10,FT-2026-01037,CL-242,distributori,A,1,177.90,177.90
R26-03-00376,2026-03-10,FT-2026-01037,CL-242,distributori,B,1,115.76,115.76
R26-03-00377,2026-03-10,FT-2026-01041,CL-250,distributori,A,1,176.90,176.90
R26-03-00378,2026-03-10,FT-2026-01041,CL-250,distributori,B,1,117.13,117.13
R26-03-00379,2026-03-10,FT-2026-01041,CL-250,distributori,B,2,111.39,222.78
R26-03-00380,2026-03-10,FT-2026-01045,CL-250,distributori,A,4,180.80,723.20
R26-03-00381,2026-03-10,FT-2026-01045,CL-250,distributori,C,1,288.96,288.96
R26-03-00382,2026-03-10,FT-2026-01045,CL-250,distributori,B,1,113.79,113.79
R26-03-00383,2026-03-10,FT-2026-01051,CL-047,diretto,B,3,114.30,342.90
R26-03-00384,2026-03-10,FT-2026-01051,CL-047,diretto,B,1,113.28,113.28
R26-03-00385,2026-03-10,FT-2026-01058,CL-231,distributori,A,1,183.60,183.60
R26-03-00386,2026-03-10,FT-2026-01058,CL-231,distributori,A,1,181.20,181.20
R26-03-00387,2026-03-10,FT-2026-01058,CL-231,distributori,B,3,115.45,346.35
R26-03-00388,2026-03-10,FT-2026-01076,CL-244,distributori,C,1,285.11,285.11
R26-03-00389,2026-03-10,FT-2026-01076,CL-244,distributori,C,1,283.43,283.43
R26-03-00390,2026-03-10,FT-2026-01076,CL-244,distributori,A,2,180.74,361.48
R26-03-00391,2026-03-10,FT-2026-01082,CL-229,distributori,A,2,180.88,361.76
R26-03-00392,2026-03-10,FT-2026-01082,CL-229,distributori,B,2,112.08,224.16
R26-03-00393,2026-03-10,FT-2026-01082,CL-229,distributori,A,2,180.75,361.50
R26-03-00394,2026-03-10,FT-2026-01106,CL-252,distributori,B,1,112.07,112.07
R26-03-00395,2026-03-10,FT-2026-01106,CL-252,distributori,A,1,176.84,176.84
R26-03-00396,2026-03-10,FT-2026-01137,CL-007,diretto,A,2,182.57,365.14
R26-03-00397,2026-03-10,FT-2026-01137,CL-007,diretto,B,2,111.60,223.20
R26-03-00398,2026-03-10,FT-2026-01137,CL-007,diretto,A,3,187.05,561.15
R26-03-00399,2026-03-10,FT-2026-01151,CL-108,diretto,B,1,117.14,117.14
R26-03-00400,2026-03-10,FT-2026-01151,CL-108,diretto,B,1,112.80,112.80
R26-03-00401,2026-03-10,FT-2026-01151,CL-108,diretto,B,1,114.53,114.53
R26-03-00402,2026-03-10,FT-2026-01173,CL-086,diretto,B,1,114.61,114.61
R26-03-00403,2026-03-10,FT-2026-01173,CL-086,diretto,C,1,287.19,287.19
R26-03-00404,2026-03-10,FT-2026-01173,CL-086,diretto,A,1,179.27,179.27
R26-03-00405,2026-03-10,FT-2026-01174,CL-001,diretto,C,1,289.09,289.09
R26-03-00406,2026-03-10,FT-2026-01174,CL-001,diretto,A,3,180.28,540.84
R26-03-00407,2026-03-10,FT-2026-01182,CL-009,diretto,B,1,115.75,115.75
R26-03-00408,2026-03-10,FT-2026-01182,CL-009,diretto,A,2,177.56,355.12
R26-03-00409,2026-03-10,FT-2026-01182,CL-009,diretto,A,1,184.46,184.46
R26-03-00410,2026-03-10,FT-2026-01187,CL-225,distributori,B,1,113.78,113.78
R26-03-00411,2026-03-10,FT-2026-01187,CL-225,distributori,B,1,113.57,113.57
R26-03-00412,2026-03-10,FT-2026-01187,CL-225,distributori,C,1,292.95,292.95
R26-03-00413,2026-03-10,FT-2026-01188,CL-006,diretto,B,2,116.64,233.28
R26-03-00414,2026-03-10,FT-2026-01188,CL-006,diretto,A,1,179.70,179.70
R26-03-00415,2026-03-10,FT-2026-01211,CL-019,diretto,B,2,116.41,232.82
R26-03-00416,2026-03-10,FT-2026-01211,CL-019,diretto,B,1,112.58,112.58
R26-03-00417,2026-03-10,FT-2026-01220,CL-138,diretto,B,1,115.00,115.00
R26-03-00418,2026-03-10,FT-2026-01220,CL-138,diretto,A,1,177.99,177.99
R26-03-00419,2026-03-10,FT-2026-01220,CL-138,diretto,C,1,296.89,296.89
R26-03-00420,2026-03-10,FT-2026-01248,CL-014,diretto,A,2,186.42,372.84
R26-03-00421,2026-03-10,FT-2026-01248,CL-014,diretto,B,1,119.39,119.39
R26-03-00422,2026-03-10,FT-2026-01248,CL-014,diretto,B,2,116.03,232.06
R26-03-00423,2026-03-10,FT-2026-01274,CL-181,diretto,B,1,118.07,118.07
R26-03-00424,2026-03-10,FT-2026-01274,CL-181,diretto,B,2,115.59,231.18
R26-03-00425,2026-03-10,FT-2026-01298,CL-221,distributori,B,1,111.32,111.32
R26-03-00426,2026-03-10,FT-2026-01298,CL-221,distributori,B,3,112.73,338.19
R26-03-00427,2026-03-10,FT-2026-01320,CL-242,distributori,B,2,116.76,233.52
R26-03-00428,2026-03-10,FT-2026-01320,CL-242,distributori,B,1,111.87,111.87
R26-03-00429,2026-03-10,FT-2026-01370,CL-241,distributori,B,1,111.90,111.90
R26-03-00430,2026-03-10,FT-2026-01370,CL-241,distributori,B,2,111.95,223.90
R26-03-00431,2026-03-10,FT-2026-01402,CL-230,distributori,A,1,177.80,177.80
R26-03-00432,2026-03-10,FT-2026-01402,CL-230,distributori,A,1,179.69,179.69
R26-03-00433,2026-03-10,FT-2026-01416,CL-093,diretto,B,1,116.28,116.28
R26-03-00434,2026-03-10,FT-2026-01416,CL-093,diretto,B,1,114.27,114.27
R26-03-00435,2026-03-10,FT-2026-01423,CL-231,distributori,A,1,176.92,176.92
R26-03-00436,2026-03-10,FT-2026-01423,CL-231,distributori,A,1,179.88,179.88
R26-03-00437,2026-03-10,FT-2026-01428,CL-230,distributori,B,1,111.60,111.60
R26-03-00438,2026-03-10,FT-2026-01428,CL-230,distributori,B,1,112.05,112.05
R26-03-00439,2026-03-10,FT-2026-01428,CL-230,distributori,A,1,183.37,183.37
R26-03-00440,2026-03-10,FT-2026-01439,CL-247,distributori,A,1,180.56,180.56
R26-03-00441,2026-03-10,FT-2026-01439,CL-247,distributori,B,1,115.09,115.09
R26-03-00442,2026-03-10,FT-2026-01439,CL-247,distributori,A,1,184.36,184.36
R26-03-00443,2026-03-10,FT-2026-01467,CL-014,diretto,B,1,115.93,115.93
R26-03-00444,2026-03-10,FT-2026-01467,CL-014,diretto,B,1,117.35,117.35
R26-03-00445,2026-03-10,FT-2026-01467,CL-014,diretto,A,1,182.36,182.36
R26-03-00446,2026-03-10,FT-2026-01469,CL-257,distributori,B,1,112.29,112.29
R26-03-00447,2026-03-10,FT-2026-01469,CL-257,distributori,B,2,111.16,222.32
R26-03-00448,2026-03-10,FT-2026-01469,CL-257,distributori,A,1,182.06,182.06
R26-03-00449,2026-03-10,FT-2026-01496,CL-242,distributori,B,2,113.21,226.42
R26-03-00450,2026-03-10,FT-2026-01496,CL-242,distributori,C,1,290.34,290.34
R26-03-00451,2026-03-11,FT-2026-01002,CL-219,distributori,B,2,111.31,222.62
R26-03-00452,2026-03-11,FT-2026-01002,CL-219,distributori,A,1,178.69,178.69
R26-03-00453,2026-03-11,FT-2026-01006,CL-112,diretto,B,1,116.51,116.51
R26-03-00454,2026-03-11,FT-2026-01006,CL-112,diretto,B,2,111.59,223.18
R26-03-00455,2026-03-11,FT-2026-01006,CL-112,diretto,B,2,111.67,223.34
R26-03-00456,2026-03-11,FT-2026-01017,CL-023,diretto,A,4,185.62,742.48
R26-03-00457,2026-03-11,FT-2026-01017,CL-023,diretto,B,1,112.57,112.57
R26-03-00458,2026-03-11,FT-2026-01017,CL-023,diretto,C,1,287.83,287.83
R26-03-00459,2026-03-11,FT-2026-01025,CL-243,distributori,A,1,177.61,177.61
R26-03-00460,2026-03-11,FT-2026-01025,CL-243,distributori,A,4,185.31,741.24
R26-03-00461,2026-03-11,FT-2026-01025,CL-243,distributori,C,1,296.91,296.91
R26-03-00462,2026-03-11,FT-2026-01121,CL-224,distributori,C,2,283.19,566.38
R26-03-00463,2026-03-11,FT-2026-01121,CL-224,distributori,A,1,177.43,177.43
R26-03-00464,2026-03-11,FT-2026-01202,CL-244,distributori,A,1,182.81,182.81
R26-03-00465,2026-03-11,FT-2026-01202,CL-244,distributori,B,2,112.85,225.70
R26-03-00466,2026-03-11,FT-2026-01227,CL-251,distributori,B,2,112.29,224.58
R26-03-00467,2026-03-11,FT-2026-01227,CL-251,distributori,B,1,114.68,114.68
R26-03-00468,2026-03-11,FT-2026-01252,CL-234,distributori,B,1,112.52,112.52
R26-03-00469,2026-03-11,FT-2026-01252,CL-234,distributori,B,1,115.71,115.71
R26-03-00470,2026-03-11,FT-2026-01262,CL-258,distributori,C,1,287.45,287.45
R26-03-00471,2026-03-11,FT-2026-01262,CL-258,distributori,A,1,182.39,182.39
R26-03-00472,2026-03-11,FT-2026-01262,CL-258,distributori,B,2,113.34,226.68
R26-03-00473,2026-03-11,FT-2026-01285,CL-040,diretto,B,1,115.48,115.48
R26-03-00474,2026-03-11,FT-2026-01285,CL-040,diretto,B,1,116.75,116.75
R26-03-00475,2026-03-11,FT-2026-01312,CL-250,distributori,A,1,179.29,179.29
R26-03-00476,2026-03-11,FT-2026-01312,CL-250,distributori,B,1,112.63,112.63
R26-03-00477,2026-03-11,FT-2026-01328,CL-257,distributori,C,3,288.54,865.62
R26-03-00478,2026-03-11,FT-2026-01328,CL-257,distributori,C,2,294.05,588.10
R26-03-00479,2026-03-11,FT-2026-01328,CL-257,distributori,A,1,178.24,178.24
R26-03-00480,2026-03-11,FT-2026-01374,CL-228,distributori,A,4,179.46,717.84
R26-03-00481,2026-03-11,FT-2026-01374,CL-228,distributori,A,1,186.32,186.32
R26-03-00482,2026-03-11,FT-2026-01374,CL-228,distributori,B,1,112.85,112.85
R26-03-00483,2026-03-11,FT-2026-01375,CL-228,distributori,B,1,116.67,116.67
R26-03-00484,2026-03-11,FT-2026-01375,CL-228,distributori,B,1,116.32,116.32
R26-03-00485,2026-03-11,FT-2026-01375,CL-228,distributori,C,1,288.82,288.82
R26-03-00486,2026-03-11,FT-2026-01395,CL-015,diretto,B,1,116.71,116.71
R26-03-00487,2026-03-11,FT-2026-01395,CL-015,diretto,B,1,116.29,116.29
R26-03-00488,2026-03-11,FT-2026-01395,CL-015,diretto,A,1,179.08,179.08
R26-03-00489,2026-03-11,FT-2026-01425,CL-007,diretto,B,1,115.04,115.04
R26-03-00490,2026-03-11,FT-2026-01425,CL-007,diretto,B,2,114.50,229.00
R26-03-00491,2026-03-11,FT-2026-01425,CL-007,diretto,B,3,116.24,348.72
R26-03-00492,2026-03-11,FT-2026-01427,CL-225,distributori,B,2,112.66,225.32
R26-03-00493,2026-03-11,FT-2026-01427,CL-225,distributori,B,3,116.46,349.38
R26-03-00494,2026-03-11,FT-2026-01427,CL-225,distributori,A,1,179.64,179.64
R26-03-00495,2026-03-11,FT-2026-01474,CL-036,diretto,B,1,117.23,117.23
R26-03-00496,2026-03-11,FT-2026-01474,CL-036,diretto,B,1,111.29,111.29
R26-03-00497,2026-03-11,FT-2026-01474,CL-036,diretto,A,2,178.09,356.18
R26-03-00498,2026-03-11,FT-2026-01476,CL-014,diretto,B,1,115.21,115.21
R26-03-00499,2026-03-11,FT-2026-01476,CL-014,diretto,B,2,115.14,230.28
R26-03-00500,2026-03-11,FT-2026-01489,CL-095,diretto,B,2,115.75,231.50
R26-03-00501,2026-03-11,FT-2026-01489,CL-095,diretto,B,3,113.62,340.86
R26-03-00502,2026-03-11,FT-2026-01489,CL-095,diretto,B,2,115.92,231.84
R26-03-00503,2026-03-12,FT-2026-01055,CL-221,distributori,A,3,180.68,542.04
R26-03-00504,2026-03-12,FT-2026-01055,CL-221,distributori,A,1,176.95,176.95
R26-03-00505,2026-03-12,FT-2026-01055,CL-221,distributori,B,1,115.79,115.79
R26-03-00506,2026-03-12,FT-2026-01110,CL-247,distributori,B,3,112.91,338.73
R26-03-00507,2026-03-12,FT-2026-01110,CL-247,distributori,A,3,178.95,536.85
R26-03-00508,2026-03-12,FT-2026-01110,CL-247,distributori,B,1,111.48,111.48
R26-03-00509,2026-03-12,FT-2026-01124,CL-133,diretto,B,1,117.34,117.34
R26-03-00510,2026-03-12,FT-2026-01124,CL-133,diretto,A,1,180.66,180.66
R26-03-00511,2026-03-12,FT-2026-01124,CL-133,diretto,B,3,112.87,338.61
R26-03-00512,2026-03-12,FT-2026-01139,CL-083,diretto,B,2,117.27,234.54
R26-03-00513,2026-03-12,FT-2026-01139,CL-083,diretto,A,2,178.60,357.20
R26-03-00514,2026-03-12,FT-2026-01139,CL-083,diretto,B,1,112.57,112.57
R26-03-00515,2026-03-12,FT-2026-01144,CL-238,distributori,B,1,111.48,111.48
R26-03-00516,2026-03-12,FT-2026-01144,CL-238,distributori,B,1,113.92,113.92
R26-03-00517,2026-03-12,FT-2026-01161,CL-236,distributori,A,3,179.91,539.73
R26-03-00518,2026-03-12,FT-2026-01161,CL-236,distributori,A,1,178.77,178.77
R26-03-00519,2026-03-12,FT-2026-01172,CL-220,distributori,B,1,112.19,112.19
R26-03-00520,2026-03-12,FT-2026-01172,CL-220,distributori,B,1,117.45,117.45
R26-03-00521,2026-03-12,FT-2026-01190,CL-011,diretto,B,1,116.79,116.79
R26-03-00522,2026-03-12,FT-2026-01190,CL-011,diretto,B,2,111.73,223.46
R26-03-00523,2026-03-12,FT-2026-01190,CL-011,diretto,A,3,179.86,539.58
R26-03-00524,2026-03-12,FT-2026-01195,CL-024,diretto,B,1,115.48,115.48
R26-03-00525,2026-03-12,FT-2026-01195,CL-024,diretto,A,1,178.74,178.74
R26-03-00526,2026-03-12,FT-2026-01197,CL-257,distributori,A,1,178.76,178.76
R26-03-00527,2026-03-12,FT-2026-01197,CL-257,distributori,A,5,186.34,931.70
R26-03-00528,2026-03-12,FT-2026-01197,CL-257,distributori,B,2,112.87,225.74
R26-03-00529,2026-03-12,FT-2026-01222,CL-016,diretto,A,1,186.16,186.16
R26-03-00530,2026-03-12,FT-2026-01222,CL-016,diretto,A,1,179.80,179.80
R26-03-00531,2026-03-12,FT-2026-01243,CL-241,distributori,A,1,179.92,179.92
R26-03-00532,2026-03-12,FT-2026-01243,CL-241,distributori,A,1,176.63,176.63
R26-03-00533,2026-03-12,FT-2026-01243,CL-241,distributori,A,1,181.33,181.33
R26-03-00534,2026-03-12,FT-2026-01278,CL-223,distributori,C,1,287.12,287.12
R26-03-00535,2026-03-12,FT-2026-01278,CL-223,distributori,C,1,283.19,283.19
R26-03-00536,2026-03-12,FT-2026-01286,CL-198,diretto,A,1,185.19,185.19
R26-03-00537,2026-03-12,FT-2026-01286,CL-198,diretto,B,2,113.55,227.10
R26-03-00538,2026-03-12,FT-2026-01286,CL-198,diretto,A,1,186.27,186.27
R26-03-00539,2026-03-12,FT-2026-01340,CL-257,distributori,B,1,113.37,113.37
R26-03-00540,2026-03-12,FT-2026-01340,CL-257,distributori,A,2,181.30,362.60
R26-03-00541,2026-03-12,FT-2026-01367,CL-226,distributori,B,4,115.03,460.12
R26-03-00542,2026-03-12,FT-2026-01367,CL-226,distributori,A,1,178.58,178.58
R26-03-00543,2026-03-12,FT-2026-01389,CL-246,distributori,B,1,112.40,112.40
R26-03-00544,2026-03-12,FT-2026-01389,CL-246,distributori,B,1,116.49,116.49
R26-03-00545,2026-03-12,FT-2026-01389,CL-246,distributori,A,1,176.89,176.89
R26-03-00546,2026-03-12,FT-2026-01400,CL-225,distributori,B,1,112.52,112.52
R26-03-00547,2026-03-12,FT-2026-01400,CL-225,distributori,A,2,178.25,356.50
R26-03-00548,2026-03-12,FT-2026-01400,CL-225,distributori,B,2,112.42,224.84
R26-03-00549,2026-03-12,FT-2026-01408,CL-239,distributori,B,1,111.48,111.48
R26-03-00550,2026-03-12,FT-2026-01408,CL-239,distributori,C,2,292.81,585.62
R26-03-00551,2026-03-12,FT-2026-01421,CL-206,diretto,A,1,184.18,184.18
R26-03-00552,2026-03-12,FT-2026-01421,CL-206,diretto,B,1,115.82,115.82
R26-03-00553,2026-03-12,FT-2026-01431,CL-253,distributori,A,1,183.16,183.16
R26-03-00554,2026-03-12,FT-2026-01431,CL-253,distributori,B,2,113.48,226.96
R26-03-00555,2026-03-12,FT-2026-01458,CL-182,diretto,B,1,115.83,115.83
R26-03-00556,2026-03-12,FT-2026-01458,CL-182,diretto,B,1,114.66,114.66
R26-03-00557,2026-03-12,FT-2026-01458,CL-182,diretto,B,2,111.52,223.04
R26-03-00558,2026-03-12,FT-2026-01464,CL-246,distributori,C,1,287.12,287.12
R26-03-00559,2026-03-12,FT-2026-01464,CL-246,distributori,B,1,113.21,113.21
R26-03-00560,2026-03-12,FT-2026-01464,CL-246,distributori,B,2,111.60,223.20
R26-03-00561,2026-03-12,FT-2026-01480,CL-257,distributori,A,1,176.98,176.98
R26-03-00562,2026-03-12,FT-2026-01480,CL-257,distributori,A,1,179.04,179.04
R26-03-00563,2026-03-12,FT-2026-01480,CL-257,distributori,A,1,182.70,182.70
R26-03-00564,2026-03-13,FT-2026-01001,CL-219,distributori,B,1,115.08,115.08
R26-03-00565,2026-03-13,FT-2026-01001,CL-219,distributori,B,1,115.53,115.53
R26-03-00566,2026-03-13,FT-2026-01011,CL-244,distributori,B,2,111.32,222.64
R26-03-00567,2026-03-13,FT-2026-01011,CL-244,distributori,A,2,180.02,360.04
R26-03-00568,2026-03-13,FT-2026-01080,CL-250,distributori,A,2,180.57,361.14
R26-03-00569,2026-03-13,FT-2026-01080,CL-250,distributori,A,2,177.54,355.08
R26-03-00570,2026-03-13,FT-2026-01080,CL-250,distributori,B,3,115.80,347.40
R26-03-00571,2026-03-13,FT-2026-01113,CL-223,distributori,B,2,112.81,225.62
R26-03-00572,2026-03-13,FT-2026-01113,CL-223,distributori,B,4,111.74,446.96
R26-03-00573,2026-03-13,FT-2026-01116,CL-229,distributori,B,2,111.61,223.22
R26-03-00574,2026-03-13,FT-2026-01116,CL-229,distributori,A,1,185.38,185.38
R26-03-00575,2026-03-13,FT-2026-01116,CL-229,distributori,B,1,112.78,112.78
R26-03-00576,2026-03-13,FT-2026-01130,CL-237,distributori,A,3,176.75,530.25
R26-03-00577,2026-03-13,FT-2026-01130,CL-237,distributori,B,1,115.65,115.65
R26-03-00578,2026-03-13,FT-2026-01130,CL-237,distributori,B,1,114.83,114.83
R26-03-00579,2026-03-13,FT-2026-01164,CL-258,distributori,A,1,176.63,176.63
R26-03-00580,2026-03-13,FT-2026-01164,CL-258,distributori,C,1,282.97,282.97
R26-03-00581,2026-03-13,FT-2026-01181,CL-229,distributori,B,1,113.47,113.47
R26-03-00582,2026-03-13,FT-2026-01181,CL-229,distributori,A,2,180.61,361.22
R26-03-00583,2026-03-13,FT-2026-01186,CL-230,distributori,A,1,178.87,178.87
R26-03-00584,2026-03-13,FT-2026-01186,CL-230,distributori,B,1,115.35,115.35
R26-03-00585,2026-03-13,FT-2026-01186,CL-230,distributori,A,2,185.40,370.80
R26-03-00586,2026-03-13,FT-2026-01191,CL-145,diretto,B,3,116.16,348.48
R26-03-00587,2026-03-13,FT-2026-01191,CL-145,diretto,B,1,117.30,117.30
R26-03-00588,2026-03-13,FT-2026-01191,CL-145,diretto,B,1,114.00,114.00
R26-03-00589,2026-03-13,FT-2026-01234,CL-047,diretto,B,2,116.22,232.44
R26-03-00590,2026-03-13,FT-2026-01234,CL-047,diretto,A,2,180.75,361.50
R26-03-00591,2026-03-13,FT-2026-01284,CL-220,distributori,B,1,113.40,113.40
R26-03-00592,2026-03-13,FT-2026-01284,CL-220,distributori,B,2,111.25,222.50
R26-03-00593,2026-03-13,FT-2026-01284,CL-220,distributori,B,1,111.54,111.54
R26-03-00594,2026-03-13,FT-2026-01287,CL-226,distributori,C,1,281.93,281.93
R26-03-00595,2026-03-13,FT-2026-01287,CL-226,distributori,B,1,111.95,111.95
R26-03-00596,2026-03-13,FT-2026-01317,CL-248,distributori,B,1,111.28,111.28
R26-03-00597,2026-03-13,FT-2026-01317,CL-248,distributori,A,1,180.91,180.91
R26-03-00598,2026-03-13,FT-2026-01317,CL-248,distributori,A,1,184.84,184.84
R26-03-00599,2026-03-13,FT-2026-01321,CL-027,diretto,A,2,185.76,371.52
R26-03-00600,2026-03-13,FT-2026-01321,CL-027,diretto,A,1,180.88,180.88
R26-03-00601,2026-03-13,FT-2026-01321,CL-027,diretto,A,1,184.89,184.89
R26-03-00602,2026-03-13,FT-2026-01337,CL-049,diretto,A,1,184.14,184.14
R26-03-00603,2026-03-13,FT-2026-01337,CL-049,diretto,B,1,112.51,112.51
R26-03-00604,2026-03-13,FT-2026-01337,CL-049,diretto,B,1,111.49,111.49
R26-03-00605,2026-03-13,FT-2026-01346,CL-258,distributori,B,1,113.36,113.36
R26-03-00606,2026-03-13,FT-2026-01346,CL-258,distributori,B,1,112.37,112.37
R26-03-00607,2026-03-13,FT-2026-01346,CL-258,distributori,A,1,179.15,179.15
R26-03-00608,2026-03-13,FT-2026-01380,CL-225,distributori,B,3,112.06,336.18
R26-03-00609,2026-03-13,FT-2026-01380,CL-225,distributori,B,2,111.72,223.44
R26-03-00610,2026-03-13,FT-2026-01380,CL-225,distributori,B,1,112.83,112.83
R26-03-00611,2026-03-13,FT-2026-01438,CL-253,distributori,A,1,179.18,179.18
R26-03-00612,2026-03-13,FT-2026-01438,CL-253,distributori,A,2,182.02,364.04
R26-03-00613,2026-03-13,FT-2026-01438,CL-253,distributori,A,2,186.23,372.46
R26-03-00614,2026-03-13,FT-2026-01440,CL-246,distributori,A,3,180.27,540.81
R26-03-00615,2026-03-13,FT-2026-01440,CL-246,distributori,B,1,116.06,116.06
R26-03-00616,2026-03-13,FT-2026-01466,CL-230,distributori,A,1,180.44,180.44
R26-03-00617,2026-03-13,FT-2026-01466,CL-230,distributori,C,1,285.73,285.73
R26-03-00618,2026-03-13,FT-2026-01492,CL-103,diretto,B,2,115.09,230.18
R26-03-00619,2026-03-13,FT-2026-01492,CL-103,diretto,A,1,187.51,187.51
R26-03-00620,2026-03-13,FT-2026-01492,CL-103,diretto,B,4,111.17,444.68
R26-03-00621,2026-03-16,FT-2026-01005,CL-010,diretto,B,2,116.09,232.18
R26-03-00622,2026-03-16,FT-2026-01005,CL-010,diretto,A,1,180.99,180.99
R26-03-00623,2026-03-16,FT-2026-01021,CL-244,distributori,B,2,111.59,223.18
R26-03-00624,2026-03-16,FT-2026-01021,CL-244,distributori,B,3,115.01,345.03
R26-03-00625,2026-03-16,FT-2026-01046,CL-133,diretto,B,2,114.07,228.14
R26-03-00626,2026-03-16,FT-2026-01046,CL-133,diretto,B,1,111.39,111.39
R26-03-00627,2026-03-16,FT-2026-01062,CL-225,distributori,B,2,113.87,227.74
R26-03-00628,2026-03-16,FT-2026-01062,CL-225,distributori,B,1,115.40,115.40
R26-03-00629,2026-03-16,FT-2026-01087,CL-156,diretto,A,1,187.44,187.44
R26-03-00630,2026-03-16,FT-2026-01087,CL-156,diretto,B,1,112.72,112.72
R26-03-00631,2026-03-16,FT-2026-01087,CL-156,diretto,B,1,114.00,114.00
R26-03-00632,2026-03-16,FT-2026-01100,CL-007,diretto,B,1,115.99,115.99
R26-03-00633,2026-03-16,FT-2026-01100,CL-007,diretto,A,1,186.17,186.17
R26-03-00634,2026-03-16,FT-2026-01100,CL-007,diretto,B,1,116.58,116.58
R26-03-00635,2026-03-16,FT-2026-01102,CL-014,diretto,B,3,116.29,348.87
R26-03-00636,2026-03-16,FT-2026-01102,CL-014,diretto,B,1,114.11,114.11
R26-03-00637,2026-03-16,FT-2026-01102,CL-014,diretto,B,1,113.95,113.95
R26-03-00638,2026-03-16,FT-2026-01133,CL-227,distributori,A,2,180.19,360.38
R26-03-00639,2026-03-16,FT-2026-01133,CL-227,distributori,A,1,183.21,183.21
R26-03-00640,2026-03-16,FT-2026-01167,CL-231,distributori,B,1,111.60,111.60
R26-03-00641,2026-03-16,FT-2026-01167,CL-231,distributori,C,1,291.04,291.04
R26-03-00642,2026-03-16,FT-2026-01167,CL-231,distributori,B,3,111.56,334.68
R26-03-00643,2026-03-16,FT-2026-01200,CL-220,distributori,C,2,287.95,575.90
R26-03-00644,2026-03-16,FT-2026-01200,CL-220,distributori,B,1,113.16,113.16
R26-03-00645,2026-03-16,FT-2026-01200,CL-220,distributori,C,1,286.98,286.98
R26-03-00646,2026-03-16,FT-2026-01217,CL-246,distributori,B,2,113.53,227.06
R26-03-00647,2026-03-16,FT-2026-01217,CL-246,distributori,B,2,114.33,228.66
R26-03-00648,2026-03-16,FT-2026-01217,CL-246,distributori,B,1,111.69,111.69
R26-03-00649,2026-03-16,FT-2026-01218,CL-018,diretto,B,-2,114.00,-228.00
R26-03-00650,2026-03-16,FT-2026-01218,CL-018,diretto,B,2,114.90,229.80
R26-03-00651,2026-03-16,FT-2026-01218,CL-018,diretto,B,4,116.18,464.72
R26-03-00652,2026-03-16,FT-2026-01254,CL-225,distributori,B,1,113.94,113.94
R26-03-00653,2026-03-16,FT-2026-01254,CL-225,distributori,B,1,117.06,117.06
R26-03-00654,2026-03-16,FT-2026-01254,CL-225,distributori,C,1,291.33,291.33
R26-03-00655,2026-03-16,FT-2026-01306,CL-253,distributori,C,2,284.80,569.60
R26-03-00656,2026-03-16,FT-2026-01306,CL-253,distributori,B,2,117.33,234.66
R26-03-00657,2026-03-16,FT-2026-01306,CL-253,distributori,B,2,116.25,232.50
R26-03-00658,2026-03-16,FT-2026-01309,CL-238,distributori,B,1,112.00,112.00
R26-03-00659,2026-03-16,FT-2026-01309,CL-238,distributori,B,4,117.16,468.64
R26-03-00660,2026-03-16,FT-2026-01309,CL-238,distributori,B,2,113.25,226.50
R26-03-00661,2026-03-16,FT-2026-01314,CL-233,distributori,A,1,176.58,176.58
R26-03-00662,2026-03-16,FT-2026-01314,CL-233,distributori,B,2,112.06,224.12
R26-03-00663,2026-03-16,FT-2026-01336,CL-027,diretto,C,1,294.05,294.05
R26-03-00664,2026-03-16,FT-2026-01336,CL-027,diretto,A,2,179.99,359.98
R26-03-00665,2026-03-16,FT-2026-01336,CL-027,diretto,C,3,284.77,854.31
R26-03-00666,2026-03-16,FT-2026-01352,CL-245,distributori,B,1,111.45,111.45
R26-03-00667,2026-03-16,FT-2026-01352,CL-245,distributori,A,1,179.03,179.03
R26-03-00668,2026-03-16,FT-2026-01352,CL-245,distributori,A,2,182.44,364.88
R26-03-00669,2026-03-16,FT-2026-01372,CL-220,distributori,A,2,186.79,373.58
R26-03-00670,2026-03-16,FT-2026-01372,CL-220,distributori,A,1,186.15,186.15
R26-03-00671,2026-03-16,FT-2026-01376,CL-256,distributori,A,1,185.07,185.07
R26-03-00672,2026-03-16,FT-2026-01376,CL-256,distributori,B,3,115.55,346.65
R26-03-00673,2026-03-16,FT-2026-01376,CL-256,distributori,B,2,115.63,231.26
R26-03-00674,2026-03-16,FT-2026-01391,CL-237,distributori,B,1,113.75,113.75
R26-03-00675,2026-03-16,FT-2026-01391,CL-237,distributori,B,3,113.44,340.32
R26-03-00676,2026-03-16,FT-2026-01414,CL-034,diretto,A,1,183.90,183.90
R26-03-00677,2026-03-16,FT-2026-01414,CL-034,diretto,B,1,114.02,114.02
R26-03-00678,2026-03-16,FT-2026-01414,CL-034,diretto,B,1,115.33,115.33
R26-03-00679,2026-03-16,FT-2026-01418,CL-063,diretto,B,1,117.15,117.15
R26-03-00680,2026-03-16,FT-2026-01418,CL-063,diretto,A,1,181.69,181.69
R26-03-00681,2026-03-16,FT-2026-01420,CL-121,diretto,B,1,118.93,118.93
R26-03-00682,2026-03-16,FT-2026-01420,CL-121,diretto,B,1,111.77,111.77
R26-03-00683,2026-03-16,FT-2026-01420,CL-121,diretto,B,1,111.67,111.67
R26-03-00684,2026-03-16,FT-2026-01470,CL-019,diretto,A,1,182.72,182.72
R26-03-00685,2026-03-16,FT-2026-01470,CL-019,diretto,B,1,111.85,111.85
R26-03-00686,2026-03-16,FT-2026-01470,CL-019,diretto,A,1,177.72,177.72
R26-03-00687,2026-03-16,FT-2026-01481,CL-026,diretto,B,2,114.94,229.88
R26-03-00688,2026-03-16,FT-2026-01481,CL-026,diretto,B,1,114.88,114.88
R26-03-00689,2026-03-17,FT-2026-01018,CL-250,distributori,A,2,183.46,366.92
R26-03-00690,2026-03-17,FT-2026-01018,CL-250,distributori,B,3,113.53,340.59
R26-03-00691,2026-03-17,FT-2026-01018,CL-250,distributori,B,1,111.41,111.41
R26-03-00692,2026-03-17,FT-2026-01027,CL-221,distributori,B,4,112.65,450.60
R26-03-00693,2026-03-17,FT-2026-01027,CL-221,distributori,B,1,112.85,112.85
R26-03-00694,2026-03-17,FT-2026-01027,CL-221,distributori,A,1,176.57,176.57
R26-03-00695,2026-03-17,FT-2026-01053,CL-257,distributori,B,2,112.62,225.24
R26-03-00696,2026-03-17,FT-2026-01053,CL-257,distributori,A,1,182.74,182.74
R26-03-00697,2026-03-17,FT-2026-01053,CL-257,distributori,B,1,114.46,114.46
R26-03-00698,2026-03-17,FT-2026-01129,CL-010,diretto,A,1,185.71,185.71
R26-03-00699,2026-03-17,FT-2026-01129,CL-010,diretto,B,2,113.13,226.26
R26-03-00700,2026-03-17,FT-2026-01129,CL-010,diretto,B,2,112.35,224.70
R26-03-00701,2026-03-17,FT-2026-01156,CL-243,distributori,B,3,111.22,333.66
R26-03-00702,2026-03-17,FT-2026-01156,CL-243,distributori,B,1,113.00,113.00
R26-03-00703,2026-03-17,FT-2026-01156,CL-243,distributori,B,2,116.11,232.22
R26-03-00704,2026-03-17,FT-2026-01213,CL-255,distributori,B,1,113.56,113.56
R26-03-00705,2026-03-17,FT-2026-01213,CL-255,distributori,A,1,180.94,180.94
R26-03-00706,2026-03-17,FT-2026-01213,CL-255,distributori,B,3,114.10,342.30
R26-03-00707,2026-03-17,FT-2026-01224,CL-241,distributori,A,2,181.01,362.02
R26-03-00708,2026-03-17,FT-2026-01224,CL-241,distributori,A,2,178.11,356.22
R26-03-00709,2026-03-17,FT-2026-01224,CL-241,distributori,C,1,289.08,289.08
R26-03-00710,2026-03-17,FT-2026-01235,CL-034,diretto,B,1,118.56,118.56
R26-03-00711,2026-03-17,FT-2026-01235,CL-034,diretto,A,1,183.36,183.36
R26-03-00712,2026-03-17,FT-2026-01235,CL-034,diretto,B,2,113.61,227.22
R26-03-00713,2026-03-17,FT-2026-01258,CL-062,diretto,B,1,117.29,117.29
R26-03-00714,2026-03-17,FT-2026-01258,CL-062,diretto,C,1,287.63,287.63
R26-03-00715,2026-03-17,FT-2026-01258,CL-062,diretto,B,1,116.98,116.98
R26-03-00716,2026-03-17,FT-2026-01267,CL-242,distributori,B,1,112.26,112.26
R26-03-00717,2026-03-17,FT-2026-01267,CL-242,distributori,B,2,115.50,231.00
R26-03-00718,2026-03-17,FT-2026-01303,CL-231,distributori,B,1,111.26,111.26
R26-03-00719,2026-03-17,FT-2026-01303,CL-231,distributori,B,1,112.42,112.42
R26-03-00720,2026-03-17,FT-2026-01342,CL-035,diretto,B,1,117.17,117.17
R26-03-00721,2026-03-17,FT-2026-01342,CL-035,diretto,A,1,180.91,180.91
R26-03-00722,2026-03-17,FT-2026-01343,CL-227,distributori,B,1,113.44,113.44
R26-03-00723,2026-03-17,FT-2026-01343,CL-227,distributori,A,1,184.91,184.91
R26-03-00724,2026-03-17,FT-2026-01345,CL-014,diretto,B,2,116.61,233.22
R26-03-00725,2026-03-17,FT-2026-01345,CL-014,diretto,B,1,112.75,112.75
R26-03-00726,2026-03-17,FT-2026-01363,CL-258,distributori,A,2,180.58,361.16
R26-03-00727,2026-03-17,FT-2026-01363,CL-258,distributori,B,1,117.70,117.70
R26-03-00728,2026-03-17,FT-2026-01364,CL-226,distributori,A,2,177.77,355.54
R26-03-00729,2026-03-17,FT-2026-01364,CL-226,distributori,A,1,179.96,179.96
R26-03-00730,2026-03-17,FT-2026-01364,CL-226,distributori,B,1,113.52,113.52
R26-03-00731,2026-03-17,FT-2026-01384,CL-232,distributori,A,1,178.07,178.07
R26-03-00732,2026-03-17,FT-2026-01384,CL-232,distributori,A,2,179.17,358.34
R26-03-00733,2026-03-17,FT-2026-01384,CL-232,distributori,A,1,179.13,179.13
R26-03-00734,2026-03-17,FT-2026-01398,CL-247,distributori,A,1,179.16,179.16
R26-03-00735,2026-03-17,FT-2026-01398,CL-247,distributori,C,2,294.14,588.28
R26-03-00736,2026-03-17,FT-2026-01398,CL-247,distributori,B,1,119.03,119.03
R26-03-00737,2026-03-17,FT-2026-01412,CL-241,distributori,A,2,178.83,357.66
R26-03-00738,2026-03-17,FT-2026-01412,CL-241,distributori,A,1,176.62,176.62
R26-03-00739,2026-03-17,FT-2026-01445,CL-252,distributori,B,1,111.79,111.79
R26-03-00740,2026-03-17,FT-2026-01445,CL-252,distributori,C,1,282.38,282.38
R26-03-00741,2026-03-17,FT-2026-01445,CL-252,distributori,B,2,113.43,226.86
R26-03-00742,2026-03-17,FT-2026-01448,CL-014,diretto,B,1,116.19,116.19
R26-03-00743,2026-03-17,FT-2026-01448,CL-014,diretto,B,2,114.34,228.68
R26-03-00744,2026-03-17,FT-2026-01448,CL-014,diretto,B,1,113.25,113.25
R26-03-00745,2026-03-17,FT-2026-01475,CL-242,distributori,B,2,113.77,227.54
R26-03-00746,2026-03-17,FT-2026-01475,CL-242,distributori,A,1,179.20,179.20
R26-03-00747,2026-03-17,FT-2026-01475,CL-242,distributori,A,1,185.10,185.10
R26-03-00748,2026-03-17,FT-2026-01488,CL-225,distributori,C,2,286.71,573.42
R26-03-00749,2026-03-17,FT-2026-01488,CL-225,distributori,C,2,282.88,565.76
R26-03-00750,2026-03-17,FT-2026-01490,CL-251,distributori,A,2,179.50,359.00
R26-03-00751,2026-03-17,FT-2026-01490,CL-251,distributori,B,2,116.83,233.66
R26-03-00752,2026-03-17,FT-2026-01490,CL-251,distributori,B,1,113.67,113.67
R26-03-00753,2026-03-17,FT-2026-01491,CL-226,distributori,C,1,283.49,283.49
R26-03-00754,2026-03-17,FT-2026-01491,CL-226,distributori,B,1,111.89,111.89
R26-03-00755,2026-03-18,FT-2026-01038,CL-012,diretto,A,2,183.23,366.46
R26-03-00756,2026-03-18,FT-2026-01038,CL-012,diretto,B,1,114.99,114.99
R26-03-00757,2026-03-18,FT-2026-01038,CL-012,diretto,B,1,112.32,112.32
R26-03-00758,2026-03-18,FT-2026-01054,CL-244,distributori,C,1,283.91,283.91
R26-03-00759,2026-03-18,FT-2026-01054,CL-244,distributori,A,1,180.14,180.14
R26-03-00760,2026-03-18,FT-2026-01163,CL-220,distributori,C,2,283.95,567.90
R26-03-00761,2026-03-18,FT-2026-01163,CL-220,distributori,A,2,178.84,357.68
R26-03-00762,2026-03-18,FT-2026-01163,CL-220,distributori,B,1,116.32,116.32
R26-03-00763,2026-03-18,FT-2026-01193,CL-145,diretto,B,2,117.49,234.98
R26-03-00764,2026-03-18,FT-2026-01193,CL-145,diretto,A,1,183.95,183.95
R26-03-00765,2026-03-18,FT-2026-01193,CL-145,diretto,C,2,290.12,580.24
R26-03-00766,2026-03-18,FT-2026-01203,CL-220,distributori,B,1,111.55,111.55
R26-03-00767,2026-03-18,FT-2026-01203,CL-220,distributori,B,1,112.33,112.33
R26-03-00768,2026-03-18,FT-2026-01247,CL-246,distributori,A,3,176.62,529.86
R26-03-00769,2026-03-18,FT-2026-01247,CL-246,distributori,B,1,115.20,115.20
R26-03-00770,2026-03-18,FT-2026-01247,CL-246,distributori,A,1,191.34,191.34
R26-03-00771,2026-03-18,FT-2026-01280,CL-240,distributori,B,1,112.05,112.05
R26-03-00772,2026-03-18,FT-2026-01280,CL-240,distributori,B,2,111.90,223.80
R26-03-00773,2026-03-18,FT-2026-01280,CL-240,distributori,B,3,111.26,333.78
R26-03-00774,2026-03-18,FT-2026-01288,CL-040,diretto,B,1,116.19,116.19
R26-03-00775,2026-03-18,FT-2026-01288,CL-040,diretto,B,1,116.92,116.92
R26-03-00776,2026-03-18,FT-2026-01288,CL-040,diretto,B,2,111.53,223.06
R26-03-00777,2026-03-18,FT-2026-01289,CL-038,diretto,B,1,115.10,115.10
R26-03-00778,2026-03-18,FT-2026-01289,CL-038,diretto,B,1,116.84,116.84
R26-03-00779,2026-03-18,FT-2026-01289,CL-038,diretto,A,1,183.72,183.72
R26-03-00780,2026-03-18,FT-2026-01302,CL-032,diretto,A,1,181.56,181.56
R26-03-00781,2026-03-18,FT-2026-01302,CL-032,diretto,A,1,181.83,181.83
R26-03-00782,2026-03-18,FT-2026-01302,CL-032,diretto,A,1,183.58,183.58
R26-03-00783,2026-03-18,FT-2026-01344,CL-248,distributori,A,2,180.40,360.80
R26-03-00784,2026-03-18,FT-2026-01344,CL-248,distributori,B,5,111.49,557.45
R26-03-00785,2026-03-18,FT-2026-01344,CL-248,distributori,A,2,182.01,364.02
R26-03-00786,2026-03-18,FT-2026-01348,CL-222,distributori,A,1,176.97,176.97
R26-03-00787,2026-03-18,FT-2026-01348,CL-222,distributori,B,2,115.58,231.16
R26-03-00788,2026-03-18,FT-2026-01387,CL-229,distributori,B,1,111.78,111.78
R26-03-00789,2026-03-18,FT-2026-01387,CL-229,distributori,C,1,300.04,300.04
R26-03-00790,2026-03-18,FT-2026-01435,CL-036,diretto,A,2,186.02,372.04
R26-03-00791,2026-03-18,FT-2026-01435,CL-036,diretto,B,1,112.16,112.16
R26-03-00792,2026-03-18,FT-2026-01494,CL-248,distributori,B,1,112.32,112.32
R26-03-00793,2026-03-18,FT-2026-01494,CL-248,distributori,B,1,111.42,111.42
R26-03-00794,2026-03-18,FT-2026-01494,CL-248,distributori,C,1,286.13,286.13
R26-03-00795,2026-03-18,FT-2026-01504,CL-240,distributori,B,1,113.46,113.46
R26-03-00796,2026-03-18,FT-2026-01504,CL-240,distributori,B,2,113.64,227.28
R26-03-00797,2026-03-18,FT-2026-01504,CL-240,distributori,B,1,117.17,117.17
R26-03-00798,2026-03-19,FT-2026-01031,CL-027,diretto,B,2,115.50,231.00
R26-03-00799,2026-03-19,FT-2026-01031,CL-027,diretto,B,1,113.03,113.03
R26-03-00800,2026-03-19,FT-2026-01031,CL-027,diretto,A,1,184.49,184.49
R26-03-00801,2026-03-19,FT-2026-01096,CL-238,distributori,B,2,113.64,227.28
R26-03-00802,2026-03-19,FT-2026-01096,CL-238,distributori,B,1,112.10,112.10
R26-03-00803,2026-03-19,FT-2026-01096,CL-238,distributori,B,1,119.94,119.94
R26-03-00804,2026-03-19,FT-2026-01119,CL-039,diretto,B,1,118.87,118.87
R26-03-00805,2026-03-19,FT-2026-01119,CL-039,diretto,A,2,180.25,360.50
R26-03-00806,2026-03-19,FT-2026-01119,CL-039,diretto,B,1,117.24,117.24
R26-03-00807,2026-03-19,FT-2026-01153,CL-183,diretto,B,1,117.04,117.04
R26-03-00808,2026-03-19,FT-2026-01153,CL-183,diretto,B,2,113.41,226.82
R26-03-00809,2026-03-19,FT-2026-01153,CL-183,diretto,A,1,185.05,185.05
R26-03-00810,2026-03-19,FT-2026-01154,CL-241,distributori,B,2,111.64,223.28
R26-03-00811,2026-03-19,FT-2026-01154,CL-241,distributori,A,1,185.49,185.49
R26-03-00812,2026-03-19,FT-2026-01177,CL-252,distributori,A,2,179.35,358.70
R26-03-00813,2026-03-19,FT-2026-01177,CL-252,distributori,A,2,184.86,369.72
R26-03-00814,2026-03-19,FT-2026-01177,CL-252,distributori,C,1,289.59,289.59
R26-03-00815,2026-03-19,FT-2026-01178,CL-229,distributori,C,1,283.09,283.09
R26-03-00816,2026-03-19,FT-2026-01178,CL-229,distributori,B,1,111.32,111.32
R26-03-00817,2026-03-19,FT-2026-01229,CL-246,distributori,B,1,112.25,112.25
R26-03-00818,2026-03-19,FT-2026-01229,CL-246,distributori,B,1,115.12,115.12
R26-03-00819,2026-03-19,FT-2026-01229,CL-246,distributori,B,3,116.51,349.53
R26-03-00820,2026-03-19,FT-2026-01257,CL-221,distributori,A,1,180.75,180.75
R26-03-00821,2026-03-19,FT-2026-01257,CL-221,distributori,A,1,177.82,177.82
R26-03-00822,2026-03-19,FT-2026-01257,CL-221,distributori,B,1,113.46,113.46
R26-03-00823,2026-03-19,FT-2026-01268,CL-014,diretto,A,2,184.60,369.20
R26-03-00824,2026-03-19,FT-2026-01268,CL-014,diretto,B,1,111.33,111.33
R26-03-00825,2026-03-19,FT-2026-01283,CL-250,distributori,B,1,112.10,112.10
R26-03-00826,2026-03-19,FT-2026-01283,CL-250,distributori,B,1,112.21,112.21
R26-03-00827,2026-03-19,FT-2026-01291,CL-234,distributori,B,2,112.68,225.36
R26-03-00828,2026-03-19,FT-2026-01291,CL-234,distributori,B,3,113.50,340.50
R26-03-00829,2026-03-19,FT-2026-01291,CL-234,distributori,B,1,113.55,113.55
R26-03-00830,2026-03-19,FT-2026-01301,CL-033,diretto,B,1,115.30,115.30
R26-03-00831,2026-03-19,FT-2026-01301,CL-033,diretto,B,1,116.43,116.43
R26-03-00832,2026-03-19,FT-2026-01301,CL-033,diretto,A,1,182.57,182.57
R26-03-00833,2026-03-19,FT-2026-01315,CL-226,distributori,B,1,112.78,112.78
R26-03-00834,2026-03-19,FT-2026-01315,CL-226,distributori,A,1,177.71,177.71
R26-03-00835,2026-03-19,FT-2026-01315,CL-226,distributori,A,2,188.30,376.60
R26-03-00836,2026-03-19,FT-2026-01333,CL-257,distributori,A,3,177.08,531.24
R26-03-00837,2026-03-19,FT-2026-01333,CL-257,distributori,B,3,114.55,343.65
R26-03-00838,2026-03-19,FT-2026-01333,CL-257,distributori,B,1,112.13,112.13
R26-03-00839,2026-03-19,FT-2026-01350,CL-258,distributori,A,2,180.12,360.24
R26-03-00840,2026-03-19,FT-2026-01350,CL-258,distributori,B,1,112.06,112.06
R26-03-00841,2026-03-19,FT-2026-01417,CL-138,diretto,B,3,114.79,344.37
R26-03-00842,2026-03-19,FT-2026-01417,CL-138,diretto,B,1,116.49,116.49
R26-03-00843,2026-03-19,FT-2026-01434,CL-248,distributori,B,1,112.11,112.11
R26-03-00844,2026-03-19,FT-2026-01434,CL-248,distributori,B,1,116.48,116.48
R26-03-00845,2026-03-19,FT-2026-01434,CL-248,distributori,B,1,112.55,112.55
R26-03-00846,2026-03-19,FT-2026-01462,CL-010,diretto,B,1,114.00,114.00
R26-03-00847,2026-03-19,FT-2026-01462,CL-010,diretto,A,1,180.07,180.07
R26-03-00848,2026-03-19,FT-2026-01462,CL-010,diretto,B,1,111.79,111.79
R26-03-00849,2026-03-19,FT-2026-01479,CL-229,distributori,C,1,290.48,290.48
R26-03-00850,2026-03-19,FT-2026-01479,CL-229,distributori,B,1,113.34,113.34
R26-03-00851,2026-03-19,FT-2026-01479,CL-229,distributori,B,2,111.83,223.66
R26-03-00852,2026-03-19,FT-2026-01498,CL-246,distributori,B,1,112.63,112.63
R26-03-00853,2026-03-19,FT-2026-01498,CL-246,distributori,B,1,116.68,116.68
R26-03-00854,2026-03-19,FT-2026-01500,CL-219,distributori,B,1,112.98,112.98
R26-03-00855,2026-03-19,FT-2026-01500,CL-219,distributori,B,1,112.83,112.83
R26-03-00856,2026-03-20,FT-2026-01007,CL-246,distributori,B,2,113.55,227.10
R26-03-00857,2026-03-20,FT-2026-01007,CL-246,distributori,B,2,112.11,224.22
R26-03-00858,2026-03-20,FT-2026-01007,CL-246,distributori,A,1,178.73,178.73
R26-03-00859,2026-03-20,FT-2026-01016,CL-014,diretto,A,1,186.45,186.45
R26-03-00860,2026-03-20,FT-2026-01016,CL-014,diretto,B,3,113.29,339.87
R26-03-00861,2026-03-20,FT-2026-01034,CL-243,distributori,A,2,183.17,366.34
R26-03-00862,2026-03-20,FT-2026-01034,CL-243,distributori,A,1,181.00,181.00
R26-03-00863,2026-03-20,FT-2026-01034,CL-243,distributori,B,1,113.56,113.56
R26-03-00864,2026-03-20,FT-2026-01040,CL-019,diretto,C,1,290.53,290.53
R26-03-00865,2026-03-20,FT-2026-01040,CL-019,diretto,A,1,182.67,182.67
R26-03-00866,2026-03-20,FT-2026-01067,CL-248,distributori,B,2,112.55,225.10
R26-03-00867,2026-03-20,FT-2026-01067,CL-248,distributori,A,1,178.59,178.59
R26-03-00868,2026-03-20,FT-2026-01071,CL-244,distributori,B,1,115.99,115.99
R26-03-00869,2026-03-20,FT-2026-01071,CL-244,distributori,B,1,113.25,113.25
R26-03-00870,2026-03-20,FT-2026-01078,CL-241,distributori,B,1,111.52,111.52
R26-03-00871,2026-03-20,FT-2026-01078,CL-241,distributori,B,2,112.24,224.48
R26-03-00872,2026-03-20,FT-2026-01078,CL-241,distributori,B,1,116.64,116.64
R26-03-00873,2026-03-20,FT-2026-01088,CL-013,diretto,B,1,115.49,115.49
R26-03-00874,2026-03-20,FT-2026-01088,CL-013,diretto,A,1,176.98,176.98
R26-03-00875,2026-03-20,FT-2026-01088,CL-013,diretto,A,1,177.02,177.02
R26-03-00876,2026-03-20,FT-2026-01105,CL-015,diretto,B,2,117.20,234.40
R26-03-00877,2026-03-20,FT-2026-01105,CL-015,diretto,C,1,290.26,290.26
R26-03-00878,2026-03-20,FT-2026-01141,CL-221,distributori,B,2,111.84,223.68
R26-03-00879,2026-03-20,FT-2026-01141,CL-221,distributori,B,1,112.59,112.59
R26-03-00880,2026-03-20,FT-2026-01157,CL-251,distributori,C,1,287.02,287.02
R26-03-00881,2026-03-20,FT-2026-01157,CL-251,distributori,C,2,283.92,567.84
R26-03-00882,2026-03-20,FT-2026-01157,CL-251,distributori,A,2,178.43,356.86
R26-03-00883,2026-03-20,FT-2026-01170,CL-236,distributori,A,1,180.18,180.18
R26-03-00884,2026-03-20,FT-2026-01170,CL-236,distributori,A,1,185.17,185.17
R26-03-00885,2026-03-20,FT-2026-01170,CL-236,distributori,A,2,179.00,358.00
R26-03-00886,2026-03-20,FT-2026-01198,CL-219,distributori,B,1,114.58,114.58
R26-03-00887,2026-03-20,FT-2026-01198,CL-219,distributori,C,2,288.28,576.56
R26-03-00888,2026-03-20,FT-2026-01198,CL-219,distributori,A,1,178.09,178.09
R26-03-00889,2026-03-20,FT-2026-01219,CL-025,diretto,A,1,184.45,184.45
R26-03-00890,2026-03-20,FT-2026-01219,CL-025,diretto,B,2,116.98,233.96
R26-03-00891,2026-03-20,FT-2026-01231,CL-035,diretto,B,3,119.39,358.17
R26-03-00892,2026-03-20,FT-2026-01231,CL-035,diretto,B,1,115.58,115.58
R26-03-00893,2026-03-20,FT-2026-01236,CL-225,distributori,B,2,111.26,222.52
R26-03-00894,2026-03-20,FT-2026-01236,CL-225,distributori,B,1,113.56,113.56
R26-03-00895,2026-03-20,FT-2026-01236,CL-225,distributori,C,1,295.28,295.28
R26-03-00896,2026-03-20,FT-2026-01237,CL-243,distributori,B,1,113.14,113.14
R26-03-00897,2026-03-20,FT-2026-01237,CL-243,distributori,B,1,112.10,112.10
R26-03-00898,2026-03-20,FT-2026-01242,CL-249,distributori,A,2,178.15,356.30
R26-03-00899,2026-03-20,FT-2026-01242,CL-249,distributori,A,2,176.94,353.88
R26-03-00900,2026-03-20,FT-2026-01244,CL-220,distributori,A,2,180.52,361.04
R26-03-00901,2026-03-20,FT-2026-01244,CL-220,distributori,A,2,185.80,371.60
R26-03-00902,2026-03-20,FT-2026-01244,CL-220,distributori,C,2,284.65,569.30
R26-03-00903,2026-03-20,FT-2026-01299,CL-126,diretto,B,1,115.19,115.19
R26-03-00904,2026-03-20,FT-2026-01299,CL-126,diretto,A,1,185.19,185.19
R26-03-00905,2026-03-20,FT-2026-01332,CL-231,distributori,A,1,178.37,178.37
R26-03-00906,2026-03-20,FT-2026-01332,CL-231,distributori,B,1,117.39,117.39
R26-03-00907,2026-03-20,FT-2026-01332,CL-231,distributori,B,2,111.22,222.44
R26-03-00908,2026-03-20,FT-2026-01406,CL-234,distributori,C,1,288.01,288.01
R26-03-00909,2026-03-20,FT-2026-01406,CL-234,distributori,B,2,115.60,231.20
R26-03-00910,2026-03-20,FT-2026-01406,CL-234,distributori,A,2,180.71,361.42
R26-03-00911,2026-03-20,FT-2026-01437,CL-232,distributori,B,1,112.02,112.02
R26-03-00912,2026-03-20,FT-2026-01437,CL-232,distributori,B,1,115.20,115.20
R26-03-00913,2026-03-20,FT-2026-01437,CL-232,distributori,B,2,112.93,225.86
R26-03-00914,2026-03-20,FT-2026-01450,CL-227,distributori,B,1,113.78,113.78
R26-03-00915,2026-03-20,FT-2026-01450,CL-227,distributori,A,2,182.28,364.56
R26-03-00916,2026-03-20,FT-2026-01450,CL-227,distributori,A,1,177.49,177.49
R26-03-00917,2026-03-20,FT-2026-01455,CL-226,distributori,B,1,111.68,111.68
R26-03-00918,2026-03-20,FT-2026-01455,CL-226,distributori,B,2,113.62,227.24
R26-03-00919,2026-03-20,FT-2026-01455,CL-226,distributori,B,1,112.80,112.80
R26-03-00920,2026-03-23,FT-2026-01013,CL-234,distributori,A,1,179.52,179.52
R26-03-00921,2026-03-23,FT-2026-01013,CL-234,distributori,B,1,115.60,115.60
R26-03-00922,2026-03-23,FT-2026-01013,CL-234,distributori,B,1,111.25,111.25
R26-03-00923,2026-03-23,FT-2026-01028,CL-028,diretto,B,2,115.64,231.28
R26-03-00924,2026-03-23,FT-2026-01028,CL-028,diretto,B,1,111.54,111.54
R26-03-00925,2026-03-23,FT-2026-01028,CL-028,diretto,B,1,112.83,112.83
R26-03-00926,2026-03-23,FT-2026-01057,CL-033,diretto,A,1,181.89,181.89
R26-03-00927,2026-03-23,FT-2026-01057,CL-033,diretto,B,1,115.55,115.55
R26-03-00928,2026-03-23,FT-2026-01060,CL-180,diretto,C,2,293.23,586.46
R26-03-00929,2026-03-23,FT-2026-01060,CL-180,diretto,C,1,288.47,288.47
R26-03-00930,2026-03-23,FT-2026-01060,CL-180,diretto,A,1,176.73,176.73
R26-03-00931,2026-03-23,FT-2026-01073,CL-233,distributori,A,1,180.08,180.08
R26-03-00932,2026-03-23,FT-2026-01073,CL-233,distributori,B,1,114.41,114.41
R26-03-00933,2026-03-23,FT-2026-01074,CL-104,diretto,A,1,183.26,183.26
R26-03-00934,2026-03-23,FT-2026-01074,CL-104,diretto,B,1,111.63,111.63
R26-03-00935,2026-03-23,FT-2026-01097,CL-220,distributori,C,1,283.29,283.29
R26-03-00936,2026-03-23,FT-2026-01097,CL-220,distributori,A,1,178.41,178.41
R26-03-00937,2026-03-23,FT-2026-01097,CL-220,distributori,B,2,115.62,231.24
R26-03-00938,2026-03-23,FT-2026-01158,CL-014,diretto,A,1,185.08,185.08
R26-03-00939,2026-03-23,FT-2026-01158,CL-014,diretto,B,1,111.75,111.75
R26-03-00940,2026-03-23,FT-2026-01158,CL-014,diretto,A,1,184.37,184.37
R26-03-00941,2026-03-23,FT-2026-01223,CL-010,diretto,A,1,183.00,183.00
R26-03-00942,2026-03-23,FT-2026-01223,CL-010,diretto,B,1,112.40,112.40
R26-03-00943,2026-03-23,FT-2026-01233,CL-232,distributori,C,2,287.42,574.84
R26-03-00944,2026-03-23,FT-2026-01233,CL-232,distributori,B,3,117.22,351.66
R26-03-00945,2026-03-23,FT-2026-01233,CL-232,distributori,A,1,188.96,188.96
R26-03-00946,2026-03-23,FT-2026-01246,CL-229,distributori,A,1,180.65,180.65
R26-03-00947,2026-03-23,FT-2026-01246,CL-229,distributori,A,1,186.24,186.24
R26-03-00948,2026-03-23,FT-2026-01256,CL-151,diretto,A,3,186.14,558.42
R26-03-00949,2026-03-23,FT-2026-01256,CL-151,diretto,B,1,114.31,114.31
R26-03-00950,2026-03-23,FT-2026-01290,CL-241,distributori,C,1,287.79,287.79
R26-03-00951,2026-03-23,FT-2026-01290,CL-241,distributori,B,1,113.29,113.29
R26-03-00952,2026-03-23,FT-2026-01292,CL-238,distributori,B,1,112.98,112.98
R26-03-00953,2026-03-23,FT-2026-01292,CL-238,distributori,C,2,297.43,594.86
R26-03-00954,2026-03-23,FT-2026-01322,CL-251,distributori,B,1,114.61,114.61
R26-03-00955,2026-03-23,FT-2026-01322,CL-251,distributori,B,3,114.72,344.16
R26-03-00956,2026-03-23,FT-2026-01386,CL-240,distributori,A,1,178.04,178.04
R26-03-00957,2026-03-23,FT-2026-01386,CL-240,distributori,B,1,113.05,113.05
R26-03-00958,2026-03-23,FT-2026-01386,CL-240,distributori,A,2,183.01,366.02
R26-03-00959,2026-03-23,FT-2026-01410,CL-068,diretto,A,1,184.97,184.97
R26-03-00960,2026-03-23,FT-2026-01410,CL-068,diretto,B,1,113.87,113.87
R26-03-00961,2026-03-23,FT-2026-01410,CL-068,diretto,A,1,185.80,185.80
R26-03-00962,2026-03-23,FT-2026-01452,CL-164,diretto,B,2,115.30,230.60
R26-03-00963,2026-03-23,FT-2026-01452,CL-164,diretto,A,1,182.48,182.48
R26-03-00964,2026-03-23,FT-2026-01456,CL-226,distributori,C,1,284.90,284.90
R26-03-00965,2026-03-23,FT-2026-01456,CL-226,distributori,B,1,111.91,111.91
R26-03-00966,2026-03-23,FT-2026-01456,CL-226,distributori,B,1,113.35,113.35
R26-03-00967,2026-03-23,FT-2026-01482,CL-250,distributori,A,1,179.49,179.49
R26-03-00968,2026-03-23,FT-2026-01482,CL-250,distributori,A,1,184.88,184.88
R26-03-00969,2026-03-23,FT-2026-01482,CL-250,distributori,A,2,180.12,360.24
R26-03-00970,2026-03-24,FT-2026-01052,CL-239,distributori,C,1,282.38,282.38
R26-03-00971,2026-03-24,FT-2026-01052,CL-239,distributori,B,1,113.54,113.54
R26-03-00972,2026-03-24,FT-2026-01094,CL-189,diretto,A,1,183.81,183.81
R26-03-00973,2026-03-24,FT-2026-01094,CL-189,diretto,B,1,117.07,117.07
R26-03-00974,2026-03-24,FT-2026-01094,CL-189,diretto,A,1,177.32,177.32
R26-03-00975,2026-03-24,FT-2026-01098,CL-029,diretto,B,1,119.71,119.71
R26-03-00976,2026-03-24,FT-2026-01098,CL-029,diretto,B,2,116.61,233.22
R26-03-00977,2026-03-24,FT-2026-01136,CL-007,diretto,B,2,114.68,229.36
R26-03-00978,2026-03-24,FT-2026-01136,CL-007,diretto,A,1,180.64,180.64
R26-03-00979,2026-03-24,FT-2026-01180,CL-011,diretto,B,2,116.01,232.02
R26-03-00980,2026-03-24,FT-2026-01180,CL-011,diretto,B,1,111.23,111.23
R26-03-00981,2026-03-24,FT-2026-01204,CL-237,distributori,C,2,288.72,577.44
R26-03-00982,2026-03-24,FT-2026-01204,CL-237,distributori,B,2,112.82,225.64
R26-03-00983,2026-03-24,FT-2026-01300,CL-232,distributori,B,2,112.70,225.40
R26-03-00984,2026-03-24,FT-2026-01300,CL-232,distributori,B,1,114.71,114.71
R26-03-00985,2026-03-24,FT-2026-01300,CL-232,distributori,B,1,112.72,112.72
R26-03-00986,2026-03-24,FT-2026-01331,CL-234,distributori,B,1,111.53,111.53
R26-03-00987,2026-03-24,FT-2026-01331,CL-234,distributori,A,1,186.02,186.02
R26-03-00988,2026-03-24,FT-2026-01347,CL-257,distributori,B,1,111.26,111.26
R26-03-00989,2026-03-24,FT-2026-01347,CL-257,distributori,B,1,114.08,114.08
R26-03-00990,2026-03-24,FT-2026-01347,CL-257,distributori,B,1,112.20,112.20
R26-03-00991,2026-03-24,FT-2026-01358,CL-250,distributori,B,1,111.17,111.17
R26-03-00992,2026-03-24,FT-2026-01358,CL-250,distributori,C,1,289.42,289.42
R26-03-00993,2026-03-24,FT-2026-01358,CL-250,distributori,C,1,300.00,300.00
R26-03-00994,2026-03-24,FT-2026-01360,CL-256,distributori,A,2,179.06,358.12
R26-03-00995,2026-03-24,FT-2026-01360,CL-256,distributori,C,2,293.65,587.30
R26-03-00996,2026-03-24,FT-2026-01360,CL-256,distributori,B,2,116.15,232.30
R26-03-00997,2026-03-24,FT-2026-01362,CL-221,distributori,B,1,112.44,112.44
R26-03-00998,2026-03-24,FT-2026-01362,CL-221,distributori,B,1,113.92,113.92
R26-03-00999,2026-03-24,FT-2026-01362,CL-221,distributori,C,2,297.99,595.98
R26-03-01000,2026-03-24,FT-2026-01368,CL-225,distributori,B,3,112.13,336.39
R26-03-01001,2026-03-24,FT-2026-01368,CL-225,distributori,B,2,112.12,224.24
R26-03-01002,2026-03-24,FT-2026-01381,CL-237,distributori,B,1,113.15,113.15
R26-03-01003,2026-03-24,FT-2026-01381,CL-237,distributori,B,2,115.83,231.66
R26-03-01004,2026-03-24,FT-2026-01397,CL-245,distributori,A,1,177.96,177.96
R26-03-01005,2026-03-24,FT-2026-01397,CL-245,distributori,B,1,111.27,111.27
R26-03-01006,2026-03-24,FT-2026-01405,CL-118,diretto,A,2,182.11,364.22
R26-03-01007,2026-03-24,FT-2026-01405,CL-118,diretto,B,1,111.40,111.40
R26-03-01008,2026-03-24,FT-2026-01405,CL-118,diretto,B,1,112.63,112.63
R26-03-01009,2026-03-24,FT-2026-01436,CL-245,distributori,B,1,114.74,114.74
R26-03-01010,2026-03-24,FT-2026-01436,CL-245,distributori,B,3,115.94,347.82
R26-03-01011,2026-03-24,FT-2026-01436,CL-245,distributori,B,1,111.65,111.65
R26-03-01012,2026-03-24,FT-2026-01443,CL-101,diretto,A,1,184.59,184.59
R26-03-01013,2026-03-24,FT-2026-01443,CL-101,diretto,B,2,116.26,232.52
R26-03-01014,2026-03-24,FT-2026-01443,CL-101,diretto,B,2,112.96,225.92
R26-03-01015,2026-03-24,FT-2026-01451,CL-235,distributori,A,1,177.05,177.05
R26-03-01016,2026-03-24,FT-2026-01451,CL-235,distributori,B,2,114.87,229.74
R26-03-01017,2026-03-24,FT-2026-01451,CL-235,distributori,A,1,179.81,179.81
R26-03-01018,2026-03-24,FT-2026-01460,CL-229,distributori,A,1,178.71,178.71
R26-03-01019,2026-03-24,FT-2026-01460,CL-229,distributori,B,1,113.69,113.69
R26-03-01020,2026-03-24,FT-2026-01473,CL-029,diretto,B,1,116.87,116.87
R26-03-01021,2026-03-24,FT-2026-01473,CL-029,diretto,A,2,182.01,364.02
R26-03-01022,2026-03-24,FT-2026-01473,CL-029,diretto,B,1,113.23,113.23
R26-03-01023,2026-03-25,FT-2026-01072,CL-222,distributori,A,1,177.95,177.95
R26-03-01024,2026-03-25,FT-2026-01072,CL-222,distributori,C,1,291.88,291.88
R26-03-01025,2026-03-25,FT-2026-01072,CL-222,distributori,B,2,111.76,223.52
R26-03-01026,2026-03-25,FT-2026-01077,CL-222,distributori,B,2,114.76,229.52
R26-03-01027,2026-03-25,FT-2026-01077,CL-222,distributori,B,1,113.04,113.04
R26-03-01028,2026-03-25,FT-2026-01090,CL-227,distributori,B,1,113.38,113.38
R26-03-01029,2026-03-25,FT-2026-01090,CL-227,distributori,B,1,116.52,116.52
R26-03-01030,2026-03-25,FT-2026-01107,CL-014,diretto,B,2,117.01,234.02
R26-03-01031,2026-03-25,FT-2026-01107,CL-014,diretto,B,2,113.74,227.48
R26-03-01032,2026-03-25,FT-2026-01107,CL-014,diretto,B,1,113.32,113.32
R26-03-01033,2026-03-25,FT-2026-01108,CL-027,diretto,B,1,118.54,118.54
R26-03-01034,2026-03-25,FT-2026-01108,CL-027,diretto,A,1,179.56,179.56
R26-03-01035,2026-03-25,FT-2026-01108,CL-027,diretto,B,1,111.60,111.60
R26-03-01036,2026-03-25,FT-2026-01112,CL-238,distributori,C,1,291.38,291.38
R26-03-01037,2026-03-25,FT-2026-01112,CL-238,distributori,B,1,111.28,111.28
R26-03-01038,2026-03-25,FT-2026-01112,CL-238,distributori,B,1,111.81,111.81
R26-03-01039,2026-03-25,FT-2026-01168,CL-243,distributori,B,2,113.05,226.10
R26-03-01040,2026-03-25,FT-2026-01168,CL-243,distributori,B,1,115.11,115.11
R26-03-01041,2026-03-25,FT-2026-01168,CL-243,distributori,C,1,298.37,298.37
R26-03-01042,2026-03-25,FT-2026-01169,CL-226,distributori,A,1,177.35,177.35
R26-03-01043,2026-03-25,FT-2026-01169,CL-226,distributori,A,2,184.83,369.66
R26-03-01044,2026-03-25,FT-2026-01194,CL-209,diretto,A,1,186.04,186.04
R26-03-01045,2026-03-25,FT-2026-01194,CL-209,diretto,B,2,111.97,223.94
R26-03-01046,2026-03-25,FT-2026-01194,CL-209,diretto,B,1,115.81,115.81
R26-03-01047,2026-03-25,FT-2026-01209,CL-244,distributori,A,2,178.03,356.06
R26-03-01048,2026-03-25,FT-2026-01209,CL-244,distributori,B,1,113.79,113.79
R26-03-01049,2026-03-25,FT-2026-01230,CL-015,diretto,C,1,303.03,303.03
R26-03-01050,2026-03-25,FT-2026-01230,CL-015,diretto,C,1,288.81,288.81
R26-03-01051,2026-03-25,FT-2026-01263,CL-225,distributori,A,1,176.83,176.83
R26-03-01052,2026-03-25,FT-2026-01263,CL-225,distributori,B,4,113.53,454.12
R26-03-01053,2026-03-25,FT-2026-01263,CL-225,distributori,B,2,112.29,224.58
R26-03-01054,2026-03-25,FT-2026-01282,CL-234,distributori,B,2,111.69,223.38
R26-03-01055,2026-03-25,FT-2026-01282,CL-234,distributori,C,3,293.37,880.11
R26-03-01056,2026-03-25,FT-2026-01282,CL-234,distributori,B,1,113.99,113.99
R26-03-01057,2026-03-25,FT-2026-01293,CL-242,distributori,A,2,180.85,361.70
R26-03-01058,2026-03-25,FT-2026-01293,CL-242,distributori,B,1,112.72,112.72
R26-03-01059,2026-03-25,FT-2026-01294,CL-220,distributori,B,1,114.80,114.80
R26-03-01060,2026-03-25,FT-2026-01294,CL-220,distributori,B,1,111.91,111.91
R26-03-01061,2026-03-25,FT-2026-01338,CL-220,distributori,A,1,177.98,177.98
R26-03-01062,2026-03-25,FT-2026-01338,CL-220,distributori,B,1,111.63,111.63
R26-03-01063,2026-03-25,FT-2026-01338,CL-220,distributori,B,2,111.94,223.88
R26-03-01064,2026-03-25,FT-2026-01422,CL-001,diretto,A,1,181.83,181.83
R26-03-01065,2026-03-25,FT-2026-01422,CL-001,diretto,A,1,179.88,179.88
R26-03-01066,2026-03-25,FT-2026-01461,CL-016,diretto,A,1,182.09,182.09
R26-03-01067,2026-03-25,FT-2026-01461,CL-016,diretto,A,1,183.40,183.40
R26-03-01068,2026-03-25,FT-2026-01471,CL-243,distributori,A,1,179.60,179.60
R26-03-01069,2026-03-25,FT-2026-01471,CL-243,distributori,C,1,291.82,291.82
R26-03-01070,2026-03-26,FT-2026-01004,CL-240,distributori,B,1,113.81,113.81
R26-03-01071,2026-03-26,FT-2026-01004,CL-240,distributori,B,1,114.64,114.64
R26-03-01072,2026-03-26,FT-2026-01004,CL-240,distributori,A,2,180.80,361.60
R26-03-01073,2026-03-26,FT-2026-01015,CL-240,distributori,B,2,112.66,225.32
R26-03-01074,2026-03-26,FT-2026-01015,CL-240,distributori,B,3,111.75,335.25
R26-03-01075,2026-03-26,FT-2026-01015,CL-240,distributori,B,2,114.25,228.50
R26-03-01076,2026-03-26,FT-2026-01032,CL-027,diretto,B,1,116.42,116.42
R26-03-01077,2026-03-26,FT-2026-01032,CL-027,diretto,B,1,112.14,112.14
R26-03-01078,2026-03-26,FT-2026-01032,CL-027,diretto,B,1,113.38,113.38
R26-03-01079,2026-03-26,FT-2026-01081,CL-172,diretto,B,1,114.91,114.91
R26-03-01080,2026-03-26,FT-2026-01081,CL-172,diretto,B,2,114.86,229.72
R26-03-01081,2026-03-26,FT-2026-01081,CL-172,diretto,B,2,116.00,232.00
R26-03-01082,2026-03-26,FT-2026-01095,CL-036,diretto,B,2,115.82,231.64
R26-03-01083,2026-03-26,FT-2026-01095,CL-036,diretto,A,3,177.36,532.08
R26-03-01084,2026-03-26,FT-2026-01095,CL-036,diretto,B,1,112.63,112.63
R26-03-01085,2026-03-26,FT-2026-01159,CL-229,distributori,B,1,116.99,116.99
R26-03-01086,2026-03-26,FT-2026-01159,CL-229,distributori,B,1,113.13,113.13
R26-03-01087,2026-03-26,FT-2026-01159,CL-229,distributori,B,1,112.41,112.41
R26-03-01088,2026-03-26,FT-2026-01171,CL-025,diretto,C,1,297.58,297.58
R26-03-01089,2026-03-26,FT-2026-01171,CL-025,diretto,B,1,116.28,116.28
R26-03-01090,2026-03-26,FT-2026-01171,CL-025,diretto,A,2,178.24,356.48
R26-03-01091,2026-03-26,FT-2026-01207,CL-027,diretto,B,1,115.74,115.74
R26-03-01092,2026-03-26,FT-2026-01207,CL-027,diretto,A,1,180.63,180.63
R26-03-01093,2026-03-26,FT-2026-01207,CL-027,diretto,A,1,179.36,179.36
R26-03-01094,2026-03-26,FT-2026-01241,CL-039,diretto,B,1,118.26,118.26
R26-03-01095,2026-03-26,FT-2026-01241,CL-039,diretto,A,2,177.00,354.00
R26-03-01096,2026-03-26,FT-2026-01241,CL-039,diretto,A,4,177.40,709.60
R26-03-01097,2026-03-26,FT-2026-01279,CL-244,distributori,A,1,178.08,178.08
R26-03-01098,2026-03-26,FT-2026-01279,CL-244,distributori,A,1,184.84,184.84
R26-03-01099,2026-03-26,FT-2026-01279,CL-244,distributori,A,4,178.26,713.04
R26-03-01100,2026-03-26,FT-2026-01310,CL-227,distributori,A,2,180.63,361.26
R26-03-01101,2026-03-26,FT-2026-01310,CL-227,distributori,B,2,112.33,224.66
R26-03-01102,2026-03-26,FT-2026-01310,CL-227,distributori,A,1,182.96,182.96
R26-03-01103,2026-03-26,FT-2026-01311,CL-021,diretto,A,2,188.87,377.74
R26-03-01104,2026-03-26,FT-2026-01311,CL-021,diretto,A,1,179.82,179.82
R26-03-01105,2026-03-26,FT-2026-01316,CL-238,distributori,C,1,290.09,290.09
R26-03-01106,2026-03-26,FT-2026-01316,CL-238,distributori,B,1,111.28,111.28
R26-03-01107,2026-03-26,FT-2026-01316,CL-238,distributori,B,1,112.18,112.18
R26-03-01108,2026-03-26,FT-2026-01323,CL-030,diretto,B,1,115.56,115.56
R26-03-01109,2026-03-26,FT-2026-01323,CL-030,diretto,B,3,117.59,352.77
R26-03-01110,2026-03-26,FT-2026-01341,CL-229,distributori,C,1,286.76,286.76
R26-03-01111,2026-03-26,FT-2026-01341,CL-229,distributori,B,1,116.41,116.41
R26-03-01112,2026-03-26,FT-2026-01371,CL-224,distributori,B,1,116.56,116.56
R26-03-01113,2026-03-26,FT-2026-01371,CL-224,distributori,A,2,179.90,359.80
R26-03-01114,2026-03-26,FT-2026-01383,CL-014,diretto,B,1,116.30,116.30
R26-03-01115,2026-03-26,FT-2026-01383,CL-014,diretto,B,1,112.48,112.48
R26-03-01116,2026-03-26,FT-2026-01383,CL-014,diretto,A,1,179.76,179.76
R26-03-01117,2026-03-26,FT-2026-01388,CL-027,diretto,A,1,186.29,186.29
R26-03-01118,2026-03-26,FT-2026-01388,CL-027,diretto,B,2,115.43,230.86
R26-03-01119,2026-03-26,FT-2026-01388,CL-027,diretto,B,1,116.60,116.60
R26-03-01120,2026-03-26,FT-2026-01396,CL-021,diretto,B,1,114.12,114.12
R26-03-01121,2026-03-26,FT-2026-01396,CL-021,diretto,B,1,112.01,112.01
R26-03-01122,2026-03-26,FT-2026-01411,CL-222,distributori,A,2,182.13,364.26
R26-03-01123,2026-03-26,FT-2026-01411,CL-222,distributori,B,2,111.89,223.78
R26-03-01124,2026-03-26,FT-2026-01454,CL-250,distributori,B,2,113.18,226.36
R26-03-01125,2026-03-26,FT-2026-01454,CL-250,distributori,A,1,179.02,179.02
R26-03-01126,2026-03-26,FT-2026-01459,CL-014,diretto,B,2,118.27,236.54
R26-03-01127,2026-03-26,FT-2026-01459,CL-014,diretto,B,2,117.10,234.20
R26-03-01128,2026-03-26,FT-2026-01459,CL-014,diretto,B,1,112.84,112.84
R26-03-01129,2026-03-26,FT-2026-01465,CL-240,distributori,B,1,112.99,112.99
R26-03-01130,2026-03-26,FT-2026-01465,CL-240,distributori,B,3,111.24,333.72
R26-03-01131,2026-03-26,FT-2026-01465,CL-240,distributori,B,1,115.72,115.72
R26-03-01132,2026-03-27,FT-2026-01044,CL-230,distributori,B,2,115.51,231.02
R26-03-01133,2026-03-27,FT-2026-01044,CL-230,distributori,C,1,295.86,295.86
R26-03-01134,2026-03-27,FT-2026-01044,CL-230,distributori,B,3,116.30,348.90
R26-03-01135,2026-03-27,FT-2026-01050,CL-252,distributori,B,1,113.33,113.33
R26-03-01136,2026-03-27,FT-2026-01050,CL-252,distributori,A,2,181.52,363.04
R26-03-01137,2026-03-27,FT-2026-01061,CL-244,distributori,C,1,285.94,285.94
R26-03-01138,2026-03-27,FT-2026-01061,CL-244,distributori,A,2,179.13,358.26
R26-03-01139,2026-03-27,FT-2026-01085,CL-035,diretto,B,1,115.86,115.86
R26-03-01140,2026-03-27,FT-2026-01085,CL-035,diretto,B,2,119.58,239.16
R26-03-01141,2026-03-27,FT-2026-01089,CL-258,distributori,C,3,285.64,856.92
R26-03-01142,2026-03-27,FT-2026-01089,CL-258,distributori,B,2,112.94,225.88
R26-03-01143,2026-03-27,FT-2026-01091,CL-007,diretto,A,1,184.39,184.39
R26-03-01144,2026-03-27,FT-2026-01091,CL-007,diretto,B,1,115.51,115.51
R26-03-01145,2026-03-27,FT-2026-01134,CL-237,distributori,B,1,111.92,111.92
R26-03-01146,2026-03-27,FT-2026-01134,CL-237,distributori,B,2,113.27,226.54
R26-03-01147,2026-03-27,FT-2026-01160,CL-256,distributori,C,2,288.14,576.28
R26-03-01148,2026-03-27,FT-2026-01160,CL-256,distributori,B,2,115.59,231.18
R26-03-01149,2026-03-27,FT-2026-01160,CL-256,distributori,B,1,115.95,115.95
R26-03-01150,2026-03-27,FT-2026-01185,CL-240,distributori,B,1,114.66,114.66
R26-03-01151,2026-03-27,FT-2026-01185,CL-240,distributori,B,2,113.78,227.56
R26-03-01152,2026-03-27,FT-2026-01185,CL-240,distributori,A,2,180.13,360.26
R26-03-01153,2026-03-27,FT-2026-01189,CL-039,diretto,B,1,114.64,114.64
R26-03-01154,2026-03-27,FT-2026-01189,CL-039,diretto,B,3,111.49,334.47
R26-03-01155,2026-03-27,FT-2026-01212,CL-230,distributori,B,1,119.17,119.17
R26-03-01156,2026-03-27,FT-2026-01212,CL-230,distributori,A,1,185.56,185.56
R26-03-01157,2026-03-27,FT-2026-01251,CL-244,distributori,A,2,178.39,356.78
R26-03-01158,2026-03-27,FT-2026-01251,CL-244,distributori,B,1,113.70,113.70
R26-03-01159,2026-03-27,FT-2026-01251,CL-244,distributori,A,2,181.88,363.76
R26-03-01160,2026-03-27,FT-2026-01260,CL-121,diretto,A,2,184.46,368.92
R26-03-01161,2026-03-27,FT-2026-01260,CL-121,diretto,B,1,116.19,116.19
R26-03-01162,2026-03-27,FT-2026-01261,CL-014,diretto,A,1,181.18,181.18
R26-03-01163,2026-03-27,FT-2026-01261,CL-014,diretto,B,1,113.30,113.30
R26-03-01164,2026-03-27,FT-2026-01264,CL-219,distributori,B,1,111.60,111.60
R26-03-01165,2026-03-27,FT-2026-01264,CL-219,distributori,A,1,180.04,180.04
R26-03-01166,2026-03-27,FT-2026-01264,CL-219,distributori,B,2,111.95,223.90
R26-03-01167,2026-03-27,FT-2026-01276,CL-221,distributori,A,1,180.00,180.00
R26-03-01168,2026-03-27,FT-2026-01276,CL-221,distributori,B,1,113.10,113.10
R26-03-01169,2026-03-27,FT-2026-01276,CL-221,distributori,B,1,116.71,116.71
R26-03-01170,2026-03-27,FT-2026-01307,CL-035,diretto,B,3,115.43,346.29
R26-03-01171,2026-03-27,FT-2026-01307,CL-035,diretto,B,2,112.93,225.86
R26-03-01172,2026-03-27,FT-2026-01307,CL-035,diretto,B,1,113.72,113.72
R26-03-01173,2026-03-27,FT-2026-01318,CL-240,distributori,B,2,113.22,226.44
R26-03-01174,2026-03-27,FT-2026-01318,CL-240,distributori,C,1,291.71,291.71
R26-03-01175,2026-03-27,FT-2026-01366,CL-037,diretto,A,2,181.93,363.86
R26-03-01176,2026-03-27,FT-2026-01366,CL-037,diretto,A,1,185.77,185.77
R26-03-01177,2026-03-27,FT-2026-01379,CL-226,distributori,B,1,112.06,112.06
R26-03-01178,2026-03-27,FT-2026-01379,CL-226,distributori,B,1,114.57,114.57
R26-03-01179,2026-03-27,FT-2026-01407,CL-011,diretto,A,2,185.38,370.76
R26-03-01180,2026-03-27,FT-2026-01407,CL-011,diretto,A,1,180.77,180.77
R26-03-01181,2026-03-27,FT-2026-01407,CL-011,diretto,B,3,116.09,348.27
R26-03-01182,2026-03-27,FT-2026-01419,CL-258,distributori,A,1,178.76,178.76
R26-03-01183,2026-03-27,FT-2026-01419,CL-258,distributori,B,1,116.87,116.87
R26-03-01184,2026-03-27,FT-2026-01419,CL-258,distributori,B,1,115.57,115.57
R26-03-01185,2026-03-27,FT-2026-01468,CL-234,distributori,B,1,113.31,113.31
R26-03-01186,2026-03-27,FT-2026-01468,CL-234,distributori,A,1,180.42,180.42
R26-03-01187,2026-03-27,FT-2026-01495,CL-234,distributori,B,1,112.46,112.46
R26-03-01188,2026-03-27,FT-2026-01495,CL-234,distributori,B,1,115.84,115.84
R26-03-01189,2026-03-27,FT-2026-01495,CL-234,distributori,B,1,112.25,112.25
R26-03-01190,2026-03-30,FT-2026-01019,CL-220,distributori,A,1,176.96,176.96
R26-03-01191,2026-03-30,FT-2026-01019,CL-220,distributori,B,2,111.87,223.74
R26-03-01192,2026-03-30,FT-2026-01022,CL-040,diretto,B,1,114.96,114.96
R26-03-01193,2026-03-30,FT-2026-01022,CL-040,diretto,B,1,111.15,111.15
R26-03-01194,2026-03-30,FT-2026-01029,CL-223,distributori,B,1,112.54,112.54
R26-03-01195,2026-03-30,FT-2026-01029,CL-223,distributori,A,1,183.19,183.19
R26-03-01196,2026-03-30,FT-2026-01029,CL-223,distributori,A,3,180.98,542.94
R26-03-01197,2026-03-30,FT-2026-01047,CL-078,diretto,C,1,292.90,292.90
R26-03-01198,2026-03-30,FT-2026-01047,CL-078,diretto,A,1,179.34,179.34
R26-03-01199,2026-03-30,FT-2026-01063,CL-254,distributori,A,2,182.14,364.28
R26-03-01200,2026-03-30,FT-2026-01063,CL-254,distributori,B,2,111.49,222.98
R26-03-01201,2026-03-30,FT-2026-01115,CL-020,diretto,B,1,117.57,117.57
R26-03-01202,2026-03-30,FT-2026-01115,CL-020,diretto,B,2,114.62,229.24
R26-03-01203,2026-03-30,FT-2026-01126,CL-219,distributori,A,1,180.21,180.21
R26-03-01204,2026-03-30,FT-2026-01126,CL-219,distributori,A,1,180.77,180.77
R26-03-01205,2026-03-30,FT-2026-01126,CL-219,distributori,C,2,292.60,585.20
R26-03-01206,2026-03-30,FT-2026-01132,CL-226,distributori,B,1,112.99,112.99
R26-03-01207,2026-03-30,FT-2026-01132,CL-226,distributori,A,3,177.52,532.56
R26-03-01208,2026-03-30,FT-2026-01145,CL-024,diretto,B,2,116.17,232.34
R26-03-01209,2026-03-30,FT-2026-01145,CL-024,diretto,C,2,284.31,568.62
R26-03-01210,2026-03-30,FT-2026-01149,CL-233,distributori,B,1,112.75,112.75
R26-03-01211,2026-03-30,FT-2026-01149,CL-233,distributori,B,3,113.99,341.97
R26-03-01212,2026-03-30,FT-2026-01166,CL-250,distributori,B,1,112.80,112.80
R26-03-01213,2026-03-30,FT-2026-01166,CL-250,distributori,B,2,114.22,228.44
R26-03-01214,2026-03-30,FT-2026-01166,CL-250,distributori,A,1,185.50,185.50
R26-03-01215,2026-03-30,FT-2026-01196,CL-220,distributori,B,1,116.77,116.77
R26-03-01216,2026-03-30,FT-2026-01196,CL-220,distributori,B,1,112.58,112.58
R26-03-01217,2026-03-30,FT-2026-01210,CL-232,distributori,B,2,112.01,224.02
R26-03-01218,2026-03-30,FT-2026-01210,CL-232,distributori,A,1,179.00,179.00
R26-03-01219,2026-03-30,FT-2026-01228,CL-177,diretto,B,1,114.64,114.64
R26-03-01220,2026-03-30,FT-2026-01228,CL-177,diretto,A,1,181.00,181.00
R26-03-01221,2026-03-30,FT-2026-01228,CL-177,diretto,B,1,116.07,116.07
R26-03-01222,2026-03-30,FT-2026-01253,CL-222,distributori,A,2,178.36,356.72
R26-03-01223,2026-03-30,FT-2026-01253,CL-222,distributori,A,1,181.57,181.57
R26-03-01224,2026-03-30,FT-2026-01253,CL-222,distributori,C,2,282.17,564.34
R26-03-01225,2026-03-30,FT-2026-01269,CL-253,distributori,A,1,179.36,179.36
R26-03-01226,2026-03-30,FT-2026-01269,CL-253,distributori,B,4,113.86,455.44
R26-03-01227,2026-03-30,FT-2026-01269,CL-253,distributori,A,1,179.48,179.48
R26-03-01228,2026-03-30,FT-2026-01319,CL-242,distributori,B,1,112.72,112.72
R26-03-01229,2026-03-30,FT-2026-01319,CL-242,distributori,B,1,114.82,114.82
R26-03-01230,2026-03-30,FT-2026-01324,CL-250,distributori,B,1,113.71,113.71
R26-03-01231,2026-03-30,FT-2026-01324,CL-250,distributori,B,1,112.63,112.63
R26-03-01232,2026-03-30,FT-2026-01324,CL-250,distributori,A,3,179.35,538.05
R26-03-01233,2026-03-30,FT-2026-01339,CL-019,diretto,A,-1,182.00,-182.00
R26-03-01234,2026-03-30,FT-2026-01339,CL-019,diretto,B,1,113.54,113.54
R26-03-01235,2026-03-30,FT-2026-01339,CL-019,diretto,A,1,185.94,185.94
R26-03-01236,2026-03-30,FT-2026-01378,CL-227,distributori,B,3,112.72,338.16
R26-03-01237,2026-03-30,FT-2026-01378,CL-227,distributori,B,2,113.55,227.10
R26-03-01238,2026-03-30,FT-2026-01390,CL-230,distributori,B,1,113.35,113.35
R26-03-01239,2026-03-30,FT-2026-01390,CL-230,distributori,B,2,112.74,225.48
R26-03-01240,2026-03-30,FT-2026-01390,CL-230,distributori,A,1,187.35,187.35
R26-03-01241,2026-03-30,FT-2026-01415,CL-227,distributori,B,2,112.40,224.80
R26-03-01242,2026-03-30,FT-2026-01415,CL-227,distributori,B,3,112.57,337.71
R26-03-01243,2026-03-30,FT-2026-01457,CL-236,distributori,B,1,112.92,112.92
R26-03-01244,2026-03-30,FT-2026-01457,CL-236,distributori,B,1,114.19,114.19
R26-03-01245,2026-03-30,FT-2026-01457,CL-236,distributori,B,2,111.98,223.96
R26-03-01246,2026-03-30,FT-2026-01486,CL-238,distributori,B,1,116.78,116.78
R26-03-01247,2026-03-30,FT-2026-01486,CL-238,distributori,A,3,177.07,531.21
R26-03-01248,2026-03-31,FT-2026-01009,CL-250,distributori,A,2,177.48,354.96
R26-03-01249,2026-03-31,FT-2026-01009,CL-250,distributori,B,2,114.54,229.08
R26-03-01250,2026-03-31,FT-2026-01020,CL-226,distributori,B,1,111.30,111.30
R26-03-01251,2026-03-31,FT-2026-01020,CL-226,distributori,B,1,116.17,116.17
R26-03-01252,2026-03-31,FT-2026-01059,CL-146,diretto,B,1,115.75,115.75
R26-03-01253,2026-03-31,FT-2026-01059,CL-146,diretto,C,1,282.94,282.94
R26-03-01254,2026-03-31,FT-2026-01059,CL-146,diretto,B,2,116.79,233.58
R26-03-01255,2026-03-31,FT-2026-01109,CL-246,distributori,B,1,112.48,112.48
R26-03-01256,2026-03-31,FT-2026-01109,CL-246,distributori,A,1,184.00,184.00
R26-03-01257,2026-03-31,FT-2026-01125,CL-220,distributori,B,1,111.43,111.43
R26-03-01258,2026-03-31,FT-2026-01125,CL-220,distributori,B,2,113.76,227.52
R26-03-01259,2026-03-31,FT-2026-01127,CL-021,diretto,B,1,114.71,114.71
R26-03-01260,2026-03-31,FT-2026-01127,CL-021,diretto,A,1,176.82,176.82
R26-03-01261,2026-03-31,FT-2026-01127,CL-021,diretto,A,1,176.75,176.75
R26-03-01262,2026-03-31,FT-2026-01128,CL-220,distributori,C,1,284.24,284.24
R26-03-01263,2026-03-31,FT-2026-01128,CL-220,distributori,B,1,113.77,113.77
R26-03-01264,2026-03-31,FT-2026-01147,CL-258,distributori,B,1,111.99,111.99
R26-03-01265,2026-03-31,FT-2026-01147,CL-258,distributori,A,1,176.99,176.99
R26-03-01266,2026-03-31,FT-2026-01147,CL-258,distributori,B,2,112.30,224.60
R26-03-01267,2026-03-31,FT-2026-01150,CL-196,diretto,C,3,295.89,887.67
R26-03-01268,2026-03-31,FT-2026-01150,CL-196,diretto,A,1,177.05,177.05
R26-03-01269,2026-03-31,FT-2026-01162,CL-036,diretto,B,3,114.93,344.79
R26-03-01270,2026-03-31,FT-2026-01162,CL-036,diretto,A,2,176.90,353.80
R26-03-01271,2026-03-31,FT-2026-01162,CL-036,diretto,A,2,184.80,369.60
R26-03-01272,2026-03-31,FT-2026-01175,CL-072,diretto,B,1,115.90,115.90
R26-03-01273,2026-03-31,FT-2026-01175,CL-072,diretto,A,1,184.77,184.77
R26-03-01274,2026-03-31,FT-2026-01175,CL-072,diretto,C,1,282.02,282.02
R26-03-01275,2026-03-31,FT-2026-01277,CL-014,diretto,A,1,183.37,183.37
R26-03-01276,2026-03-31,FT-2026-01277,CL-014,diretto,A,1,183.66,183.66
R26-03-01277,2026-03-31,FT-2026-01277,CL-014,diretto,B,3,112.70,338.10
R26-03-01278,2026-03-31,FT-2026-01355,CL-258,distributori,B,2,112.23,224.46
R26-03-01279,2026-03-31,FT-2026-01355,CL-258,distributori,A,1,185.33,185.33
R26-03-01280,2026-03-31,FT-2026-01355,CL-258,distributori,B,3,116.00,348.00
R26-03-01281,2026-03-31,FT-2026-01382,CL-241,distributori,B,2,111.72,223.44
R26-03-01282,2026-03-31,FT-2026-01382,CL-241,distributori,A,1,177.06,177.06
R26-03-01283,2026-03-31,FT-2026-01404,CL-039,diretto,B,2,114.46,228.92
R26-03-01284,2026-03-31,FT-2026-01404,CL-039,diretto,B,1,116.41,116.41
R26-03-01285,2026-03-31,FT-2026-01426,CL-021,diretto,B,1,114.22,114.22
R26-03-01286,2026-03-31,FT-2026-01426,CL-021,diretto,C,1,287.90,287.90
