rilevazione_id,mese,centro,ore_macchina_rilevate
RIL-2025-001,2025-01,Reparto di lavorazione,486.0
RIL-2025-002,2025-01,Reparto di lavorazione,486.0
RIL-2025-003,2025-01,Reparto di lavorazione,486.0
RIL-2025-004,2025-01,Reparto di lavorazione,487.0
RIL-2025-005,2025-02,Reparto di lavorazione,491.0
RIL-2025-006,2025-02,Reparto di lavorazione,491.0
RIL-2025-007,2025-02,Reparto di lavorazione,491.0
RIL-2025-008,2025-02,Reparto di lavorazione,492.0
RIL-2025-009,2025-03,Reparto di lavorazione,517.5
RIL-2025-010,2025-03,Reparto di lavorazione,517.5
RIL-2025-011,2025-03,Reparto di lavorazione,517.5
RIL-2025-012,2025-03,Reparto di lavorazione,517.5
RIL-2025-013,2025-04,Reparto di lavorazione,507.5
RIL-2025-014,2025-04,Reparto di lavorazione,507.5
RIL-2025-015,2025-04,Reparto di lavorazione,507.5
RIL-2025-016,2025-04,Reparto di lavorazione,507.5
RIL-2025-017,2025-05,Reparto di lavorazione,523.5
RIL-2025-018,2025-05,Reparto di lavorazione,523.5
RIL-2025-019,2025-05,Reparto di lavorazione,523.5
RIL-2025-020,2025-05,Reparto di lavorazione,524.5
RIL-2025-021,2025-06,Reparto di lavorazione,513.5
RIL-2025-022,2025-06,Reparto di lavorazione,513.5
RIL-2025-023,2025-06,Reparto di lavorazione,513.5
RIL-2025-024,2025-06,Reparto di lavorazione,514.5
RIL-2025-025,2025-07,Reparto di lavorazione,533.5
RIL-2025-026,2025-07,Reparto di lavorazione,533.5
RIL-2025-027,2025-07,Reparto di lavorazione,533.5
RIL-2025-028,2025-07,Reparto di lavorazione,534.5
RIL-2025-029,2025-08,Reparto di lavorazione,450.0
RIL-2025-030,2025-08,Reparto di lavorazione,450.0
RIL-2025-031,2025-08,Reparto di lavorazione,450.0
RIL-2025-032,2025-08,Reparto di lavorazione,450.0
RIL-2025-033,2025-09,Reparto di lavorazione,517.5
RIL-2025-034,2025-09,Reparto di lavorazione,517.5
RIL-2025-035,2025-09,Reparto di lavorazione,517.5
RIL-2025-036,2025-09,Reparto di lavorazione,517.5
RIL-2025-037,2025-10,Reparto di lavorazione,520.0
RIL-2025-038,2025-10,Reparto di lavorazione,520.0
RIL-2025-039,2025-10,Reparto di lavorazione,520.0
RIL-2025-040,2025-10,Reparto di lavorazione,520.0
RIL-2025-041,2025-11,Reparto di lavorazione,488.5
RIL-2025-042,2025-11,Reparto di lavorazione,488.5
RIL-2025-043,2025-11,Reparto di lavorazione,488.5
RIL-2025-044,2025-11,Reparto di lavorazione,489.5
RIL-2025-045,2025-12,Reparto di lavorazione,450.0
RIL-2025-046,2025-12,Reparto di lavorazione,450.0
RIL-2025-047,2025-12,Reparto di lavorazione,450.0
RIL-2025-048,2025-12,Reparto di lavorazione,450.0
